ClothID,Age,Review Title,Customer Rating,Positive Review Count,Section,Department,Category,Online Time,Cost,Recommended IND
833,54,Beautiful blouse,5,0,General Petite,Tops,Blouses,678,49.96,1
1047,37,No title provided,5,0,General Petite,Bottoms,Pants,549,80.12,1
1095,27,Cute :),4,0,General,Dresses,Dresses,791,93.07,1
868,46,Blousy top,4,3,General,Tops,Knits,1006,68.12,1
970,34,No title provided,3,3,General Petite,Jackets,Jackets,630,107.14,0
834,53,"Cute top, flatters large bust",5,0,General,Tops,Blouses,362,49.52,1
528,50,Love this romper,4,0,General,Bottoms,Shorts,1031,44.11,1
1096,43,Gorgeous!,5,0,General,Dresses,Dresses,324,90.16,1
870,25,"Strange fit, nice fabric and stitching",2,1,General,Tops,Knits,1699,72.25,0
863,30,No title provided,5,1,General,Tops,Knits,208,70.52,1
926,39,Warm and nice,3,0,General,Tops,Sweaters,653,70.72,1
936,42,Flattering!,5,0,General Petite,Tops,Sweaters,232,76.18,1
1086,46,Classic winter,5,0,General Petite,Dresses,Dresses,219,97.04,1
829,25,No title provided,4,1,General,Tops,Blouses,216,47.9,1
1086,36,Clings to the body,2,8,General Petite,Dresses,Dresses,1059,97.04,0
1008,53,"Not red, not orange...",5,0,General,Bottoms,Skirts,423,61.13,1
862,49,Cardigan,5,0,General,Tops,Knits,623,73.64,1
1116,47,Beautiful but too wide for my petite frame,4,0,General,Jackets,Outerwear,472,112.45,1
1055,34,Not for me!,3,1,General Petite,Bottoms,Pants,707,81.0,0
863,70,Cute tees,4,0,General,Tops,Knits,154,70.52,1
863,64,Cute as can be,5,0,General,Tops,Knits,277,70.52,1
638,70,Siamese cat pattern,5,0,Intimates,Intimate,Legwear,256,66.66,1
663,49,Perfect summer dress,5,0,Intimates,Intimate,Lounge,365,97.55,1
1086,47,More colors please!,4,2,General Petite,Dresses,Dresses,789,97.04,1
862,25,Poor quality,1,0,General,Tops,Knits,1121,73.64,0
1094,26,Love the stitching details,4,0,General Petite,Dresses,Dresses,292,91.47,1
1060,63,Why is it so big?,3,0,General Petite,Bottoms,Pants,486,75.43,1
867,27,Ehh not a fan :/,2,0,General,Tops,Knits,1850,74.79,0
899,33,No title provided,5,0,General,Tops,Fine Gauge,444,37.31,1
867,58,Classic but with an edge,5,8,General Petite,Tops,Knits,752,74.79,1
451,48,Easy machine washable dress,5,22,General Petite,Intimate,Lounge,624,66.6,1
1081,40,Charming dress,5,0,General Petite,Dresses,Dresses,483,91.73,1
981,32,Cute vest,5,0,General Petite,Jackets,Jackets,643,81.6,1
820,76,"Beautiful, flowy,",5,0,General,Tops,Blouses,200,53.36,1
873,47,Adorable,5,0,General,Tops,Knits,178,75.3,1
829,55,Love this blouse,5,0,General,Tops,Blouses,486,47.9,1
850,43,Too short!,3,19,General,Tops,Blouses,980,49.55,0
862,32,Great addition to my wardrobe!,5,0,General Petite,Tops,Knits,639,73.64,1
391,38,Adorable! very flattering!,5,2,Intimates,Intimate,Swim,755,69.09,1
820,61,No title provided,1,0,General Petite,Tops,Blouses,1980,53.36,0
862,44,No title provided,5,1,General,Tops,Knits,352,73.64,1
873,35,Such a cute top,1,0,General,Tops,Knits,2946,75.3,0
1079,31,"Very cute, but runs small and buttons break",2,3,General,Dresses,Dresses,814,89.22,0
1110,29,Love/hate relationship with this dress,3,5,General,Dresses,Dresses,275,94.49,1
1110,60,No title provided,5,1,General,Dresses,Dresses,750,94.49,1
868,35,Peplum hem tee,3,2,General,Tops,Knits,730,68.12,1
1037,58,No title provided,4,0,General Petite,Bottoms,Jeans,987,83.76,1
988,41,So small!,4,3,General Petite,Bottoms,Skirts,385,56.33,1
868,48,Unflattering cut,3,0,General,Tops,Knits,371,68.12,0
1065,32,"Cute, bad fit!",3,1,General,Bottoms,Pants,1094,58.47,0
1026,47,No title provided,5,0,General,Bottoms,Jeans,260,96.69,1
863,36,Great top,5,2,General Petite,Tops,Knits,644,70.52,1
1110,24,Velvet maxi dress for the win,5,12,General,Dresses,Dresses,677,94.49,1
907,56,Cute but not for me,4,1,General,Tops,Fine Gauge,683,42.56,1
984,35,Love! my new favorite jacket!,5,0,General,Jackets,Jackets,344,120.15,1
1052,35,Jumpsuit fever,4,2,General Petite,Bottoms,Pants,435,72.58,1
1083,41,Amazing,5,0,General,Dresses,Dresses,231,93.86,1
713,49,No title provided,5,0,Intimates,Intimate,Lounge,558,73.76,1
830,51,Beautiful top,5,8,General Petite,Tops,Blouses,732,48.89,1
1056,52,So comfortable!,5,0,General Petite,Bottoms,Pants,359,74.82,1
864,34,No title provided,4,0,General Petite,Tops,Knits,993,70.18,1
862,51,Basic and dressy,5,10,General,Tops,Knits,608,73.64,1
1078,30,Cute but arrived dirty,3,0,General,Dresses,Dresses,448,93.72,1
1022,27,"My favorite pair of jeans, however, they get baggy",3,2,General,Bottoms,Jeans,910,86.44,1
884,45,Tight in all the wrong places...,2,3,General Petite,Tops,Knits,1783,58.42,0
1086,34,No title provided,1,1,General,Dresses,Dresses,3582,97.04,0
1056,57,Favorite brand,5,0,General Petite,Bottoms,Pants,590,74.82,1
861,43,Cropped,2,4,General,Tops,Knits,606,72.0,0
1066,37,Surprisingly versatile,5,0,General,Bottoms,Pants,427,73.42,1
1078,48,Great summer dress,5,1,General,Dresses,Dresses,662,93.72,1
1030,42,Grew on me...,5,1,General,Bottoms,Jeans,434,97.28,1
1081,48,Nice but runs really small!,4,9,General Petite,Dresses,Dresses,139,91.73,1
1074,45,Cheaply made,3,6,General,Dresses,Dresses,484,100.37,0
674,42,Perfect for the beach or pool,5,9,General Petite,Intimate,Lounge,502,89.78,1
1059,41,Super cute,4,0,General,Bottoms,Pants,553,80.22,1
1094,74,Darling swing dress,5,0,General,Dresses,Dresses,353,91.47,1
1033,34,Wear these multiple times per week,5,0,General Petite,Bottoms,Jeans,447,92.45,1
886,61,Lokka tunic,2,0,General Petite,Tops,Knits,230,75.86,0
752,57,All day whenever possible,4,0,Intimates,Intimate,Sleep,729,47.21,1
883,46,Color transferred to my skin,1,3,General Petite,Tops,Knits,1381,78.22,0
1047,34,Not for every body type,2,0,General,Bottoms,Pants,523,80.12,1
876,35,"Too boxy, sizing down - not good!",1,6,General,Tops,Knits,2865,72.01,0
316,60,"Love, love, love",5,17,General,Bottoms,Shorts,699,41.54,1
993,48,Beautiful maxi,5,11,General Petite,Bottoms,Skirts,478,58.25,1
1094,61,Comfortable and classic,5,0,General Petite,Dresses,Dresses,670,91.47,1
1021,43,No title provided,1,0,General,Bottoms,Skirts,2164,53.42,0
912,49,No title provided,5,0,General,Tops,Fine Gauge,306,45.79,1
828,38,Cute but see through,3,3,General,Tops,Blouses,691,48.45,0
864,44,Fabulous and delicate,5,5,General,Tops,Knits,216,70.18,1
1094,46,Great fit,4,2,General,Dresses,Dresses,476,91.47,1
1050,62,No title provided,4,6,General,Bottoms,Pants,203,83.06,1
876,46,Pretty top,5,0,General,Tops,Knits,676,72.01,1
1094,29,Horrible zipper beautiful dress,3,2,General,Dresses,Dresses,438,91.47,0
229,46,Non-existent waistband,1,1,Intimates,Intimate,Legwear,1068,102.07,0
1110,64,Gorgeous!,5,5,General,Dresses,Dresses,631,94.49,1
1007,43,No title provided,1,2,General Petite,Bottoms,Skirts,862,62.93,0
1093,45,Lovely statement,4,2,General,Dresses,Dresses,618,119.27,1
1094,45,Fabulous!,5,0,General Petite,Dresses,Dresses,737,91.47,1
860,27,Love it!,5,0,General Petite,Tops,Knits,642,70.15,1
237,59,No title provided,5,2,Intimates,Intimate,Swim,564,55.45,1
873,47,Best for less chest,4,2,General Petite,Tops,Knits,968,75.3,1
996,34,Want it in every color possible,5,0,General Petite,Bottoms,Skirts,509,60.63,1
940,60,Super cute. true poncho style.,5,2,General,Tops,Sweaters,234,77.06,1
872,62,Need them all!,5,1,General Petite,Tops,Knits,395,73.48,1
876,48,No title provided,4,0,General Petite,Tops,Knits,284,72.01,1
881,48,Disappointing,1,21,General,Tops,Knits,2746,74.78,0
872,53,"Runs large, esp. in black!",3,2,General,Tops,Knits,437,73.48,1
1094,44,No title provided,5,3,General Petite,Dresses,Dresses,382,91.47,1
1042,38,Cute but a little overwhelming,4,0,General,Bottoms,Pants,172,95.1,1
860,29,Love this!!!,5,1,General,Tops,Knits,485,70.15,1
1074,44,"Pretty, comfortable, functional",5,1,General,Dresses,Dresses,282,100.37,1
377,21,No title provided,5,0,Intimates,Intimate,Lounge,673,66.81,1
877,37,"Close, but not quite...",3,4,General Petite,Tops,Knits,491,76.05,0
816,56,Party in plaid,5,0,General,Tops,Blouses,387,66.47,1
875,43,Beautiful but boxy,4,0,General,Tops,Knits,440,72.72,1
927,68,A/c is running,5,0,General,Tops,Sweaters,318,78.48,1
864,34,Runs big but cute buy on sale,3,1,General Petite,Tops,Knits,809,70.18,1
1020,50,Wonderfully soft and cute pop of color,5,0,General,Bottoms,Skirts,545,60.91,1
850,39,"Runs small only because of ""vanity"" saizing",5,3,General,Tops,Blouses,702,49.55,1
1020,62,Gorgeous fabric,3,4,General,Bottoms,Skirts,197,60.91,0
340,51,No title provided,5,7,General Petite,Intimate,Lounge,357,149.62,1
945,44,Boxy,3,0,General,Tops,Sweaters,1275,79.07,0
831,54,Shrinks,1,0,General,Tops,Blouses,1157,47.37,0
1059,36,"Cute, but...",3,29,General Petite,Bottoms,Pants,297,80.22,1
260,47,So pretty!,5,2,Intimates,Intimate,Lounge,509,96.31,1
872,29,No title provided,5,0,General,Tops,Knits,238,73.48,1
1084,63,Love this dress!,5,2,General Petite,Dresses,Dresses,590,94.59,1
1094,24,Favorite dress,5,1,General,Dresses,Dresses,515,91.47,1
862,35,I love this shirt,5,1,General,Tops,Knits,758,73.64,1
823,62,Fabric is flimsy,3,3,General Petite,Tops,Blouses,605,47.13,0
1095,39,"Cute,looks like a dress on",4,30,General,Dresses,Dresses,391,93.07,1
864,43,Yikes!,2,0,General Petite,Tops,Knits,679,70.18,0
1204,39,Very comfortable/relaxed,4,0,General Petite,Bottoms,Pants,195,53.43,1
1075,28,Beautiful,5,0,General Petite,Dresses,Dresses,626,88.95,1
872,52,No title provided,5,0,General Petite,Tops,Knits,264,73.48,1
872,52,Heavier fabric & flattering,5,1,General Petite,Tops,Knits,574,73.48,1
864,42,Sweet basic tee,5,1,General,Tops,Knits,385,70.18,1
1008,35,No title provided,5,0,General Petite,Bottoms,Skirts,667,61.13,1
836,38,No title provided,5,0,General Petite,Tops,Blouses,610,52.71,1
942,39,Wish i could wear it every day!,5,0,General Petite,Tops,Sweaters,261,69.35,1
872,32,Pretty and comfortable,5,0,General,Tops,Knits,613,73.48,1
1094,64,Stunning special occasion dress,5,30,General,Dresses,Dresses,513,91.47,1
1025,60,No title provided,4,3,General,Bottoms,Jeans,229,83.99,1
818,51,Wow!,5,7,General,Tops,Blouses,183,50.65,1
1092,26,Heartbreakingly gorgeous awful fit,3,0,General,Dresses,Dresses,360,97.49,1
1077,34,Bright and beautiful,5,0,General,Dresses,Dresses,748,91.1,1
1077,39,Size down one or two sizes,5,1,General Petite,Dresses,Dresses,561,91.1,1
1001,52,Unique casual,5,0,General,Bottoms,Skirts,502,60.71,1
984,27,Wanted to love,3,0,General,Jackets,Jackets,257,120.15,1
927,41,Weird sizing,3,0,General,Tops,Sweaters,940,78.48,0
1094,58,Beautiful just not for me,5,11,General,Dresses,Dresses,398,91.47,1
868,64,Not worth the money,1,9,General,Tops,Knits,3113,68.12,0
860,34,Like a mullet,3,0,General,Tops,Knits,1229,70.15,1
1187,35,Cheaply made but flattering cut,3,5,General,Tops,Knits,1286,45.16,1
833,47,No title provided,1,12,General,Tops,Blouses,3600,49.96,0
1094,54,Great dress,5,2,General Petite,Dresses,Dresses,154,91.47,1
1110,26,Beautiful shortt dress,5,0,General Petite,Dresses,Dresses,651,94.49,1
1123,48,Love this,5,0,General,Jackets,Outerwear,713,135.82,1
1044,74,Great look,5,0,General,Bottoms,Pants,457,75.37,1
864,29,Soft lace top,5,7,General,Tops,Knits,408,70.18,1
1078,74,No title provided,2,0,General Petite,Dresses,Dresses,610,93.72,0
59,45,Fabulous,5,2,Intimates,Intimate,Intimates,602,61.17,1
879,37,Just didn't work for me,3,1,General,Tops,Knits,967,73.13,1
830,34,Good quality,4,0,General,Tops,Blouses,539,48.89,1
872,38,In love,5,0,General,Tops,Knits,682,73.48,1
1099,30,Love,5,1,General Petite,Dresses,Dresses,397,86.93,1
1020,43,Not the right fabric,3,0,General,Bottoms,Skirts,197,60.91,0
1099,39,Soft and comfy,5,0,General Petite,Dresses,Dresses,528,86.93,1
1081,25,Unqiue dress!,5,0,General,Dresses,Dresses,385,91.73,1
1080,30,Might work for narrow hips,3,0,General Petite,Dresses,Dresses,1102,92.12,0
1086,43,Truly versatile,5,3,General,Dresses,Dresses,153,97.04,1
828,40,Super soft but runs small,4,2,General,Tops,Blouses,933,48.45,1
984,31,No title provided,5,0,General,Jackets,Jackets,681,120.15,1
37,25,No title provided,5,1,Intimates,Intimate,Intimates,460,68.37,1
895,48,Lovely color,5,2,General,Tops,Fine Gauge,323,42.2,1
868,36,Awesome shirt but doesn't hold up well after washi,3,13,General,Tops,Knits,463,68.12,0
1047,66,Loungers,5,0,General,Bottoms,Pants,527,80.12,1
873,41,Great top!,5,1,General,Tops,Knits,256,75.3,1
833,46,"Looks good in person, shrunk a lot",4,0,General Petite,Tops,Blouses,395,49.96,1
1094,41,So beautiful!,5,0,General Petite,Dresses,Dresses,624,91.47,1
1150,47,No title provided,5,0,General,Dresses,Dresses,141,97.46,1
1035,42,Wow!!!,5,0,General,Bottoms,Jeans,780,98.29,1
861,59,Perfect top,5,2,General,Tops,Knits,215,72.0,1
1086,35,No title provided,5,0,General,Dresses,Dresses,553,97.04,1
829,35,"Beautiful color, unflattering fit",3,1,General Petite,Tops,Blouses,1122,47.9,0
1104,41,Fun tag sale find,5,4,General,Dresses,Dresses,755,96.28,1
975,64,Disappointing,2,0,General,Jackets,Jackets,1447,128.22,0
391,36,Too big in the chest,3,5,Intimates,Intimate,Swim,305,69.09,1
863,62,Cute fall casual top,4,0,General Petite,Tops,Knits,157,70.52,1
875,57,No title provided,4,8,General,Tops,Knits,570,72.72,1
865,51,"Beautiful color, soft",5,0,General,Tops,Knits,767,71.54,1
1083,33,Significant other required,2,1,General,Dresses,Dresses,798,93.86,0
1022,39,Wish they were a tad shorter,4,1,General,Bottoms,Jeans,880,86.44,1
940,38,"Ok, but...",4,9,General,Tops,Sweaters,857,77.06,1
864,46,Not for the busty of us!,3,39,General,Tops,Knits,869,70.18,0
875,56,Beautiful beaded basic,5,0,General,Tops,Knits,251,72.72,1
1081,42,Easy to wear,5,1,General Petite,Dresses,Dresses,506,91.73,1
895,48,Perfect fall/winter swearter,5,0,General Petite,Tops,Fine Gauge,385,42.2,1
1009,52,This one picked me!,5,0,General,Bottoms,Skirts,293,57.29,1
836,47,Beautiful shirt but runs small!,4,11,General,Tops,Blouses,301,52.71,1
828,28,Plaid and dye fun,5,9,General,Tops,Blouses,701,48.45,1
1035,34,Runs small,3,1,General,Bottoms,Jeans,747,98.29,1
883,56,Lace inset is see through-runs large-loved mauve,4,57,General,Tops,Knits,467,78.22,1
863,56,A staple,5,0,General,Tops,Knits,560,70.52,1
996,46,Shimmer spot skirt,4,2,General Petite,Bottoms,Skirts,847,60.63,1
259,42,Too transparent,2,1,Intimates,Intimate,Sleep,1443,24.23,0
419,31,Lightweight and well made,5,0,General Petite,Intimate,Lounge,643,108.62,1
1075,22,Love these stripes,5,0,General Petite,Dresses,Dresses,725,88.95,1
865,53,Very flowy,4,0,General,Tops,Knits,635,71.54,1
1094,27,"Stylish, professional, comfortable",5,0,General Petite,Dresses,Dresses,355,91.47,1
836,24,Perfect white blouse!,5,1,General Petite,Tops,Blouses,319,52.71,1
850,43,Mavis patchwork buttondown,4,1,General Petite,Tops,Blouses,533,49.55,1
895,32,Great shirt for work,5,0,General Petite,Tops,Fine Gauge,615,42.2,1
169,27,So amazing,5,0,Intimates,Intimate,Legwear,528,75.22,1
927,60,No title provided,5,0,General,Tops,Sweaters,345,78.48,1
1110,39,Spirit of sea sprites,5,8,General Petite,Dresses,Dresses,390,94.49,1
975,73,"Cozy, beautiful wine color",4,2,General,Jackets,Jackets,522,128.22,1
880,38,No title provided,4,0,General,Tops,Knits,773,75.0,1
1059,41,"Fun cropped pants, but size uo",5,0,General Petite,Bottoms,Pants,351,80.22,1
442,53,Summer and spring go to tunic,5,1,Intimates,Intimate,Swim,599,56.05,1
877,22,Cute casual top,4,9,General,Tops,Knits,721,76.05,1
1046,54,Not as pictured,2,4,General Petite,Bottoms,Pants,1660,77.37,0
1050,65,Comfort at its best,5,0,General Petite,Bottoms,Pants,358,83.06,1
1037,47,Fun for winter,4,0,General,Bottoms,Jeans,251,83.76,1
1033,40,No title provided,4,0,General,Bottoms,Jeans,849,92.45,1
912,58,No title provided,5,0,General Petite,Tops,Fine Gauge,148,45.79,1
1097,44,Huge - swallowed me whole,2,2,General,Dresses,Dresses,1225,91.88,0
862,26,A great piece,5,2,General Petite,Tops,Knits,523,73.64,1
1008,23,Beware if you have a butt!,4,1,General Petite,Bottoms,Skirts,882,61.13,1
927,53,Just ok cowl sweater,3,0,General,Tops,Sweaters,778,78.48,0
1077,71,Beautiful! but big,5,0,General Petite,Dresses,Dresses,274,91.1,1
865,54,Feminine and pretty,5,0,General Petite,Tops,Knits,443,71.54,1
1092,37,Just perfect,5,0,General Petite,Dresses,Dresses,317,97.49,1
1110,32,Excellent dress!,5,1,General,Dresses,Dresses,789,94.49,1
826,50,Beautiful top!,5,7,General Petite,Tops,Blouses,635,47.75,1
876,45,Don't waste your money,2,2,General,Tops,Knits,334,72.01,0
836,29,Epic,5,0,General,Tops,Blouses,397,52.71,1
868,65,Boxier than it appears,3,6,General,Tops,Knits,264,68.12,1
939,52,Very classy look!,5,2,General,Tops,Sweaters,512,77.82,1
375,57,Cute jacket.,5,0,Intimates,Intimate,Lounge,222,97.48,1
1033,34,Like a hug for your lower half!,5,2,General,Bottoms,Jeans,750,92.45,1
866,60,Wrong mountain,2,1,General,Tops,Knits,1543,77.38,0
1033,29,All-in-all nice denim,4,7,General,Bottoms,Jeans,299,92.45,1
862,35,Cute top....but shrinks horribly!,1,10,General,Tops,Knits,2006,73.64,0
1081,36,No title provided,5,0,General Petite,Dresses,Dresses,530,91.73,1
1094,30,Huge!!,2,0,General,Dresses,Dresses,1391,91.47,0
868,56,Runs large,3,0,General,Tops,Knits,141,68.12,1
1077,43,Wedding season...,4,0,General,Dresses,Dresses,496,91.1,1
936,31,Washes well!,5,3,General Petite,Tops,Sweaters,678,76.18,1
1095,30,No title provided,2,7,General,Dresses,Dresses,1119,93.07,0
865,24,No title provided,5,1,General Petite,Tops,Knits,446,71.54,1
871,33,Runs small,4,0,General,Tops,Knits,333,79.98,1
941,44,Love this sweater!!,5,1,General Petite,Tops,Sweaters,609,73.85,1
1020,48,Great on sale!,4,1,General Petite,Bottoms,Skirts,494,60.91,1
939,39,Beautiful color,4,0,General Petite,Tops,Sweaters,215,77.82,1
154,40,No title provided,4,0,Intimates,Intimate,Sleep,899,27.91,1
1045,35,No title provided,5,0,General,Bottoms,Pants,238,71.62,1
1080,39,Cute,5,1,General Petite,Dresses,Dresses,478,92.12,1
829,42,Nice blouse,4,0,General,Tops,Blouses,562,47.9,1
939,56,Cool jacket,5,0,General Petite,Tops,Sweaters,621,77.82,1
501,46,Lune embroidered robe,5,0,Intimates,Intimate,Sleep,576,39.36,1
777,33,Gorgeous leggings,5,0,Intimates,Intimate,Lounge,826,70.27,1
927,41,Beautiful sweater and so much better in person!,5,0,General Petite,Tops,Sweaters,625,78.48,1
1095,25,Extremely flattering,5,18,General Petite,Dresses,Dresses,553,93.07,1
254,69,This will not fit bustier women,2,2,Intimates,Intimate,Swim,1821,65.24,0
831,33,"Fun, neutral layering piece",5,6,General Petite,Tops,Blouses,813,47.37,1
834,55,No title provided,5,0,General Petite,Tops,Blouses,317,49.52,1
1077,32,Mango is mine!!!,5,2,General Petite,Dresses,Dresses,546,91.1,1
1078,43,Perfect in every way!,5,1,General,Dresses,Dresses,728,93.72,1
1094,44,No title provided,5,2,General Petite,Dresses,Dresses,276,91.47,1
1077,38,Cute dress size down,3,6,General Petite,Dresses,Dresses,247,91.1,1
995,35,"Pretty, comfy skirt",4,0,General,Bottoms,Skirts,386,62.21,1
984,56,One of the best denim dusters!!,5,0,General Petite,Jackets,Jackets,416,120.15,1
1033,47,Comfort and style,5,0,General Petite,Bottoms,Jeans,293,92.45,1
829,34,Very cute fall top,5,0,General,Tops,Blouses,495,47.9,1
1081,65,I loved the dress!,4,10,General Petite,Dresses,Dresses,1008,91.73,1
1022,47,No title provided,5,1,General,Bottoms,Jeans,626,86.44,1
829,39,Fits weird,2,0,General,Tops,Blouses,1644,47.9,0
873,48,"Beautiful color, frumpy fit",2,1,General Petite,Tops,Knits,1626,75.3,0
907,53,No title provided,5,2,General,Tops,Fine Gauge,355,42.56,1
861,42,I feel so betrayed...,2,3,General,Tops,Knits,1735,72.0,0
875,20,"So nice, i'm getting another",4,0,General,Tops,Knits,284,72.72,1
1094,31,Cute and comfortable,5,0,General,Dresses,Dresses,327,91.47,1
1079,23,No title provided,2,13,General Petite,Dresses,Dresses,1661,89.22,0
1126,24,Love this jacket!,4,0,General,Jackets,Outerwear,304,124.66,1
1094,47,No title provided,5,0,General,Dresses,Dresses,695,91.47,1
829,37,Very flattering!,5,2,General,Tops,Blouses,170,47.9,1
936,39,So-so,3,0,General Petite,Tops,Sweaters,986,76.18,0
1078,33,Petite fits great!,5,1,General,Dresses,Dresses,260,93.72,1
872,43,Love this shirt!,5,0,General Petite,Tops,Knits,767,73.48,1
1099,23,Flattering,5,0,General Petite,Dresses,Dresses,586,86.93,1
1021,48,Simply beautiful,5,0,General,Bottoms,Skirts,234,53.42,1
875,39,Cute!,5,0,General,Tops,Knits,272,72.72,1
1110,39,Such a disappointment!,1,2,General,Dresses,Dresses,3233,94.49,0
1078,65,Absolutely  georgeous!,5,3,General,Dresses,Dresses,493,93.72,1
869,37,Gorgeous print!,5,2,General,Tops,Knits,326,66.54,1
1077,43,"Cute, comfortable but runs large",4,0,General Petite,Dresses,Dresses,831,91.1,1
862,23,"Amazing, versatile shirt",5,0,General,Tops,Knits,748,73.64,1
836,49,"Unique and comfortable top, easy to wear.",5,1,General,Tops,Blouses,809,52.71,1
844,26,"Beautiful top, but very thin",4,0,General,Tops,Blouses,912,58.97,1
1080,39,Overall loved but,5,1,General,Dresses,Dresses,329,92.12,1
1009,28,No title provided,4,0,General,Bottoms,Skirts,902,57.29,1
841,35,Does not fit as expected,2,3,General,Tops,Blouses,1765,41.58,0
861,33,No title provided,3,0,General,Tops,Knits,619,72.0,1
1078,62,No title provided,5,0,General,Dresses,Dresses,327,93.72,1
692,39,No title provided,5,1,Intimates,Intimate,Sleep,458,37.06,1
872,65,Great tee with beautiful drape and crochet detail,5,6,General Petite,Tops,Knits,212,73.48,1
1083,26,"Wow, what a dress!",5,1,General,Dresses,Dresses,369,93.86,1
169,29,No title provided,4,2,Intimates,Intimate,Legwear,417,75.22,1
862,29,So soft and flattering,5,0,General Petite,Tops,Knits,753,73.64,1
1035,32,Rip favorite pair,3,0,General,Bottoms,Jeans,742,98.29,1
1035,38,Great all around jeans,4,3,General Petite,Bottoms,Jeans,564,98.29,1
903,60,Feminine take on the classic polo,5,0,General,Tops,Fine Gauge,819,42.72,1
1083,54,"Great dress, not for me",4,0,General Petite,Dresses,Dresses,810,93.86,1
996,47,"Definitely an ""all about the bass"" look",3,2,General,Bottoms,Skirts,826,60.63,1
1037,34,Great pants with a catch,5,2,General,Bottoms,Jeans,448,83.76,1
1092,40,Soooo pretty,5,0,General Petite,Dresses,Dresses,284,97.49,1
872,24,"Pretty top, runs large",4,0,General Petite,Tops,Knits,627,73.48,1
1089,27,No title provided,5,5,General,Dresses,Dresses,553,99.69,1
872,44,Simple perfection,5,1,General,Tops,Knits,267,73.48,1
1022,36,Mid-rise is comfy and flattering,5,1,General,Bottoms,Jeans,421,86.44,1
1086,35,So soft,5,3,General,Dresses,Dresses,697,97.04,1
835,30,Cute top,5,0,General,Tops,Blouses,747,52.93,1
1110,34,Doesn't flare at bottom,5,3,General,Dresses,Dresses,536,94.49,1
862,39,No title provided,5,2,General,Tops,Knits,402,73.64,1
984,39,Great asset,5,7,General Petite,Jackets,Jackets,642,120.15,1
867,50,No title provided,5,0,General Petite,Tops,Knits,524,74.79,1
941,52,Nice addition to my fall wardrobe,5,1,General,Tops,Sweaters,356,73.85,1
895,41,Super cute!,5,1,General,Tops,Fine Gauge,146,42.2,1
1095,26,No title provided,4,2,General Petite,Dresses,Dresses,531,93.07,1
1026,37,Love,5,2,General,Bottoms,Jeans,582,96.69,1
1083,33,Lovely take on the classic shirt dress,5,0,General,Dresses,Dresses,403,93.86,1
940,25,Love this cadigan,5,0,General,Tops,Sweaters,292,77.06,1
867,25,No title provided,4,0,General Petite,Tops,Knits,808,74.79,1
861,45,T.la's cutest tee. ever!,5,5,General,Tops,Knits,697,72.0,1
982,26,Beautiful color but strange texture,2,2,General,Jackets,Jackets,613,172.73,0
907,35,Feminine sweater,5,0,General,Tops,Fine Gauge,610,42.56,1
269,60,So very odd,1,1,Intimates,Intimate,Swim,2247,55.53,0
1078,39,Adding to the rave reviews,5,0,General Petite,Dresses,Dresses,223,93.72,1
872,43,Too sheer!,2,6,General Petite,Tops,Knits,622,73.48,0
886,56,Loved this top,5,0,General Petite,Tops,Knits,314,75.86,1
841,35,Not as expected,2,11,General Petite,Tops,Blouses,694,41.58,0
850,39,Lovely colors but boxy,4,4,General,Tops,Blouses,534,49.55,1
835,39,Why did i order this?,5,2,General Petite,Tops,Blouses,506,52.93,1
857,34,Great casual top,4,0,General,Tops,Knits,861,75.61,1
1081,33,"Stylish, versatile dress",5,3,General Petite,Dresses,Dresses,549,91.73,1
1009,39,Very whimsical,4,1,General,Bottoms,Skirts,460,57.29,1
863,50,Nice long sleeves! runs small!,3,3,General,Tops,Knits,839,70.52,1
577,55,Weird fit,1,1,General,Bottoms,Shorts,3590,42.41,0
865,30,Great basic,5,2,General Petite,Tops,Knits,647,71.54,1
927,57,Terrifically chic,5,1,General,Tops,Sweaters,501,78.48,1
167,48,Almost perfect... check sizing!,5,1,General,Bottoms,Shorts,247,39.55,1
90,41,No title provided,5,0,Intimates,Intimate,Legwear,461,95.25,1
877,37,Small ?,4,2,General,Tops,Knits,127,76.05,1
1086,62,Cute summery print,4,7,General Petite,Dresses,Dresses,577,97.04,1
866,47,Disappointed,1,6,General,Tops,Knits,3284,77.38,0
906,41,No title provided,5,0,General Petite,Tops,Fine Gauge,220,47.84,1
834,37,Love it,4,1,General,Tops,Blouses,619,49.52,1
850,65,Lacy cutouts/ flattering shape/ versatile,5,26,General Petite,Tops,Blouses,139,49.55,1
826,46,So beautiful,5,6,General Petite,Tops,Blouses,362,47.75,1
1008,27,Cute and comfy,4,6,General Petite,Bottoms,Skirts,395,61.13,1
1044,47,Very pretty but different from what's pictured,5,1,General,Bottoms,Pants,732,75.37,1
875,39,Nice summer top,4,31,General,Tops,Knits,951,72.72,1
829,57,"Easy, breezy comfort that looks great!",5,3,General Petite,Tops,Blouses,738,47.9,1
1081,44,An almost for me...,3,4,General,Dresses,Dresses,967,91.73,1
1095,29,So classic!,5,0,General Petite,Dresses,Dresses,822,93.07,1
1020,38,Pretty cute but...,3,0,General Petite,Bottoms,Skirts,886,60.91,1
861,53,Pretty tee,5,1,General,Tops,Knits,436,72.0,1
1094,32,Beautiful dress - sleeve problems,3,0,General,Dresses,Dresses,481,91.47,1
867,49,Nice summer t-shirt,5,1,General,Tops,Knits,811,74.79,1
1125,26,Statement piece,5,0,General,Jackets,Outerwear,241,126.14,1
941,30,Beautiful but will lose shape,3,7,General,Tops,Sweaters,1182,73.85,0
426,29,So excited but then this,4,0,Intimates,Intimate,Lounge,696,121.33,1
1081,35,Elegant and well made,5,3,General Petite,Dresses,Dresses,364,91.73,1
940,44,"Soft, snuggly and cute",5,2,General,Tops,Sweaters,194,77.06,1
863,57,Wanted to like it,1,0,General,Tops,Knits,1027,70.52,0
878,63,No title provided,4,0,General,Tops,Knits,223,69.9,1
850,41,Pretty!,5,0,General,Tops,Blouses,614,49.55,1
822,68,Just lovely,5,3,General,Tops,Blouses,646,42.99,1
867,35,Long sleeves if you're short,4,0,General Petite,Tops,Knits,567,74.79,1
1082,62,So disappointed!,2,14,General,Dresses,Dresses,842,92.41,0
861,31,Beautiful blouse,5,0,General Petite,Tops,Knits,411,72.0,1
870,35,Horrible fit,1,8,General,Tops,Knits,1817,72.25,0
1094,42,No title provided,4,0,General,Dresses,Dresses,511,91.47,1
1072,32,Adorable,5,1,General,Dresses,Dresses,649,99.14,1
883,32,No title provided,4,0,General Petite,Tops,Knits,397,78.22,1
364,48,Warm and cozy,5,1,General Petite,Intimate,Lounge,552,101.11,1
863,34,Too thin,3,6,General,Tops,Knits,1171,70.52,0
1098,34,No title provided,5,0,General,Dresses,Dresses,602,98.21,1
1089,60,Absolutely gorgeous!!!,4,6,General Petite,Dresses,Dresses,278,99.69,1
881,33,Boxy,3,6,General,Tops,Knits,257,74.78,0
940,48,Fabulous!,5,0,General Petite,Tops,Sweaters,770,77.06,1
862,28,Cute & cozy,4,0,General,Tops,Knits,761,73.64,1
1016,32,Beautiful skirt,4,0,General,Bottoms,Skirts,505,58.11,1
740,36,Gorgeous and versatile,4,6,Intimates,Intimate,Swim,292,78.05,1
862,64,No title provided,5,6,General Petite,Tops,Knits,497,73.64,1
420,57,"Lovely, yet annoying.....",3,31,Intimates,Intimate,Lounge,355,117.15,1
866,51,Lovely,4,0,General,Tops,Knits,747,77.38,1
1077,29,Dress up or down,5,1,General,Dresses,Dresses,442,91.1,1
1080,34,Perfect cut,5,38,General,Dresses,Dresses,465,92.12,1
1048,47,A very nice surprise,5,5,General Petite,Bottoms,Pants,403,83.29,1
927,33,Beautiful!,5,0,General Petite,Tops,Sweaters,738,78.48,1
1086,28,Versatile and soft,5,1,General,Dresses,Dresses,412,97.04,1
1094,36,Fabulous dress,5,1,General,Dresses,Dresses,453,91.47,1
1033,39,Soft and fabulous,4,0,General,Bottoms,Jeans,794,92.45,1
872,48,Gorgeous gorgeous gorgeous,5,0,General,Tops,Knits,596,73.48,1
1059,41,Stretch out,3,0,General,Bottoms,Pants,1164,80.22,0
1092,30,Love this sweater!,5,0,General,Dresses,Dresses,654,97.49,1
1096,34,So beautiful!,4,0,General,Dresses,Dresses,841,90.16,1
1106,43,"Love, love, love!",5,0,General Petite,Dresses,Dresses,541,67.11,1
1110,46,Size down,5,2,General,Dresses,Dresses,488,94.49,1
1022,51,Runs small,3,1,General,Bottoms,Jeans,290,86.44,1
1086,20,Yes!,5,0,General,Dresses,Dresses,522,97.04,1
1083,39,Show stopper,5,0,General,Tops,Dresses,533,93.86,1
895,62,Pretty everyday sweater,5,0,General,Tops,Fine Gauge,422,42.2,1
1052,48,Had to alter waist,4,6,General Petite,Bottoms,Pants,337,72.58,1
1081,49,Just perfect,5,2,General Petite,Dresses,Dresses,676,91.73,1
834,65,Beautiful,5,6,General Petite,Tops,Blouses,314,49.52,1
1077,68,No title provided,3,0,General,Dresses,Dresses,716,91.1,0
1100,59,Great drapey fabric,4,1,General Petite,Dresses,Dresses,786,101.02,1
927,82,Love this sweater,5,0,General,Tops,Sweaters,351,78.48,1
1110,22,"Beautiful dress, not right for everyone",3,3,General,Dresses,Dresses,225,94.49,0
1037,52,Great look,5,0,General,Bottoms,Jeans,654,83.76,1
1104,51,Not for the busty,3,0,General,Dresses,Dresses,382,96.28,0
332,34,Adore the fabric,4,1,General,Bottoms,Shorts,680,39.22,1
992,39,No title provided,5,0,General Petite,Bottoms,Skirts,531,63.68,1
868,31,Colors look nothing like online photos:(,1,0,General,Tops,Knits,1449,68.12,0
1126,82,Houndstooth,5,0,General Petite,Jackets,Outerwear,280,124.66,0
1038,57,Stylist,5,1,General Petite,Bottoms,Jeans,597,75.47,1
873,27,Could have been great,3,0,General Petite,Tops,Knits,260,75.3,0
872,83,Soooooooooooooo pretty!,5,4,General,Tops,Knits,243,73.48,1
863,74,No title provided,5,0,General Petite,Tops,Knits,803,70.52,1
1074,27,Flattering for a summer wedding,5,0,General Petite,Dresses,Dresses,313,100.37,1
1092,50,Just right,5,0,General Petite,Dresses,Dresses,273,97.49,1
1022,49,No title provided,5,0,General,Bottoms,Jeans,814,86.44,1
893,29,Best cardigan,5,0,General,Tops,Fine Gauge,267,34.44,1
862,44,Stylish & comfortable,5,0,General,Tops,Knits,552,73.64,1
868,46,Love this tee!,5,8,General Petite,Tops,Knits,214,68.12,1
411,29,Runs very small,2,0,Intimates,Intimate,Intimates,1218,63.58,0
868,34,No title provided,3,0,General,Tops,Knits,1170,68.12,1
862,64,"Cute top, but...",4,12,General,Tops,Knits,866,73.64,1
825,34,Cute plaid top with a feminine cut,3,1,General,Tops,Blouses,870,51.28,1
1094,38,Looks better on,5,4,General,Dresses,Dresses,555,91.47,1
1044,45,Spring and summer gotta have it,5,1,General Petite,Bottoms,Pants,723,75.37,1
936,62,Disappointed,3,0,General Petite,Tops,Sweaters,432,76.18,0
1116,20,Makes you look like a football player,1,0,General,Jackets,Outerwear,2625,112.45,0
1078,46,No title provided,4,0,General Petite,Dresses,Dresses,875,93.72,1
873,51,Beautiful relaxed sweatshirt,5,3,General,Tops,Knits,583,75.3,1
899,65,Cute little cardi,5,0,General Petite,Tops,Fine Gauge,192,37.31,1
1059,60,Runs large,3,0,General Petite,Bottoms,Pants,978,80.22,0
1033,20,Great jeans,5,12,General Petite,Bottoms,Jeans,816,92.45,1
996,27,Love this skirt!,5,2,General,Bottoms,Skirts,272,60.63,1
895,43,Perfect casual sweater,5,9,General,Tops,Fine Gauge,620,42.2,1
1110,57,No title provided,5,0,General,Dresses,Dresses,669,94.49,1
239,33,Unique design but runs small,4,0,Intimates,Intimate,Swim,708,49.24,1
833,51,Sotra tank,5,0,General,Tops,Blouses,291,49.96,1
1044,55,Love the look but.....,4,3,General Petite,Bottoms,Pants,761,75.37,1
929,62,Stylish,5,2,General,Tops,Sweaters,737,90.13,1
1107,26,No title provided,4,1,General Petite,Dresses,Dresses,617,89.65,1
872,65,Loved it and wanted it but...,5,0,General,Tops,Knits,525,73.48,1
1080,32,"""tweed"" dress",4,1,General,Dresses,Dresses,470,92.12,1
1095,33,Sizing is off,2,0,General,Dresses,Dresses,902,93.07,0
1086,32,Fun dress!,4,3,General,Dresses,Dresses,464,97.04,1
1094,43,Beautiful,5,1,General Petite,Dresses,Dresses,297,91.47,1
967,59,No title provided,5,3,General,Jackets,Jackets,668,129.05,1
504,26,Perfect pjs,5,0,Intimates,Intimate,Sleep,244,34.93,1
381,30,Not for the busty babes!,2,4,Intimates,Intimate,Swim,1371,62.55,0
1081,36,Perfect for everyone!!!!,5,0,General Petite,Dresses,Dresses,720,91.73,1
1091,56,Gorgeous!,5,7,General Petite,Dresses,Dresses,162,96.01,1
864,39,Casual and cute tunic,4,0,General Petite,Tops,Knits,384,70.18,1
1078,41,Just perfect!,5,1,General,Dresses,Dresses,258,93.72,1
418,49,Cute polka dot pattern,4,1,Intimates,Intimate,Sleep,845,31.99,1
1056,38,Please make them in tall sizes,5,0,General,Bottoms,Pants,553,74.82,1
1081,35,No title provided,4,6,General Petite,Dresses,Dresses,407,91.73,1
862,32,"Sexy, simple top",5,0,General,Tops,Knits,513,73.64,1
993,59,Butter soft and beautiful color!,5,1,General Petite,Bottoms,Skirts,730,58.25,1
1078,56,"Recommended, but with reservations",3,1,General,Dresses,Dresses,696,93.72,1
964,70,This jacker has swag,5,2,General Petite,Jackets,Jackets,449,125.65,1
1025,56,Love these!!,5,0,General,Bottoms,Jeans,685,83.99,1
113,54,Very soft but lighter weight than it looks,4,3,Intimates,Intimate,Sleep,646,35.17,1
1104,63,Not for me,3,0,General,Dresses,Dresses,655,96.28,0
906,38,No title provided,4,0,General Petite,Tops,Fine Gauge,872,47.84,1
872,31,Perfect summer basic,5,0,General,Tops,Knits,611,73.48,1
936,37,No title provided,5,0,General Petite,Tops,Sweaters,145,76.18,1
520,45,Special tee,5,0,Intimates,Intimate,Layering,395,101.42,1
833,29,"Must have, elegant, chic",5,3,General,Tops,Blouses,660,49.96,1
80,47,Size and function,2,0,Intimates,Intimate,Swim,758,55.25,0
850,37,Perfect fit on me!,5,2,General Petite,Tops,Blouses,245,49.55,1
1056,57,Nice but inconsistent fit,3,0,General,Bottoms,Pants,924,74.82,1
1095,48,Great dress.,5,3,General Petite,Dresses,Dresses,388,93.07,1
1033,37,No title provided,5,0,General,Bottoms,Jeans,206,92.45,1
875,29,Do not like the front,2,3,General,Tops,Knits,726,72.72,0
1117,42,No title provided,4,0,General Petite,Jackets,Outerwear,327,98.51,1
870,44,Unique details,4,0,General Petite,Tops,Knits,630,72.25,1
873,55,Comfy and pretty!,5,0,General Petite,Tops,Knits,653,75.3,1
1059,28,No title provided,5,0,General,Bottoms,Pants,245,80.22,1
1078,61,No title provided,5,4,General,Dresses,Dresses,396,93.72,1
1083,46,Not for single girls :-(,3,3,General,Dresses,Dresses,616,93.86,0
984,55,Almost perfect denim jacket,5,0,General Petite,Jackets,Jackets,474,120.15,1
927,40,It is weird but at the same time unique,3,0,General,Tops,Sweaters,1119,78.48,1
918,33,Perfect,5,0,General,Tops,Fine Gauge,449,39.53,1
872,44,Pattern not attractive in person,3,11,General,Tops,Knits,793,73.48,0
872,46,No title provided,5,4,General,Tops,Knits,528,73.48,1
944,57,Better than expected!,5,2,General,Tops,Sweaters,715,78.3,1
954,25,No title provided,5,0,General,Tops,Sweaters,357,86.34,1
1059,42,Unfortunately unflattering,3,3,General Petite,Bottoms,Pants,541,80.22,0
1008,40,Beautiful & classic,5,5,General Petite,Bottoms,Skirts,253,61.13,1
1083,38,No title provided,5,1,General,Dresses,Dresses,547,93.86,1
936,37,Classy,5,0,General,Tops,Sweaters,448,76.18,1
1095,38,Sad sack,2,0,General,Dresses,Dresses,1519,93.07,0
857,55,No title provided,5,1,General,Tops,Knits,351,75.61,1
169,39,Comfy and cute,5,1,Intimates,Intimate,Legwear,221,75.22,1
1104,54,Tiny!,5,0,General,Dresses,Dresses,335,96.28,1
964,35,Love at first sight,5,4,General Petite,Jackets,Jackets,145,125.65,1
1103,54,I feel like a princess...,5,1,General,Dresses,Dresses,463,116.9,1
1078,45,"Feminine and flattering, love this dress!!",5,0,General,Dresses,Dresses,453,93.72,1
1078,39,Beautiful fabric,4,1,General Petite,Dresses,Dresses,525,93.72,1
1094,34,Perfect fall dress,5,0,General Petite,Dresses,Dresses,425,91.47,1
1077,34,No title provided,5,0,General,Trend,Dresses,759,91.1,1
382,47,Extremely pretty swimsuit,4,0,Intimates,Intimate,Swim,271,50.94,1
936,47,Lovely,5,0,General,Tops,Sweaters,407,76.18,1
943,75,No title provided,3,0,General,Tops,Sweaters,1203,102.74,0
1081,32,Cute basic  --- found it to be tts!,4,0,General Petite,Dresses,Dresses,591,91.73,1
859,58,Better in the photo,3,8,General,Tops,Knits,484,66.13,0
1086,59,No title provided,5,2,General Petite,Dresses,Dresses,291,97.04,1
829,45,Beautiful color,4,0,General,Tops,Blouses,472,47.9,1
56,43,Beautiful and comfortable,5,1,Intimates,Intimate,Intimates,559,65.77,1
975,37,Love!!!,5,0,General,Jackets,Jackets,426,128.22,1
1072,28,Love the floral print,5,0,General Petite,Dresses,Dresses,774,99.14,1
873,40,The beauty is in the details,5,1,General,Tops,Knits,690,75.3,1
860,43,"Comfy, flattering and beautiful!",5,3,General,Tops,Knits,423,70.15,1
1096,50,Beautiful dress,4,42,General Petite,Dresses,Dresses,899,90.16,1
984,53,Thumbs way up!,5,0,General Petite,Jackets,Jackets,243,120.15,1
456,44,No title provided,4,0,General,Bottoms,Shorts,814,50.48,1
867,23,Neckline too strange,3,0,General Petite,Tops,Knits,1251,74.79,0
903,33,Much cuter than the picture,5,5,General,Tops,Fine Gauge,423,42.72,1
984,52,A jacket or dress for a four-season wardrobe,5,11,General Petite,Jackets,Jackets,700,120.15,1
129,63,Perfect sweater,5,0,Intimates,Intimate,Sleep,494,27.98,1
863,45,Great sweater,4,0,General,Tops,Knits,987,70.52,1
1081,43,Polka dot perfection,4,0,General Petite,Dresses,Dresses,420,91.73,1
1059,58,Cute pants!,5,0,General,Bottoms,Pants,405,80.22,1
809,70,No title provided,4,2,Intimates,Intimate,Lounge,887,129.74,1
873,25,Cute details and good cut,4,0,General,Tops,Knits,684,75.3,1
828,59,Love,5,3,General,Tops,Blouses,342,48.45,1
1009,46,Perfect retailer,5,2,General,Bottoms,Skirts,482,57.29,1
816,34,Poor quality,3,1,General,Tops,Blouses,977,66.47,0
579,20,Great purchase!,5,2,General,Bottoms,Shorts,664,43.04,1
354,39,Stays put,4,0,Intimates,Intimate,Swim,856,40.26,1
1001,28,Cute casual skirt,5,0,General,Bottoms,Skirts,725,60.71,1
1094,35,Love!,4,1,General Petite,Dresses,Dresses,259,91.47,1
1003,61,Feminine skirt,3,6,General,Bottoms,Skirts,744,60.38,1
1094,27,Versatile dress,5,2,General Petite,Dresses,Dresses,589,91.47,1
945,30,Super cozy and perfect for layers,5,0,General,Tops,Sweaters,130,79.07,1
281,30,"Flattering, but small",5,3,Intimates,Intimate,Swim,664,70.92,1
836,37,"Nice, runs small and short",3,3,General,Tops,Blouses,643,52.71,1
1038,49,Comfy jeans,5,0,General Petite,Bottoms,Jeans,568,75.47,1
996,35,Fabulous skirt!!!,5,1,General Petite,Bottoms,Skirts,423,60.63,1
1094,38,See through potato sack,1,3,General Petite,Dresses,Dresses,3033,91.47,0
936,34,Super cropped sweater,1,1,General,Tops,Sweaters,3268,76.18,0
866,52,Not satisfied,2,0,General Petite,Tops,Knits,1517,77.38,0
888,46,No title provided,3,0,General,Tops,Knits,325,92.39,0
1056,47,Nice and comfy!,5,0,General,Bottoms,Pants,152,74.82,1
876,26,Great top with a little extra!,5,2,General,Tops,Knits,573,72.01,1
1111,27,Floral and feminine,5,4,General,Dresses,Dresses,511,104.78,1
936,36,"Cute, but...",3,0,General Petite,Tops,Sweaters,1221,76.18,0
828,25,No title provided,5,0,General,Tops,Blouses,721,48.45,1
1079,70,No title provided,3,2,General,Dresses,Dresses,351,89.22,1
829,36,Fair,3,1,General,Tops,Blouses,359,47.9,1
769,55,Nice little top,4,2,Intimates,Intimate,Lounge,234,65.74,1
829,31,Maeve has done it again,5,7,General Petite,Tops,Blouses,374,47.9,1
860,51,I wanted to like this...,1,0,General,Tops,Knits,3600,70.15,0
387,34,Don't even know they are there!,5,0,Intimates,Intimate,Intimates,737,47.52,1
862,23,"Gorgeous, more detail than shown",5,0,General Petite,Tops,Knits,624,73.64,1
819,52,No title provided,1,0,General,Tops,Blouses,474,51.78,0
839,44,Much thinner,3,3,General,Tops,Blouses,1087,50.7,1
1078,42,Kennedy summer dress,4,0,General Petite,Dresses,Dresses,499,93.72,1
834,34,Love it!,5,10,General Petite,Tops,Blouses,791,49.52,1
1078,33,"Beautiful, unique dress",4,1,General Petite,Dresses,Dresses,486,93.72,1
862,38,Odd fit,3,1,General,Tops,Knits,1153,73.64,0
818,42,Lovely flowing top with detail,5,2,General,Tops,Blouses,709,50.65,1
1084,62,Too heavy,2,0,General Petite,Dresses,Dresses,1786,94.59,0
1080,31,No title provided,4,4,General,Dresses,Dresses,392,92.12,1
1025,38,I wish they came in more colors,5,0,General,Bottoms,Jeans,409,83.99,1
1078,54,Love this dress,5,3,General Petite,Dresses,Dresses,334,93.72,1
829,47,Great fall blouse,4,0,General Petite,Tops,Blouses,231,47.9,1
927,69,Beautiful,5,0,General,Tops,Sweaters,290,78.48,1
296,51,Great piece for petites,5,0,Intimates,Intimate,Layering,492,122.14,1
988,45,Really pretty - runs small,4,1,General Petite,Bottoms,Skirts,546,56.33,1
921,54,Unique neckline and swingy shape merino knit,5,2,General,Tops,Sweaters,417,73.65,1
1078,52,Classic design with drawbacks,3,1,General Petite,Dresses,Dresses,373,93.72,0
975,60,Perfect spring jacket!,5,4,General,Jackets,Jackets,753,128.22,1
1080,29,Loved the dress but didn't fit me right,4,7,General Petite,Dresses,Dresses,368,92.12,1
927,48,Strange fit,1,1,General,Tops,Sweaters,2117,78.48,0
1081,24,Wish the fabric was better!,4,0,General Petite,Dresses,Dresses,244,91.73,1
862,62,Short and wide,3,6,General Petite,Tops,Knits,1275,73.64,1
1095,39,Fun airy summer dress,5,1,General,Dresses,Dresses,393,93.07,1
935,36,Flowy sides,4,0,General,Tops,Sweaters,801,72.15,1
927,53,Adorable swing sweater,4,8,General,Tops,Sweaters,548,78.48,1
1098,35,Love this dress,5,5,General,Dresses,Dresses,735,98.21,1
986,42,Super cute but.....,3,49,General,Jackets,Jackets,1084,125.48,0
895,38,Can't go wrong with a cashmere sweater!,5,0,General Petite,Tops,Fine Gauge,234,42.2,1
231,31,No title provided,5,0,Intimates,Intimate,Sleep,689,42.49,1
1080,62,A dress for everyone,5,3,General,Dresses,Dresses,590,92.12,1
829,52,Quirky & stylish silk shirt,5,8,General,Tops,Blouses,456,47.9,1
867,35,No title provided,5,3,General,Tops,Knits,432,74.79,1
1078,34,Such high hopes!,3,0,General,Dresses,Dresses,640,93.72,0
868,44,"Pretty, lightweight shirt for summer but huge",4,5,General,Tops,Knits,1004,68.12,1
869,58,Don't pass me by....,5,17,General Petite,Tops,Knits,787,66.54,1
862,58,Generously sized,5,2,General,Tops,Knits,208,73.64,1
1081,27,Comfortable and versatile,5,4,General Petite,Dresses,Dresses,683,91.73,1
228,57,No title provided,4,0,Intimates,Intimate,Legwear,286,48.7,1
693,40,No title provided,5,1,General Petite,Intimate,Lounge,369,141.37,1
937,29,Itchy!,3,7,General,Tops,Sweaters,495,68.37,0
1078,29,Adorable!,5,0,General Petite,Dresses,Dresses,322,93.72,1
875,65,Order down a size; sooooooooooooo cute!!!,5,1,General,Tops,Knits,451,72.72,1
937,36,No title provided,5,2,General,Tops,Sweaters,520,68.37,1
1027,25,New favorite go to jeans,5,0,General,Bottoms,Jeans,147,86.51,1
886,63,V-neck t,3,1,General Petite,Tops,Knits,1187,75.86,1
1125,60,No title provided,5,0,General Petite,Jackets,Outerwear,158,126.14,1
1009,35,Nice basic,4,2,General,Bottoms,Skirts,341,57.29,1
341,42,This one doesn't work with full hips,4,0,General Petite,Bottoms,Pants,555,69.84,1
850,38,Feminine find,5,0,General,Tops,Blouses,647,49.55,1
1099,36,Prepare for compliments,5,0,General Petite,Dresses,Dresses,804,86.93,1
1078,48,Comfortable and cute,5,0,General,Dresses,Dresses,538,93.72,1
863,65,Typical left of center,4,0,General Petite,Tops,Knits,971,70.52,1
866,50,Like it .. but not for me,3,0,General Petite,Tops,Knits,831,77.38,1
1084,42,Do not wash!,2,5,General,Dresses,Dresses,1613,94.59,0
455,47,"Gorgeous, soft hoodie",5,0,Intimates,Intimate,Lounge,742,128.25,1
1081,57,Gorgeous feminine flutter dress,5,3,General Petite,Dresses,Dresses,417,91.73,1
862,42,A little incongruous,3,0,General Petite,Tops,Knits,774,73.64,0
1094,67,Love it!,5,5,General Petite,Dresses,Dresses,453,91.47,1
824,35,So soft and cozy,5,0,General Petite,Tops,Blouses,626,50.91,1
868,39,"Unique top, too much material on bottom",4,0,General,Tops,Knits,482,68.12,1
831,53,Better in person...,5,0,General Petite,Tops,Blouses,777,47.37,1
1078,49,Cute and comfy casual dress.,4,0,General Petite,Dresses,Dresses,385,93.72,1
1037,48,Run small,4,20,General Petite,Bottoms,Jeans,528,83.76,1
872,52,"Very comfortable, cute without being cutesy",5,3,General,Tops,Knits,749,73.48,1
510,36,Perfect!,5,1,General Petite,Intimate,Lounge,524,99.09,1
927,54,Disappointing ...,2,2,General Petite,Tops,Sweaters,985,78.48,0
1110,40,Beautiful and unique,5,2,General,Dresses,Dresses,254,94.49,1
941,66,Darling,5,0,General Petite,Tops,Sweaters,414,73.85,1
1001,45,Great skirt!,5,0,General,Bottoms,Skirts,522,60.71,1
569,58,Fly away sides,2,7,General,Trend,Trend,1071,83.6,0
862,45,Better than pictured!,4,0,General,Tops,Knits,278,73.64,1
858,38,Amazingly soft and comfy but...,3,2,General Petite,Tops,Knits,541,73.83,1
626,33,Good short,4,0,General Petite,Bottoms,Pants,746,62.83,1
862,40,So comfortable!,5,6,General,Tops,Knits,560,73.64,1
1072,43,Wow...,1,0,General Petite,Dresses,Dresses,2095,99.14,0
944,41,Sooo soft,5,0,General,Tops,Sweaters,513,78.3,1
875,38,Love the embellishment,4,0,General,Tops,Knits,306,72.72,1
895,54,Adorable,5,0,General,Tops,Fine Gauge,429,42.2,1
912,56,"Fit was small at waist, large up top! odd spots!",4,12,General,Tops,Fine Gauge,1018,45.79,0
850,33,Patchwork denim tank,2,6,General Petite,Tops,Blouses,1343,49.55,0
1092,50,Love this dress,5,1,General Petite,Dresses,Dresses,447,97.49,1
77,34,No title provided,5,0,Intimates,Intimate,Legwear,782,114.12,1
1052,34,Great jumpsuit,5,0,General Petite,Bottoms,Pants,830,72.58,1
907,83,No title provided,5,1,General,Tops,Fine Gauge,210,42.56,1
1081,72,"Great dress, wrong color",5,0,General,Dresses,Dresses,327,91.73,1
872,42,No title provided,5,1,General,Tops,Knits,528,73.48,1
996,52,No title provided,5,0,General,Bottoms,Skirts,340,60.63,1
864,56,"Feminine, flattering, and comfortable",5,9,General Petite,Tops,Knits,276,70.18,1
1026,34,Nice fitting cords-bronze,5,0,General Petite,Bottoms,Jeans,565,96.69,1
872,25,Super cute and chic top,5,0,General,Tops,Knits,182,73.48,1
1095,65,Summery-est ever,5,2,General Petite,Dresses,Dresses,755,93.07,1
555,39,Nice quality,4,16,General,Trend,Trend,219,78.4,1
248,49,Pretty but not perfect,3,0,Intimates,Intimate,Intimates,904,59.39,1
1086,44,Comfy cute!,5,0,General,Dresses,Dresses,745,97.04,1
933,58,Love this sweater....,5,0,General,Tops,Sweaters,733,80.9,1
1098,49,Love this dress!,5,0,General,Dresses,Dresses,288,98.21,1
829,41,Great top for summer!,5,4,General Petite,Tops,Blouses,564,47.9,1
1099,34,Super soft but can make you look frumpy,5,0,General Petite,Dresses,Dresses,545,86.93,1
481,38,Cute... if you're planning to hold it on,2,1,General Petite,Bottoms,Pants,1287,59.76,0
1110,45,Perfect dress for almost any occasion,5,0,General,Dresses,Dresses,442,94.49,1
895,36,No title provided,4,0,General,Tops,Fine Gauge,709,42.2,1
872,62,Beautiful color,4,0,General,Tops,Knits,891,73.48,1
1026,55,Love them!,5,0,General Petite,Bottoms,Jeans,360,96.69,1
1094,59,No title provided,5,0,General Petite,Dresses,Dresses,624,91.47,1
819,66,Add me to the list,5,2,General Petite,Tops,Blouses,316,51.78,1
862,60,No title provided,5,0,General Petite,Tops,Knits,544,73.64,1
1087,29,"Pretty, but very modest",4,1,General,Dresses,Dresses,447,91.71,1
458,47,"Comfortable, soft, flattering lounge pants",4,5,Intimates,Intimate,Sleep,294,45.1,1
1068,49,Love these pin stripe chinos,5,0,General,Bottoms,Pants,480,76.56,1
468,54,Perfect symmetry in lifesaver colors,5,0,Intimates,Intimate,Swim,456,61.95,1
843,43,Great print!,5,4,General,Tops,Blouses,600,57.67,1
867,41,No title provided,5,0,General Petite,Tops,Knits,522,74.79,1
1035,36,New favorite jeans!,5,3,General Petite,Bottoms,Jeans,660,98.29,1
1094,46,Dreamy fabric!,5,4,General Petite,Dresses,Dresses,497,91.47,1
862,42,"Love, love, love.",5,5,General Petite,Tops,Knits,841,73.64,1
226,79,So flattering!,5,0,Intimates,Intimate,Sleep,652,24.24,1
1115,75,"Classic, upscale coat",5,1,General,Jackets,Outerwear,679,108.61,1
938,57,No title provided,5,2,General Petite,Tops,Sweaters,628,63.51,1
743,31,No title provided,2,3,Intimates,Intimate,Intimates,1242,55.76,0
1077,44,Not flattering unless you are tall and willowy,3,2,General,Dresses,Dresses,916,91.1,0
1095,33,"Beautiful print, bad design",2,0,General Petite,Dresses,Dresses,1155,93.07,0
1025,39,Should've sized up,4,0,General Petite,Bottoms,Jeans,795,83.99,1
1098,50,"I love it, but it may not be for everyone.",5,0,General Petite,Dresses,Dresses,695,98.21,1
857,67,No title provided,4,0,General Petite,Tops,Knits,457,75.61,1
866,56,Nice and flowy,4,1,General,Tops,Knits,400,77.38,1
864,25,Fun wardrobe addition-get it on sale...,4,1,General,Tops,Knits,257,70.18,1
123,44,Love these chirpy loungers!,5,1,Intimates,Intimate,Sleep,461,33.79,1
1078,31,Comfortably chic,4,1,General Petite,Dresses,Dresses,559,93.72,1
829,45,"Great fall top, may need to size down",5,1,General,Tops,Blouses,719,47.9,1
831,46,No title provided,4,0,General Petite,Tops,Blouses,319,47.37,1
1002,38,Cozy and comfortable!,5,0,General,Bottoms,Skirts,435,58.5,1
868,25,No title provided,5,0,General,Tops,Knits,603,68.12,1
1081,35,No title provided,5,0,General Petite,Dresses,Dresses,573,91.73,1
820,59,Stunning,5,4,General,Tops,Blouses,634,53.36,1
1048,46,Flattering and simply perfect,5,0,General Petite,Bottoms,Pants,250,83.29,1
1142,83,Omg! gorgeous sweaters!,5,1,General,Trend,Trend,283,64.97,1
1020,39,Love love this skirt!!,5,1,General Petite,Bottoms,Skirts,394,60.91,1
1094,34,No title provided,4,0,General,Dresses,Dresses,516,91.47,1
933,32,No title provided,5,0,General,Tops,Sweaters,151,80.9,1
865,44,No title provided,5,0,General,Tops,Knits,630,71.54,1
854,31,Gorgeous in person,5,2,General,Tops,Knits,218,73.19,1
1110,30,Cute and comfortable,5,3,General,Dresses,Dresses,291,94.49,1
1094,33,No title provided,5,0,General Petite,Dresses,Dresses,611,91.47,1
1080,36,No title provided,5,2,General,Dresses,Dresses,438,92.12,1
1078,39,"Cute, definitely needs to be belted",4,8,General Petite,Dresses,Dresses,462,93.72,1
895,31,No title provided,4,0,General,Tops,Fine Gauge,296,42.2,1
1078,83,Lovely!!!!!!,5,1,General,Dresses,Dresses,317,93.72,1
1078,52,Casual dress with style,4,0,General,Dresses,Dresses,808,93.72,1
867,25,No title provided,3,0,General Petite,Tops,Knits,264,74.79,1
1110,46,Mango beauty,5,0,General,Dresses,Dresses,524,94.49,1
1095,41,Surprisingly flattering...plus pockets!!!,4,0,General Petite,Dresses,Dresses,752,93.07,1
863,50,A bit thin but otherwise perfect,4,1,General,Tops,Knits,896,70.52,1
939,56,No title provided,4,2,General Petite,Tops,Sweaters,482,77.82,1
1056,66,Favorite new pants!,5,2,General,Bottoms,Pants,501,74.82,1
1020,39,Great skirt,5,0,General,Bottoms,Skirts,339,60.91,1
835,46,Poor quality control,1,3,General,Tops,Blouses,3496,52.93,0
895,41,No title provided,5,0,General Petite,Tops,Fine Gauge,341,42.2,1
870,65,No title provided,5,2,General,Tops,Knits,740,72.25,1
984,58,Just what i was looking for!,5,1,General,Jackets,Jackets,678,120.15,1
940,40,No title provided,4,8,General Petite,Tops,Sweaters,371,77.06,1
829,39,Great design and color,5,1,General,Tops,Blouses,275,47.9,1
873,39,Great peplum top,5,0,General,Tops,Knits,699,75.3,1
986,33,Cute kimono,5,0,General,Jackets,Jackets,744,125.48,1
1123,22,Fit's perfectly!,5,0,General,Jackets,Outerwear,668,135.82,1
1009,30,Disappointing,1,18,General,Bottoms,Skirts,2490,57.29,0
1037,34,Great cords,5,0,General,Bottoms,Jeans,183,83.76,1
867,48,Super cute!,5,0,General Petite,Tops,Knits,462,74.79,1
1089,56,Great style!,5,1,General,Dresses,Dresses,591,99.69,1
1082,54,Best dancing dress ever!,5,3,General,Dresses,Dresses,158,92.41,1
862,28,Very comfortable (and reversible),5,1,General,Tops,Knits,269,73.64,1
912,53,Love it sadly has to go back,5,0,General,Tops,Fine Gauge,190,45.79,1
895,35,Not for tall ladies,2,1,General,Tops,Fine Gauge,1681,42.2,0
400,34,Not for long torsos,3,1,Intimates,Intimate,Swim,198,59.56,0
863,50,Great on-trend t-shirt!,5,0,General,Tops,Knits,658,70.52,1
936,48,"Soft, cozy and stylish!",5,0,General Petite,Tops,Sweaters,520,76.18,1
676,44,The summer skort,5,1,General,Bottoms,Shorts,115,36.95,1
398,30,Relaxed fit,4,2,Intimates,Intimate,Lounge,409,82.8,1
1038,41,Super cute,4,0,General,Bottoms,Jeans,425,75.47,1
839,49,Cute as it is comfy,4,1,General,Tops,Blouses,136,50.7,1
1078,20,No title provided,5,0,General,Dresses,Dresses,514,93.72,1
1110,33,Love!,5,0,General,Dresses,Dresses,328,94.49,1
1098,25,So beautiful!,5,2,General,Dresses,Dresses,197,98.21,1
903,47,Bummer,4,4,General Petite,Tops,Fine Gauge,647,42.72,1
1091,39,Still thinking,4,1,General,Dresses,Dresses,885,96.01,1
868,48,Nice blouse,4,1,General,Tops,Knits,169,68.12,1
857,36,No title provided,5,0,General,Tops,Knits,117,75.61,1
1081,53,Great dress!,5,0,General Petite,Dresses,Dresses,142,91.73,1
834,70,No title provided,5,0,General Petite,Tops,Blouses,566,49.52,1
183,25,Could not get it over my calves,1,0,Intimates,Intimate,Legwear,1246,59.55,0
823,39,Unique,4,0,General,Tops,Blouses,753,47.13,1
907,56,Adorable dress,4,12,General,Tops,Fine Gauge,491,42.56,1
815,64,Beautiful!,5,1,General Petite,Tops,Blouses,500,47.28,1
823,56,No title provided,5,1,General,Tops,Blouses,123,47.13,1
1020,34,Ideal fit and feel for gals with curves,5,15,General Petite,Bottoms,Skirts,668,60.91,1
886,62,Perfect and at the right price!,5,2,General,Tops,Knits,628,75.86,1
829,24,Love the fit!,5,1,General Petite,Tops,Blouses,289,47.9,1
262,49,Adorable,5,3,General Petite,Intimate,Lounge,753,101.47,1
222,24,Beautiful design,5,3,Intimates,Intimate,Swim,717,54.27,1
1080,50,No title provided,5,0,General Petite,Dresses,Dresses,188,92.12,1
937,45,Sexy sweater,5,1,General,Tops,Sweaters,251,68.37,1
830,36,Beautiful top - runs large,4,0,General,Tops,Blouses,254,48.89,1
1009,33,Soft and lovely,5,0,General,Bottoms,Skirts,251,57.29,1
895,63,Tried to like it,3,1,General Petite,Tops,Fine Gauge,334,42.2,0
1081,39,Perfection from dolan,5,0,General Petite,Dresses,Dresses,520,91.73,1
927,53,So cute!!,5,1,General,Tops,Sweaters,456,78.48,1
875,74,Versitile,5,0,General Petite,Tops,Knits,289,72.72,1
1095,60,Beautiful dress,5,23,General,Dresses,Dresses,181,93.07,1
1094,25,Love this dress,4,0,General,Dresses,Dresses,494,91.47,1
1072,42,"Beautiful, comfortable dress with slight fit issue",4,9,General,Dresses,Dresses,301,99.14,1
854,40,Disappointed,1,2,General Petite,Tops,Knits,2795,73.19,0
830,40,Runs huge,3,2,General,Tops,Blouses,1004,48.89,0
867,70,Comfort & style in one great top!,5,2,General Petite,Tops,Knits,571,74.79,1
1077,41,I really want to love this dress,3,25,General,Dresses,Dresses,759,91.1,0
862,42,Flattering fit,5,19,General,Tops,Knits,632,73.64,1
844,54,A standout,5,13,General Petite,Tops,Blouses,229,58.97,1
1086,33,Runs small!!,5,10,General,Dresses,Dresses,284,97.04,1
1104,30,Great dress,5,0,General,Dresses,Dresses,247,96.28,1
834,58,Lovely,5,1,General Petite,Tops,Blouses,193,49.52,1
1082,61,Patchwork dress,4,3,General,Dresses,Dresses,995,92.41,1
148,48,Adorable whimsical soft wonderful,5,0,Intimates,Intimate,Sleep,127,40.79,1
862,32,A great casual top,5,1,General,Tops,Knits,740,73.64,1
1092,37,Perfect lwd!,5,14,General Petite,Dresses,Dresses,187,97.49,1
878,42,No title provided,1,0,General,Tops,Knits,630,69.9,0
870,35,Top has a broad neckline.,3,0,General,Tops,Knits,629,72.25,0
984,69,No title provided,5,0,General Petite,Jackets,Jackets,678,120.15,1
967,32,No title provided,5,0,General,Jackets,Jackets,404,129.05,1
1020,33,Cute skirt!,5,0,General,Bottoms,Skirts,356,60.91,1
116,35,Comfortable and cozy,4,25,Intimates,Intimate,Sleep,861,47.15,1
1094,56,No title provided,3,33,General Petite,Dresses,Dresses,274,91.47,1
170,62,Very feminine,4,2,Intimates,Intimate,Sleep,251,34.97,1
1078,74,Bloomsbury,4,0,General,Dresses,Dresses,448,93.72,1
1095,22,So charming!,5,2,General,Dresses,Dresses,213,93.07,1
829,32,Cat lovers dream blouse,5,0,General,Tops,Blouses,344,47.9,1
850,60,Beautiful and flattering,5,0,General,Tops,Blouses,774,49.55,1
1070,39,Wardrobe staple,5,0,General,Bottoms,Pants,271,81.61,1
253,32,Great fit,5,2,Intimates,Intimate,Swim,343,58.68,1
1059,51,Lightweight classy work trouser,4,11,General,Bottoms,Pants,254,80.22,1
1094,24,So cute,5,0,General,Dresses,Dresses,628,91.47,1
1008,46,Georgeous skirt,5,2,General Petite,Bottoms,Skirts,611,61.13,1
1059,43,No title provided,5,1,General,Bottoms,Pants,278,80.22,1
965,27,Cute but poor quality,2,2,General,Jackets,Jackets,1829,117.52,0
1083,32,Beautiful detail,5,0,General,Dresses,Dresses,506,93.86,1
1059,40,Can't be worn as pictured,1,17,General,Bottoms,Pants,681,80.22,0
1081,43,No title provided,5,0,General Petite,Dresses,Dresses,236,91.73,1
1072,41,Strange shape,2,10,General,Dresses,Dresses,1598,99.14,1
577,63,Ahahahaha,3,4,General,Bottoms,Shorts,349,42.41,0
1145,66,In love,5,3,General,Trend,Trend,346,73.32,1
881,19,No title provided,3,2,General,Tops,Knits,153,74.78,1
864,62,Feminine and pretty!,5,0,General,Tops,Knits,805,70.18,1
1081,27,Disappointing quality,2,1,General Petite,Dresses,Dresses,1073,91.73,0
868,30,No,1,5,General,Tops,Knits,694,68.12,0
895,45,Love the lace,5,0,General Petite,Tops,Fine Gauge,338,42.2,1
726,29,Love!,5,0,Intimates,Intimate,Lounge,419,123.26,1
1077,39,Excellent dress,5,10,General,Dresses,Dresses,292,91.1,1
872,39,Artsy and comfy,5,2,General Petite,Tops,Knits,353,73.48,1
877,34,New favorite wardrobe staple!,5,10,General,Tops,Knits,409,76.05,1
1095,39,White too white,4,1,General,Dresses,Dresses,533,93.07,1
824,34,Sheer and runs large,3,19,General Petite,Tops,Blouses,712,50.91,1
1056,40,Greatest pants ever-too bad retailer planned poorly,3,1,General,Bottoms,Pants,444,74.82,1
1020,55,Love this skirt,5,1,General,Bottoms,Skirts,462,60.91,1
1047,63,No title provided,5,9,General,Bottoms,Pants,371,80.12,1
714,25,Great slip but runs small,5,2,Intimates,Intimate,Intimates,310,53.03,1
1095,73,Perfect summer dress,5,0,General Petite,Dresses,Dresses,323,93.07,1
399,32,No title provided,3,0,Intimates,Intimate,Lounge,186,56.47,0
863,41,No title provided,2,0,General,Tops,Knits,1885,70.52,0
1020,50,Lining too short,3,1,General,Bottoms,Skirts,845,60.91,0
835,33,No title provided,2,0,General,Tops,Blouses,1234,52.93,0
380,38,Chevron pattern off center in back,1,5,Intimates,Intimate,Swim,781,44.11,0
907,64,Lightweight cardigan,3,0,General,Tops,Fine Gauge,979,42.56,0
1098,40,Saw this on another diner and swooned!,5,2,General,Dresses,Dresses,529,98.21,1
872,52,No title provided,4,0,General,Tops,Knits,777,73.48,1
1081,46,Love this red dress!,4,0,General Petite,Dresses,Dresses,622,91.73,1
934,72,Enormous,4,3,General,Tops,Sweaters,430,83.86,1
1037,42,Super cute,4,5,General Petite,Bottoms,Jeans,762,83.76,1
1104,29,Buy if you have no fat,3,0,General,Dresses,Dresses,563,96.28,0
906,29,Versatile,5,0,General Petite,Tops,Fine Gauge,353,47.84,1
1008,28,No title provided,5,0,General,Bottoms,Skirts,250,61.13,1
406,41,Sexy with coverage,4,0,Intimates,Intimate,Swim,783,45.68,1
1078,37,Stunning!,5,14,General,Dresses,Dresses,224,93.72,1
60,25,Love the pattern,4,0,Intimates,Intimate,Lounge,629,116.2,1
861,49,Great t!!!,5,6,General,Tops,Knits,545,72.0,1
1089,29,Perfect bride dress,5,0,General,Dresses,Dresses,731,99.69,1
863,49,Nice twist on a classic tee,4,1,General,Tops,Knits,729,70.52,1
863,54,Thin fabric,2,0,General,Tops,Knits,1263,70.52,0
1094,41,"Cute dress, impossible zipper, funky sizing",2,2,General,Dresses,Dresses,1438,91.47,0
1117,57,"Came with a nice surprise"" sleeves """,4,3,General Petite,Jackets,Outerwear,534,98.51,1
1072,35,Not at all what i expected.,1,6,General,Dresses,Dresses,2473,99.14,0
862,48,Poor quality,1,0,General,Tops,Knits,3235,73.64,0
875,52,No title provided,5,0,General Petite,Tops,Knits,559,72.72,1
1072,39,Love this dress,5,1,General,Dresses,Dresses,536,99.14,1
867,39,Adorable,5,2,General Petite,Tops,Knits,725,74.79,1
828,38,No title provided,3,0,General,Tops,Blouses,867,48.45,1
818,35,Runs small,4,3,General,Tops,Blouses,929,50.65,0
926,54,Vintage appeal in a soft chunky knit,5,4,General,Tops,Sweaters,227,70.72,1
936,34,No title provided,5,0,General,Tops,Sweaters,810,76.18,1
886,47,No title provided,4,7,General Petite,Tops,Knits,349,75.86,1
872,31,Not ideal,3,0,General,Tops,Knits,1222,73.48,0
862,51,Another big boxy top,2,7,General Petite,Tops,Knits,1120,73.64,0
964,52,Functional and fab...in one piece,5,0,General Petite,Jackets,Jackets,706,125.65,1
862,35,Quality was not that great.,3,1,General Petite,Tops,Knits,1184,73.64,0
834,28,Very nice,5,0,General Petite,Tops,Blouses,681,49.52,1
1033,21,You had me at hello,5,0,General,Bottoms,Jeans,493,92.45,1
864,23,Stunning but has fit issues,4,93,General,Tops,Knits,974,70.18,1
850,56,"Lovely, versatile blouse",5,4,General,Tops,Blouses,186,49.55,1
881,37,Meh,3,1,General,Tops,Knits,421,74.78,0
1059,45,"Love these pants, highly recommend!",5,1,General,Bottoms,Pants,541,80.22,1
844,43,Short and scratchy,3,2,General,Tops,Blouses,248,58.97,0
828,67,No title provided,5,1,General Petite,Tops,Blouses,802,48.45,1
829,28,Beautiful piece,5,0,General Petite,Tops,Blouses,643,47.9,1
1099,42,No title provided,2,2,General Petite,Dresses,Dresses,1407,86.93,0
996,31,Classy basic,4,1,General,Bottoms,Skirts,625,60.63,1
281,50,This is a gorgeous swimsuit,5,1,Intimates,Intimate,Swim,516,70.92,1
1078,48,Too roomy in the bust for me,4,6,General Petite,Dresses,Dresses,275,93.72,1
938,60,Beautiful but not for me,4,0,General Petite,Tops,Sweaters,460,63.51,1
864,61,No title provided,5,5,General,Tops,Knits,698,70.18,1
895,44,Modern black and white,5,2,General Petite,Tops,Fine Gauge,586,42.2,1
830,39,Short mumu,2,4,General Petite,Tops,Blouses,432,48.89,0
927,71,Such a cute and versatile piece,5,0,General,Tops,Sweaters,599,78.48,1
862,54,Versatile top,4,5,General Petite,Tops,Knits,406,73.64,1
1035,38,No title provided,4,0,General Petite,Bottoms,Jeans,264,98.29,1
819,49,Great bouse,5,2,General Petite,Tops,Blouses,832,51.78,1
929,30,Itchy and oversized,2,2,General,Tops,Sweaters,1614,90.13,0
255,58,No title provided,4,0,Intimates,Intimate,Lounge,440,143.67,1
872,20,Cute but too large,3,0,General Petite,Tops,Knits,895,73.48,0
1078,42,"Great concept, but fell short",2,0,General,Dresses,Dresses,1496,93.72,0
862,39,Recommend if you find your size,4,1,General,Tops,Knits,806,73.64,1
1100,46,No title provided,5,0,General,Dresses,Dresses,801,101.02,1
1022,43,Awesome high waisted skinny,5,0,General,Bottoms,Jeans,531,86.44,1
194,40,No title provided,4,0,General Petite,Intimate,Lounge,585,104.84,1
1086,39,Nice casual tunic for everyday,4,1,General,Dresses,Dresses,379,97.04,1
1078,26,Don't bother,1,0,General,Dresses,Dresses,658,93.72,0
999,53,A basic for my closet,5,0,General,Bottoms,Skirts,349,59.03,1
1022,42,Crimson prima,4,0,General,Bottoms,Jeans,690,86.44,1
834,59,Perfect blouse,5,1,General Petite,Tops,Blouses,739,49.52,1
872,71,So pretty!!,5,0,General,Tops,Knits,810,73.48,1
711,61,Very light and lovely,5,1,Intimates,Intimate,Lounge,619,119.2,1
1099,24,Amazing quality and design,5,1,General Petite,Dresses,Dresses,839,86.93,1
1094,46,Cute and flattering but some flaws,3,8,General Petite,Dresses,Dresses,514,91.47,1
863,71,A great basic for your closet!,5,0,General,Tops,Knits,489,70.52,1
1089,42,Very versatile,5,2,General,Dresses,Dresses,508,99.69,1
860,25,Easy interesting top,4,0,General Petite,Tops,Knits,605,70.15,1
1077,35,No title provided,5,1,General Petite,Dresses,Dresses,457,91.1,1
909,31,Awkward sweater,2,0,General,Tops,Fine Gauge,1713,44.64,0
442,32,No title provided,4,0,Intimates,Intimate,Swim,802,56.05,1
820,46,Size 16 is perfect,5,1,General Petite,Tops,Blouses,689,53.36,1
824,32,The key to cute fit is to size down,5,2,General Petite,Tops,Blouses,422,50.91,1
1033,43,Good quality,4,0,General,Bottoms,Jeans,266,92.45,1
860,35,Runs large,3,17,General,Tops,Knits,565,70.15,0
1110,50,"Love, love, love!",5,1,General,Dresses,Dresses,663,94.49,1
169,36,Maybe not for the tall,3,0,Intimates,Intimate,Legwear,993,75.22,1
1095,65,Beautiful but the fit is off for me,5,1,General,Dresses,Dresses,367,93.07,1
360,48,Beautiful,5,0,Intimates,Intimate,Lounge,536,107.84,1
868,40,No title provided,4,0,General Petite,Tops,Knits,813,68.12,1
139,48,"Nice shirt, shrunk a lot in length after washing",3,0,Intimates,Intimate,Layering,292,81.85,1
861,45,Lots of compliments,5,1,General,Tops,Knits,443,72.0,1
1092,31,Great dress,5,0,General,Dresses,Dresses,387,97.49,1
1110,28,Frumpy and clingy,2,1,General,Dresses,Dresses,1283,94.49,0
1079,43,Beautiful spring dress,4,3,General Petite,Dresses,Dresses,970,89.22,1
1078,36,Striking dress!,4,0,General Petite,Dresses,Dresses,502,93.72,1
1078,43,Easy comfort,5,1,General Petite,Dresses,Dresses,643,93.72,1
344,34,Very fun!,4,0,Intimates,Intimate,Swim,327,76.64,1
1094,36,"Day/evening, every season, no snag tulling!",5,64,General,Dresses,Dresses,364,91.47,1
1111,55,Swam on me!,2,3,General Petite,Dresses,Dresses,944,104.78,0
1078,42,My wife loves this dress!,5,0,General,Dresses,Dresses,353,93.72,1
1026,39,Why so long?,4,0,General,Bottoms,Jeans,377,96.69,1
1083,57,Absolutely stunning!,5,6,General,Dresses,Dresses,196,93.86,1
850,81,No title provided,5,1,General,Tops,Blouses,388,49.55,1
1080,33,No title provided,5,7,General,Dresses,Dresses,534,92.12,1
1022,56,Great fit and so comfortable lightweight jean!,5,3,General,Bottoms,Jeans,112,86.44,1
999,35,Size down!,5,1,General Petite,Bottoms,Skirts,308,59.03,1
860,38,Gorgeous blouse; there is a lot of fabric,4,21,General Petite,Tops,Knits,907,70.15,1
877,26,So comfy!,5,0,General Petite,Tops,Knits,533,76.05,1
874,56,No title provided,4,7,General,Tops,Knits,442,79.32,1
850,44,Beautiful feminine blouse,5,21,General,Tops,Blouses,566,49.55,1
1078,53,No title provided,4,0,General,Dresses,Dresses,668,93.72,0
1078,27,Surprised by other comments about size/bust,5,3,General,Dresses,Dresses,703,93.72,1
1008,55,Pretty flattering skirt,5,1,General,Bottoms,Skirts,280,61.13,1
923,46,No title provided,4,1,General,Tops,Sweaters,540,94.66,1
862,38,No title provided,2,1,General,Tops,Knits,1657,73.64,0
1078,56,Great dress,4,0,General Petite,Dresses,Dresses,812,93.72,1
1078,39,Beautiful impulse buy,5,0,General,Dresses,Dresses,311,93.72,1
974,36,Beautiful but too small...,4,1,General Petite,Jackets,Jackets,293,125.76,1
1151,35,So happy with purchse!,5,0,General,Dresses,Dresses,230,85.74,1
860,33,Boxy fit,3,0,General,Tops,Knits,1330,70.15,1
1078,44,Pretty in pink,3,1,General,Dresses,Dresses,828,93.72,1
24,39,No title provided,5,0,Intimates,Intimate,Swim,393,66.25,1
861,45,Very pretty and different,5,0,General,Tops,Knits,393,72.0,1
862,57,"Colors not great on me.,..",3,0,General Petite,Tops,Knits,740,73.64,1
841,37,Beautiful flowy top,5,2,General Petite,Tops,Blouses,731,41.58,1
850,41,Picture doesn't do it justice!,4,5,General Petite,Tops,Blouses,582,49.55,1
282,49,Comfy and cute,5,0,General,Bottoms,Shorts,349,34.65,1
1066,38,Great chinos,5,0,General,Bottoms,Pants,699,73.42,1
1083,41,No title provided,3,0,General,Dresses,Dresses,203,93.86,0
1094,34,Love this dress!,5,5,General,Dresses,Dresses,477,91.47,1
863,46,Runs huge!,4,1,General,Tops,Knits,293,70.52,1
864,39,"Baggy yes, but meant to be",4,1,General,Tops,Knits,935,70.18,1
241,36,Good for d cups,5,10,Intimates,Intimate,Swim,209,52.05,1
974,39,Fun and classic,4,1,General,Jackets,Jackets,139,125.76,1
850,64,No title provided,5,0,General,Tops,Blouses,656,49.55,1
993,41,"Beautiful, but tight",4,16,General,Bottoms,Skirts,944,58.25,1
820,34,So cute,5,0,General Petite,Tops,Blouses,527,53.36,1
861,37,No title provided,5,0,General,Tops,Knits,286,72.0,1
674,36,Fun,5,0,General Petite,Intimate,Lounge,245,89.78,1
907,70,Great detail work,5,2,General Petite,Tops,Fine Gauge,389,42.56,1
815,26,Pretty back,3,0,General,Tops,Blouses,301,47.28,1
1077,24,Flattering,5,0,General,Dresses,Dresses,684,91.1,1
1025,31,Always like paige jeans,4,3,General,Bottoms,Jeans,860,83.99,1
1093,42,No title provided,4,0,General,Dresses,Dresses,865,119.27,1
1061,30,Like fancy pjs,5,0,General,Bottoms,Pants,765,81.45,1
1076,51,Red dress,4,1,General Petite,Dresses,Dresses,443,101.83,1
861,40,"Cute idea, poor execution",3,6,General,Tops,Knits,462,72.0,1
1078,41,Great dress for every day,5,0,General Petite,Dresses,Dresses,153,93.72,1
909,39,"Nice, soft, cozy... sheds!",4,0,General,Tops,Fine Gauge,520,44.64,1
854,59,Poor quality,1,3,General,Tops,Knits,3541,73.19,0
1001,36,Love this skirt!,5,0,General,Bottoms,Skirts,407,60.71,1
1103,34,No title provided,5,0,General,Dresses,Dresses,525,116.9,1
1080,62,Keeper!,5,6,General,Dresses,Dresses,315,92.12,1
1077,51,Gorgeous,5,6,General Petite,Dresses,Dresses,514,91.1,1
829,42,Awesome shirt,5,0,General Petite,Tops,Blouses,675,47.9,1
467,54,Great bikini top if you cna find the right fit,5,0,Intimates,Intimate,Swim,567,62.1,1
1022,34,Great alternative to black pants,4,4,General,Bottoms,Jeans,875,86.44,1
1094,36,Jumpsuit revelations,5,17,General,Dresses,Dresses,512,91.47,1
861,29,Super cute print,5,0,General,Tops,Knits,392,72.0,1
1086,47,Great summer dress or shirt,5,4,General,Dresses,Dresses,442,97.04,1
867,48,Cute sweatshirt,5,0,General,Tops,Knits,545,74.79,1
350,53,"Runs large, not the most flattering fit",2,12,General,Bottoms,Shorts,1167,43.34,0
927,35,Versatile,4,2,General Petite,Tops,Sweaters,291,78.48,1
903,40,No title provided,4,0,General Petite,Tops,Fine Gauge,607,42.72,1
1177,30,Fun swim top,5,0,Intimates,Intimate,Swim,228,40.79,1
907,54,Adorable!!!,5,0,General Petite,Tops,Fine Gauge,269,42.56,1
863,40,Good material,4,2,General,Tops,Knits,451,70.52,1
1094,47,"Love it, but it's huge!",4,1,General Petite,Dresses,Dresses,161,91.47,0
1091,48,Gorgeous print,5,1,General Petite,Dresses,Dresses,658,96.01,1
1112,44,"Beautiful, elegant and soooo soft",5,0,General,Jackets,Outerwear,728,117.62,1
927,42,Pricey but nice,5,0,General,Tops,Sweaters,749,78.48,1
289,35,Oh-my-gosh,5,4,Intimates,Intimate,Swim,757,79.78,1
817,31,Not for everyone,3,0,General Petite,Tops,Blouses,663,48.62,0
1081,55,Lovely just lovely,5,0,General Petite,Dresses,Dresses,207,91.73,1
1078,79,Love this dress!,5,1,General Petite,Dresses,Dresses,681,93.72,1
1075,42,Dress for you and your whole family,1,2,General Petite,Dresses,Dresses,2261,88.95,0
592,44,Favorite shorts,5,0,General,Bottoms,Shorts,422,50.22,1
1047,41,Beautiful joggers,5,4,General Petite,Bottoms,Pants,276,80.12,1
850,36,No title provided,5,0,General,Tops,Blouses,507,49.55,1
1083,33,Finally on sale!,5,0,General Petite,Dresses,Dresses,365,93.86,1
1016,34,So long!,5,0,General Petite,Bottoms,Skirts,642,58.11,1
1033,53,Cute but not for me,3,0,General,Bottoms,Jeans,583,92.45,1
984,46,Cropped,3,2,General,Jackets,Jackets,836,120.15,1
1110,47,Silky and sweet,4,2,General,Dresses,Dresses,645,94.49,1
1138,38,Unique blouse; does not flatter full figures,4,3,General,Trend,Trend,885,71.79,1
995,39,"Comfortable, soft",4,0,General,Bottoms,Skirts,140,62.21,1
1103,49,Beautiful color,4,2,General,Dresses,Dresses,471,116.9,1
375,35,Love the coral color,5,6,Intimates,Intimate,Lounge,254,97.48,1
1081,23,Love this dress!!!,5,30,General Petite,Dresses,Dresses,685,91.73,1
1086,35,"Cute t-shirt dress, overpriced",3,1,General,Dresses,Dresses,282,97.04,0
1068,42,Love!,5,3,General,Bottoms,Pants,517,76.56,1
828,53,Nice design but too sheer,3,0,General,Tops,Blouses,1174,48.45,0
864,29,Love!,5,3,General Petite,Tops,Knits,709,70.18,1
1081,31,All about the swing!,5,0,General Petite,Dresses,Dresses,403,91.73,1
774,44,A little short but...,4,1,Intimates,Intimate,Lounge,561,108.12,1
862,52,Cute but...,2,6,General Petite,Tops,Knits,335,73.64,0
1072,55,No title provided,5,6,General Petite,Dresses,Dresses,253,99.14,1
1004,44,Hurray for corduroy,5,4,General Petite,Bottoms,Skirts,424,59.69,1
1020,31,No title provided,5,1,General,Bottoms,Skirts,170,60.91,1
257,61,Very cute and comfy,5,4,Intimates,Intimate,Lounge,151,91.81,1
1035,41,Just a perfect pair!,5,4,General,Bottoms,Jeans,290,98.29,1
862,41,Super soft!,5,0,General,Tops,Knits,677,73.64,1
1075,35,Didn't meet expectations,2,0,General,Dresses,Dresses,661,88.95,0
862,44,No title provided,4,2,General,Tops,Knits,186,73.64,1
1110,67,Cute..some considerations,4,16,General,Dresses,Dresses,296,94.49,1
880,50,Comfortable as hoped,5,0,General Petite,Tops,Knits,139,75.0,1
1137,52,Elegant retro sweater tee,5,1,General,Trend,Trend,685,64.41,1
1078,44,No title provided,3,3,General Petite,Dresses,Dresses,670,93.72,0
949,36,Love this sweater!,5,2,General,Tops,Sweaters,617,72.49,1
1081,68,No title provided,5,0,General Petite,Dresses,Dresses,608,91.73,1
836,48,Strange!,1,0,General Petite,Tops,Blouses,556,52.71,0
1080,49,Beautiful dress,5,1,General Petite,Dresses,Dresses,247,92.12,1
1111,56,Curves: yes,5,0,General,Dresses,Dresses,202,104.78,1
886,42,Great color!,5,0,General Petite,Tops,Knits,721,75.86,1
868,34,Depends on body type,2,7,General,Tops,Knits,310,68.12,0
1110,34,Perfect summer work or play dress,5,2,General,Dresses,Dresses,326,94.49,1
829,32,"Floaty empire, classic white",5,1,General,Tops,Blouses,775,47.9,1
1008,46,Cute and comfy,5,7,General Petite,Bottoms,Skirts,422,61.13,1
636,35,Disappointing quality,2,0,General Petite,Intimate,Lounge,986,68.64,0
29,26,Perfect fit an flare,5,0,General Petite,Dresses,Dresses,277,81.93,1
873,47,No title provided,5,0,General,Tops,Knits,559,75.3,1
1081,57,Love love love,5,3,General,Dresses,Dresses,197,91.73,1
1028,39,Love,5,1,General,Bottoms,Jeans,710,79.71,1
1081,47,"Beautiful color, too full in the top",4,5,General Petite,Dresses,Dresses,887,91.73,1
166,61,Soft & slinky,5,0,Intimates,Intimate,Layering,260,80.84,1
984,71,Great jacket!!,5,1,General,Jackets,Jackets,748,120.15,1
1094,65,Ingenious mix of line and detail: ranna gill!,5,9,General,Dresses,Dresses,821,91.47,1
1095,41,Great dress!,5,0,General Petite,Dresses,Dresses,711,93.07,1
498,48,No title provided,2,0,General Petite,Intimate,Lounge,675,75.78,0
965,32,Looks cheap,1,0,General Petite,Jackets,Jackets,2192,117.52,0
1082,41,Lovely white dress for summertime,5,1,General,Dresses,Dresses,585,92.41,1
1028,48,Rocket crop rocks,5,0,General Petite,Bottoms,Jeans,577,79.71,1
1031,39,Unflattering,2,0,General,Bottoms,Jeans,1222,100.38,0
1025,33,High rise,1,2,General Petite,Bottoms,Jeans,2577,83.99,0
940,54,Linty & pills,1,2,General,Tops,Sweaters,2956,77.06,0
137,30,Soft cute socks,5,0,Intimates,Intimate,Legwear,629,85.94,1
936,41,Great sweater,5,0,General Petite,Tops,Sweaters,155,76.18,1
868,34,Cute top,5,2,General,Tops,Knits,508,68.12,1
854,39,Love it!,5,0,General,Tops,Knits,240,73.19,1
1095,32,Had to buy it.,5,0,General,Dresses,Dresses,691,93.07,1
831,38,Lovely top,5,0,General Petite,Tops,Blouses,574,47.37,1
1095,45,Very flattering dress!,5,4,General,Dresses,Dresses,231,93.07,1
872,39,Cool,5,4,General,Tops,Knits,381,73.48,1
865,34,Beautiful top,5,1,General Petite,Tops,Knits,364,71.54,1
1081,29,Comfort,5,0,General Petite,Dresses,Dresses,423,91.73,1
1098,69,Love this dress,5,2,General,Dresses,Dresses,248,98.21,1
829,64,Yes it's scratchy but it can work out!,4,2,General Petite,Tops,Blouses,880,47.9,1
1078,43,Simple beauty,5,1,General Petite,Dresses,Dresses,609,93.72,1
940,57,Perfect sweater coat,5,0,General,Tops,Sweaters,450,77.06,1
828,55,Adorable!,5,0,General,Tops,Blouses,308,48.45,1
1020,38,Great fit for curves,5,1,General Petite,Bottoms,Skirts,277,60.91,1
666,35,No title provided,5,0,Intimates,Intimate,Sleep,298,35.06,1
1059,37,Wow,5,0,General Petite,Bottoms,Pants,192,80.22,1
1052,39,Must have for fall..,5,7,General,Bottoms,Pants,655,72.58,1
1080,29,Slip and lace overlay,5,1,General,Dresses,Dresses,490,92.12,1
1056,49,Super cute,5,0,General Petite,Bottoms,Pants,261,74.82,1
1081,39,"Comfy, big armholes , ok",4,4,General Petite,Dresses,Dresses,754,91.73,1
936,35,Not retailer's best,2,9,General Petite,Tops,Sweaters,987,76.18,0
873,32,Really nice top,5,0,General,Tops,Knits,808,75.3,1
825,37,No title provided,4,0,General Petite,Tops,Blouses,458,51.28,1
1083,34,Beautiful,5,8,General,Dresses,Dresses,508,93.86,1
670,66,Beautiful fabric and style,4,0,Intimates,Intimate,Sleep,144,17.7,1
1083,45,Fits like a glove,5,4,General,Dresses,Dresses,749,93.86,1
1086,31,No title provided,2,1,General,Dresses,Dresses,1728,97.04,0
936,45,Comfy,4,2,General Petite,Tops,Sweaters,933,76.18,1
1022,35,Perfect high rise jeans,5,1,General,Bottoms,Jeans,525,86.44,1
1008,52,Love love love,5,0,General Petite,Bottoms,Skirts,389,61.13,1
895,49,Pretty cropped cardigan.,4,0,General,Tops,Fine Gauge,527,42.2,1
878,66,Cozy lounger,5,2,General Petite,Tops,Knits,549,69.9,1
866,35,Not as flattering as in picture,3,7,General,Tops,Knits,1003,77.38,0
61,36,Great quality tank,5,0,Intimates,Intimate,Layering,720,102.08,1
1084,29,Beautiful easy to wear dress,5,0,General,Dresses,Dresses,410,94.59,1
1068,45,Wow,5,0,General Petite,Bottoms,Pants,372,76.56,1
1033,37,Perfect,5,7,General,Bottoms,Jeans,349,92.45,1
124,43,Soft & cozy,5,1,Intimates,Intimate,Sleep,576,34.44,1
895,61,Classy!,5,0,General Petite,Tops,Fine Gauge,483,42.2,1
907,64,Very nice!,5,3,General,Tops,Fine Gauge,267,42.56,1
520,38,Sheer but great fit,4,0,Intimates,Intimate,Layering,641,101.42,1
837,44,Adorable tank!,5,1,General,Tops,Blouses,831,55.15,1
1078,31,Misleading product photos,3,2,General,Dresses,Dresses,1000,93.72,0
940,46,No title provided,5,0,General,Tops,Sweaters,298,77.06,1
868,32,Huge but so soft,4,1,General,Tops,Knits,608,68.12,1
1082,57,No title provided,5,2,General Petite,Dresses,Dresses,244,92.41,1
1035,44,Great crop staple,5,0,General Petite,Bottoms,Jeans,513,98.29,1
927,47,Great style but lacking quality,2,7,General,Tops,Sweaters,277,78.48,1
1081,29,Perfect for maternity... and beyond,5,0,General Petite,Dresses,Dresses,453,91.73,1
1006,39,It's just horrible..,2,0,General,Bottoms,Skirts,754,61.41,0
1059,36,Love love love,5,3,General,Bottoms,Pants,385,80.22,1
1094,48,Striking and adorable,5,5,General,Dresses,Dresses,481,91.47,1
1077,27,Cute but tight in hips,4,0,General,Dresses,Dresses,327,91.1,1
1086,32,Love this!,5,8,General,Dresses,Dresses,231,97.04,1
1104,35,Good for broader shoulders,4,1,General Petite,Dresses,Dresses,322,96.28,1
886,39,Weird shape.,2,15,General Petite,Tops,Knits,1707,75.86,0
1095,62,Great dress,4,0,General Petite,Dresses,Dresses,918,93.07,1
992,39,Way too small,2,10,General,Bottoms,Skirts,1862,63.68,0
850,44,Even more lovely in person!,5,1,General Petite,Tops,Blouses,158,49.55,1
1035,39,No title provided,5,1,General,Bottoms,Jeans,662,98.29,1
830,53,Such a cute top!,5,0,General,Tops,Blouses,329,48.89,1
1081,44,"Simple, soft and put together",4,0,General Petite,Dresses,Dresses,423,91.73,1
1077,33,"Great style, but fabric could be better",4,1,General,Dresses,Dresses,449,91.1,1
873,34,No title provided,5,17,General,Tops,Knits,320,75.3,1
1098,38,Beautiful,5,0,General,Dresses,Dresses,592,98.21,1
1033,35,No title provided,4,0,General Petite,Bottoms,Jeans,797,92.45,1
1059,41,Super cute for the office!,5,0,General Petite,Bottoms,Pants,161,80.22,1
815,63,No title provided,2,0,General Petite,Tops,Blouses,703,47.28,0
828,40,Not soft like other cloth and stone tops,2,3,General,Tops,Blouses,1021,48.45,0
1076,62,A huge miss that could've been a hit,2,0,General,Dresses,Dresses,1592,101.83,0
833,60,Embroidered tank,5,1,General,Tops,Blouses,176,49.96,1
872,42,No title provided,1,0,General Petite,Tops,Knits,3530,73.48,0
862,53,Comfortable!,5,0,General Petite,Tops,Knits,747,73.64,1
850,35,Makes you feel like a million bucks,5,2,General,Tops,Blouses,588,49.55,1
868,55,"Super cute--casual top, waffle texture",5,0,General Petite,Tops,Knits,250,68.12,1
868,35,No title provided,4,0,General,Tops,Knits,583,68.12,1
1035,32,Why change a classic?,1,4,General,Bottoms,Jeans,3261,98.29,0
1026,48,Perfect,5,1,General,Bottoms,Jeans,582,96.69,1
1081,39,Plain and simple,5,0,General Petite,Dresses,Dresses,643,91.73,1
1078,49,"No, just no.",1,0,General Petite,Dresses,Dresses,2843,93.72,0
818,60,Gaping,2,0,General Petite,Tops,Blouses,1392,50.65,0
1072,44,Beautiful,5,0,General Petite,Dresses,Dresses,555,99.14,1
1094,38,Cute however...,3,0,General Petite,Dresses,Dresses,846,91.47,1
1123,34,No title provided,4,0,General,Jackets,Outerwear,293,135.82,1
1110,29,So cute!,5,10,General,Dresses,Dresses,303,94.49,1
829,25,New favorite top,5,6,General,Tops,Blouses,791,47.9,1
1081,32,Perfect dress,5,4,General,Dresses,Dresses,328,91.73,1
1080,42,No title provided,4,0,General,Dresses,Dresses,934,92.12,1
945,23,Opted for larger size,5,4,General,Tops,Sweaters,637,79.07,1
909,68,Beautiful color,5,0,General Petite,Tops,Fine Gauge,732,44.64,1
1095,52,Stylish shift,4,1,General,Dresses,Dresses,392,93.07,1
1072,39,Obsessed,5,1,General Petite,Dresses,Dresses,294,99.14,1
850,61,So pretty!,5,1,General,Tops,Blouses,257,49.55,1
1033,53,Nice but no...,3,2,General Petite,Bottoms,Jeans,674,92.45,1
854,27,Beautiful but boxy,4,0,General,Tops,Knits,689,73.19,1
282,42,No title provided,4,1,General,Bottoms,Shorts,837,34.65,1
903,57,Adorable top!,5,0,General,Tops,Fine Gauge,498,42.72,1
1110,50,"Cute design, poor material",2,4,General Petite,Dresses,Dresses,961,94.49,1
364,49,No title provided,5,8,General Petite,Intimate,Lounge,550,101.11,1
572,40,Flower sack,2,10,General,Trend,Trend,1056,54.63,0
831,27,No title provided,3,0,General,Tops,Blouses,564,47.37,1
1030,38,So long,3,0,General,Bottoms,Jeans,350,97.28,1
861,40,Cute pattern,4,0,General,Tops,Knits,529,72.0,1
947,67,Delaney pullover,4,0,General,Tops,Sweaters,956,95.98,1
876,35,Wow! so unique,5,13,General,Tops,Knits,506,72.01,1
172,37,Cozy,5,0,Intimates,Intimate,Sleep,294,27.89,1
873,45,Unique top,5,3,General,Tops,Knits,186,75.3,1
947,45,It's a bell,3,1,General,Tops,Sweaters,879,95.98,0
1066,29,Super cute pants,5,1,General,Bottoms,Pants,610,73.42,1
993,54,Fun skirt,5,1,General,Bottoms,Skirts,500,58.25,1
895,38,Prettier in person,5,0,General,Tops,Fine Gauge,172,42.2,1
862,29,Satisfactory,3,0,General,Tops,Knits,1326,73.64,0
1059,71,Loved at first but...,3,0,General,Bottoms,Pants,1136,80.22,0
1035,55,Finally found a perfect pair of jeans,5,27,General,Bottoms,Jeans,838,98.29,1
829,59,No title provided,5,2,General,Tops,Blouses,600,47.9,1
1137,69,The tee i have always been looking for!,5,1,General,Trend,Trend,352,64.41,1
1094,58,Comfy dress,4,2,General,Dresses,Dresses,804,91.47,1
876,51,Great peasant-style top!,5,0,General Petite,Tops,Knits,365,72.01,1
865,32,Keeper!,5,1,General Petite,Tops,Knits,333,71.54,1
622,28,Pretty summer top,4,3,Intimates,Intimate,Lounge,442,99.03,1
1,36,Staple tank!,5,0,Intimates,Intimate,Layering,320,112.43,1
964,25,No title provided,5,0,General,Jackets,Jackets,130,125.65,1
1011,47,Great texture,5,14,General,Bottoms,Skirts,159,67.37,1
1001,59,So tweet!!,5,0,General,Bottoms,Skirts,301,60.71,1
974,53,Wait for a sale,3,3,General,Jackets,Jackets,991,125.76,1
829,52,Great top,5,2,General,Tops,Blouses,795,47.9,1
1026,35,Great legging cord!!,4,0,General Petite,Bottoms,Jeans,953,96.69,1
868,37,Maybe in another fabric??,2,0,General,Tops,Knits,711,68.12,0
1078,23,Great,5,1,General,Dresses,Dresses,532,93.72,1
1081,37,No title provided,5,0,General,Dresses,Dresses,410,91.73,1
1110,34,"Beautiful fabric, frumpy looking on me, however",3,7,General,Dresses,Dresses,1092,94.49,1
927,63,"Pretty, but heavy and thick",3,1,General,Tops,Sweaters,1020,78.48,0
172,36,Great travel piece,5,2,Intimates,Intimate,Sleep,406,27.89,1
196,51,Love it!,5,0,Intimates,Intimate,Sleep,385,41.33,1
1089,35,Wanted to love,2,5,General,Dresses,Dresses,1631,99.69,0
850,33,Versatile blouse!,4,0,General,Tops,Blouses,828,49.55,1
820,44,Pretty and feminine,5,13,General,Tops,Blouses,533,53.36,1
1072,67,This dress is adorable!!,5,1,General,Dresses,Dresses,723,99.14,1
453,34,Please stop going down in fabric quality,2,3,General,Bottoms,Shorts,715,40.35,0
1103,29,Gorgeous but...,4,0,General,Dresses,Dresses,197,116.9,1
1089,67,Elegant and eye-catching,5,0,General Petite,Dresses,Dresses,674,99.69,1
644,32,Pilled immediately,1,0,Intimates,Intimate,Intimates,2580,60.89,0
1066,54,Pilcro perfect,5,0,General,Bottoms,Pants,526,73.42,1
573,39,So pretty,5,3,General Petite,Trend,Trend,543,62.52,1
782,37,Cute top,4,4,Intimates,Intimate,Lounge,419,90.47,1
1033,35,Classic jean,5,1,General Petite,Bottoms,Jeans,604,92.45,1
1095,51,Gorgeous!,5,0,General Petite,Dresses,Dresses,526,93.07,1
860,64,Lovely but...,3,2,General Petite,Tops,Knits,494,70.15,0
1094,33,Swinging dress!,4,0,General Petite,Dresses,Dresses,249,91.47,1
1078,38,Too flowy,3,0,General,Dresses,Dresses,1174,93.72,0
867,49,So pretty,5,2,General,Tops,Knits,551,74.79,1
854,65,Pretty much beautiful,5,11,General,Tops,Knits,226,73.19,1
858,40,Beautiful classic shirt!,4,0,General Petite,Tops,Knits,128,73.83,1
816,66,Great shirt,5,0,General,Tops,Blouses,357,66.47,1
1065,47,"Great, versatile and comfy",5,0,General,Bottoms,Pants,440,58.47,1
1008,49,This skirt is amazing,5,0,General Petite,Bottoms,Skirts,613,61.13,1
834,27,Flattering!,5,0,General Petite,Tops,Blouses,318,49.52,1
1094,53,Thick and heavy,3,0,General,Dresses,Dresses,1072,91.47,1
1109,32,No title provided,5,0,General Petite,Dresses,Dresses,321,113.83,1
872,47,Cute top!,4,0,General Petite,Tops,Knits,383,73.48,1
1008,34,"Everyday skirt, but just okay",2,13,General Petite,Bottoms,Skirts,622,61.13,1
863,46,Great find on sale!,5,0,General,Tops,Knits,310,70.52,1
440,45,Soooooo soft!,5,2,Intimates,Intimate,Lounge,314,73.48,1
1089,41,Gorgeous!,5,0,General Petite,Dresses,Dresses,221,99.69,1
834,41,Flattering top,5,1,General,Tops,Blouses,521,49.52,1
936,41,No title provided,5,23,General,Tops,Sweaters,696,76.18,1
806,40,Forget about wearing a bra,2,0,General Petite,Intimate,Lounge,1200,105.07,0
828,41,No title provided,4,0,General,Tops,Blouses,992,48.45,1
172,70,Soft and beautiful,5,2,Intimates,Intimate,Sleep,251,27.89,1
942,54,Endless possibilities,5,0,General,Tops,Sweaters,162,69.35,1
831,47,Gorgeous and unique,5,0,General,Tops,Blouses,650,47.37,1
826,40,This shirt is a versatile piece.,4,2,General,Tops,Blouses,301,47.75,1
929,47,Pretty but heavy,3,1,General,Tops,Sweaters,658,90.13,1
820,45,No title provided,4,0,General,Tops,Blouses,791,53.36,1
872,49,Gorgeous and useful,5,5,General,Tops,Knits,471,73.48,1
862,57,No title provided,5,5,General Petite,Tops,Knits,623,73.64,1
1087,46,No title provided,5,0,General Petite,Dresses,Dresses,619,91.71,1
1110,39,Nice dress but not for me,4,0,General Petite,Dresses,Dresses,711,94.49,0
850,67,Best purchase anywhere lately!,5,4,General,Tops,Blouses,559,49.55,1
1081,54,Wow!,5,3,General,Dresses,Dresses,704,91.73,1
1056,47,"Flattering, great material",5,1,General,Bottoms,Pants,124,74.82,1
1117,40,Vintage style,5,0,General,Jackets,Outerwear,422,98.51,1
862,32,No title provided,4,11,General,Tops,Knits,724,73.64,1
1087,47,No title provided,4,0,General,Dresses,Dresses,737,91.71,1
865,21,Love this!,5,0,General,Tops,Knits,799,71.54,1
861,64,Classic tee with flirty details,4,0,General,Tops,Knits,185,72.0,1
1082,48,Unique plaid dress,4,1,General Petite,Dresses,Dresses,780,92.41,1
829,30,This blouse is a perfect fall print!,4,0,General Petite,Tops,Blouses,638,47.9,1
1110,42,Not a fan,3,0,General Petite,Dresses,Dresses,924,94.49,0
960,26,Schoolboy look,4,5,General,Jackets,Jackets,345,120.35,0
1108,56,Love this dress,5,2,General,Dresses,Dresses,781,71.83,1
863,73,No title provided,3,4,General,Tops,Knits,1036,70.52,0
1094,32,So perfect...except that zipper,2,2,General Petite,Dresses,Dresses,1155,91.47,0
1086,46,Loved the t shirt and want this to work,4,2,General,Dresses,Dresses,307,97.04,1
1042,30,Beautiful piece,3,0,General,Bottoms,Pants,538,95.1,1
1078,45,Awesome dress/tunic,5,0,General,Dresses,Dresses,718,93.72,1
1087,36,So beautiful!,5,12,General,Dresses,Dresses,757,91.71,1
1047,49,No title provided,2,12,General Petite,Bottoms,Pants,1081,80.12,0
870,26,Nice casual top,4,2,General Petite,Tops,Knits,793,72.25,1
287,53,Nothing special,4,0,Intimates,Intimate,Lounge,269,110.51,1
822,46,Flattering and colorful,5,1,General,Tops,Blouses,215,42.99,1
831,25,Stunning blouse,5,0,General,Tops,Blouses,237,47.37,1
879,34,"Very nice, but not for me",4,5,General,Tops,Knits,786,73.13,1
828,56,Runs small,4,0,General,Tops,Blouses,709,48.45,1
1081,46,"Comfortable, long, cool",4,27,General Petite,Dresses,Dresses,848,91.73,1
1080,42,No title provided,3,8,General,Dresses,Dresses,371,92.12,0
836,32,Really cute top,5,0,General,Tops,Blouses,223,52.71,1
1027,19,Best jeans!,5,0,General,Bottoms,Jeans,497,86.51,1
876,39,No title provided,5,0,General,Tops,Knits,376,72.01,1
1097,61,Great dress for full figure,5,1,General,Dresses,Dresses,314,91.88,1
868,39,Cute go to for fall,5,11,General,Tops,Knits,381,68.12,1
1082,57,Really wanted to love this dress,2,6,General Petite,Dresses,Dresses,835,92.41,0
821,45,Great shirt,5,0,General,Tops,Blouses,204,66.63,1
1096,40,Gorgeous feminine dress,5,3,General,Dresses,Dresses,700,90.16,1
828,27,Beautiful detail,5,11,General,Tops,Blouses,202,48.45,1
872,62,"Unique, casual top",4,0,General Petite,Tops,Knits,679,73.48,1
150,34,Husband said it looked like a straight jacket,2,0,Intimates,Intimate,Sleep,430,29.38,0
862,41,Runs long,4,0,General,Tops,Knits,734,73.64,1
166,56,Soft basic tee,5,0,Intimates,Intimate,Layering,314,80.84,1
1094,37,So many compliments!,5,0,General Petite,Dresses,Dresses,756,91.47,1
1047,56,"""formal pajamas""",5,2,General Petite,Bottoms,Pants,273,80.12,1
1009,26,Just as expected,5,0,General,Bottoms,Skirts,157,57.29,1
1094,41,Broad shouldered,4,15,General,Dresses,Dresses,274,91.47,0
1092,38,Preggers,2,1,General Petite,Dresses,Dresses,570,97.49,0
1110,36,No title provided,3,8,General,Dresses,Dresses,199,94.49,0
1089,43,No title provided,5,0,General,Dresses,Dresses,309,99.69,1
825,65,Loved the blouse,2,0,General,Tops,Blouses,1042,51.28,1
1093,34,Gorgeous,5,0,General,Dresses,Dresses,366,119.27,1
1086,36,Great dress but long,4,0,General,Dresses,Dresses,340,97.04,1
1078,34,No title provided,5,0,General,Dresses,Dresses,331,93.72,1
907,41,No title provided,5,1,General,Tops,Fine Gauge,278,42.56,1
1078,39,A great addition to any wardrobe,4,0,General,Dresses,Dresses,381,93.72,1
829,46,Crazy big,3,1,General Petite,Tops,Blouses,538,47.9,1
1086,39,No title provided,5,0,General,Dresses,Dresses,439,97.04,1
1033,23,My new favorite!,5,0,General,Bottoms,Jeans,828,92.45,1
1094,40,Comfortable but you need good undergarments,4,0,General,Dresses,Dresses,233,91.47,1
562,35,No title provided,5,10,General,Trend,Trend,243,82.6,1
1104,56,Very flattering dress,5,5,General,Dresses,Dresses,679,96.28,1
1086,62,Love!,5,20,General,Dresses,Dresses,610,97.04,1
1110,44,Elegant casual,5,9,General,Dresses,Dresses,691,94.49,1
331,52,Cute and well made,5,1,Intimates,Intimate,Lounge,291,72.94,1
873,48,Tank top with a little something extra,5,2,General Petite,Tops,Knits,798,75.3,1
867,36,"Beautiful, romantic top",5,0,General Petite,Tops,Knits,155,74.79,1
876,65,"Seriously, the perfect summer top!",5,1,General,Tops,Knits,212,72.01,1
865,21,Cute design,5,0,General,Tops,Knits,482,71.54,1
583,26,Perfect for summer nights!,5,1,Intimates,Intimate,Lounge,807,75.59,1
909,41,On the fence,4,0,General,Tops,Fine Gauge,779,44.64,1
886,48,Great casual top,5,9,General,Tops,Knits,791,75.86,1
1092,36,No title provided,4,6,General Petite,Dresses,Dresses,736,97.49,1
52,48,Cant go wrong,5,0,General,Bottoms,Shorts,401,47.52,1
1059,57,No title provided,5,0,General Petite,Bottoms,Pants,492,80.22,1
872,53,Poorly made,3,5,General,Tops,Knits,564,73.48,0
830,35,Tight in the chest,4,2,General,Tops,Blouses,683,48.89,1
881,21,Pretty but the doesn't fit right.,4,4,General,Tops,Knits,385,74.78,1
1095,41,"Ice cream, you scream!",2,2,General Petite,Dresses,Dresses,1604,93.07,0
1082,35,No title provided,5,1,General Petite,Dresses,Dresses,632,92.41,1
1082,47,Shapeless,2,0,General Petite,Dresses,Dresses,1648,92.41,0
424,24,Lovely but not for me,3,0,Intimates,Intimate,Lounge,1263,92.9,1
876,66,No title provided,5,0,General,Tops,Knits,851,72.01,1
1110,29,Beautiful,5,4,General Petite,Dresses,Dresses,647,94.49,1
226,35,Versatile,5,1,Intimates,Intimate,Sleep,416,24.24,1
949,52,Soft and easy,5,0,General,Tops,Sweaters,645,72.49,1
1088,41,No title provided,4,0,General,Dresses,Dresses,831,77.19,1
907,20,No title provided,4,0,General,Tops,Fine Gauge,192,42.56,1
850,68,Gorgeous top with a hint of pizazz,5,3,General Petite,Tops,Blouses,216,49.55,1
829,53,"Again, my bad for not looking at description...",2,1,General,Tops,Blouses,363,47.9,0
940,42,Love this cozy sweater,5,0,General,Tops,Sweaters,479,77.06,1
1121,30,Wonderful coat,4,1,General,Jackets,Outerwear,199,109.42,1
868,29,Shapeless,2,1,General,Tops,Knits,217,68.12,0
1104,44,No title provided,5,0,General Petite,Dresses,Dresses,523,96.28,1
1094,39,Kind of sexy,4,4,General Petite,Dresses,Dresses,295,91.47,1
877,27,No title provided,4,2,General,Tops,Knits,451,76.05,1
1072,49,Luisa swing dress,5,0,General,Dresses,Dresses,212,99.14,1
875,36,Cute summer top,5,0,General,Tops,Knits,556,72.72,1
1078,49,Cute but skip the petite unless you are very short,5,3,General,Dresses,Dresses,693,93.72,1
862,74,Beautiful halter to show off shoulders!,5,16,General Petite,Tops,Knits,436,73.64,1
840,60,No title provided,4,0,General,Tops,Blouses,774,53.82,1
866,23,Great hoodie!,5,0,General Petite,Tops,Knits,505,77.38,1
1089,39,No title provided,3,2,General,Dresses,Dresses,820,99.69,0
829,69,Love it,5,1,General Petite,Tops,Blouses,612,47.9,1
834,54,Weekend cuteness!,5,5,General,Tops,Blouses,774,49.52,1
831,37,Beautiful blouse,5,0,General,Tops,Blouses,434,47.37,1
830,26,Love this top,4,1,General,Tops,Blouses,593,48.89,1
868,41,Huge,2,0,General Petite,Tops,Knits,1447,68.12,0
862,38,In love with this top!,5,0,General,Tops,Knits,791,73.64,1
155,22,Blue tights,5,0,Intimates,Intimate,Legwear,558,62.77,1
824,53,Cute shirt with unique pattern,4,2,General Petite,Tops,Blouses,1015,50.91,1
1096,35,Wanted to love this,3,3,General,Dresses,Dresses,933,90.16,0
1035,40,Perfect!,5,1,General Petite,Bottoms,Jeans,244,98.29,1
1024,31,In love!!,5,1,General,Bottoms,Jeans,273,89.76,1
895,61,More shimmery than pictured,5,0,General Petite,Tops,Fine Gauge,738,42.2,1
974,33,Uniqueness won over a couple of flaws,4,0,General Petite,Jackets,Jackets,210,125.76,1
875,31,Cute little two-in-one,4,1,General,Tops,Knits,267,72.72,1
872,26,Versatile tank!,5,0,General,Tops,Knits,262,73.48,1
282,48,Fave shorts,5,0,General,Bottoms,Shorts,224,34.65,1
1059,65,Another charlie winner,5,16,General,Bottoms,Pants,269,80.22,1
1083,36,Everything and more,5,0,General,Dresses,Dresses,465,93.86,1
1078,32,Great summer dress,5,9,General,Dresses,Dresses,576,93.72,1
1099,41,Gorgeous!!!,5,3,General Petite,Dresses,Dresses,661,86.93,1
830,52,Well made and pretty!,5,3,General,Tops,Blouses,819,48.89,1
881,30,Love this top!,4,1,General,Tops,Knits,186,74.78,1
1078,62,Buy it,5,2,General Petite,Dresses,Dresses,482,93.72,1
1077,63,Great dress,5,1,General Petite,Dresses,Dresses,389,91.1,1
1068,38,No title provided,5,0,General Petite,Bottoms,Pants,194,76.56,1
1110,25,Perfect dress for work,4,0,General,Dresses,Dresses,706,94.49,1
886,29,Comfortable,5,0,General Petite,Tops,Knits,364,75.86,1
117,52,Fabulous,5,1,Intimates,Intimate,Legwear,622,73.98,1
1080,38,Summer go-to dress!,5,3,General Petite,Dresses,Dresses,544,92.12,1
862,28,Beyond basic,5,6,General Petite,Tops,Knits,482,73.64,1
967,33,Gorgeous - great piece for work,5,0,General,Jackets,Jackets,245,129.05,1
886,32,"Comfy tee, but beware of color names!",5,0,General Petite,Tops,Knits,662,75.86,1
1078,54,Fell in love instantly,5,0,General,Dresses,Dresses,604,93.72,1
1081,65,No title provided,3,0,General Petite,Dresses,Dresses,926,91.73,1
396,32,No title provided,5,0,Intimates,Intimate,Swim,567,61.23,1
869,35,No title provided,5,4,General,Tops,Knits,183,66.54,1
872,62,Lovely top,5,3,General,Tops,Knits,429,73.48,1
25,38,Adorable and cozy,5,0,General,Tops,Knits,755,66.03,1
876,57,No title provided,5,1,General Petite,Tops,Knits,405,72.01,1
895,48,Cute summer tank,5,2,General Petite,Tops,Fine Gauge,554,42.2,1
1115,35,Nice jacket but too large!,4,1,General,Jackets,Outerwear,375,108.61,1
1059,38,Not what i had hoped for...,2,0,General,Bottoms,Pants,857,80.22,0
835,31,A very special blouse,5,26,General,Tops,Blouses,400,52.93,1
1095,56,Graphic fabric not well handled,3,3,General,Dresses,Dresses,1168,93.07,1
65,33,Casual short,5,0,General,Bottoms,Shorts,627,41.72,1
868,29,Short and wide,3,3,General,Tops,Knits,959,68.12,0
119,48,No title provided,4,0,Intimates,Intimate,Swim,209,70.9,1
1160,50,Close but not quite right,3,1,Intimates,Intimate,Layering,863,38.62,0
820,27,Gorgeous and flattering!,5,0,General Petite,Tops,Blouses,359,53.36,1
1094,46,"Runs small, impossible zipper",3,11,General,Dresses,Dresses,888,91.47,0
1068,44,Comfortable and pretty linen pants,5,6,General Petite,Bottoms,Pants,679,76.56,1
1080,41,True to size,5,0,General Petite,Dresses,Dresses,374,92.12,1
583,49,Love love love,5,3,Intimates,Intimate,Lounge,654,75.59,1
1008,44,Flirty and dazzling happy,5,0,General Petite,Bottoms,Skirts,216,61.13,1
1129,38,Cosiest coat,4,0,General,Jackets,Outerwear,289,81.27,1
829,51,No title provided,5,0,General Petite,Tops,Blouses,372,47.9,1
1082,42,Too snug across the chest.,3,8,General,Dresses,Dresses,608,92.41,1
1081,24,No title provided,5,0,General Petite,Dresses,Dresses,669,91.73,1
761,33,No title provided,5,0,Intimates,Intimate,Lounge,523,119.8,1
861,36,"Super cute, but big",4,0,General,Tops,Knits,548,72.0,1
867,66,Festoon tee,5,0,General,Tops,Knits,613,74.79,1
886,43,Perfection,5,0,General Petite,Tops,Knits,787,75.86,1
1095,44,This product has great features,5,0,General Petite,Dresses,Dresses,742,93.07,1
895,26,Just what i was hoping for,5,0,General Petite,Tops,Fine Gauge,463,42.2,1
149,33,The most comfortable pants ever,4,0,Intimates,Intimate,Lounge,334,113.77,1
1104,35,Simple & casual dress,4,7,General Petite,Dresses,Dresses,382,96.28,1
1086,37,Disappointed,1,0,General,Dresses,Dresses,1666,97.04,0
862,34,Great piece!,5,0,General,Tops,Knits,280,73.64,1
520,36,Please bring back more!!!,5,0,Intimates,Intimate,Layering,614,101.42,1
1037,39,No title provided,5,0,General,Bottoms,Jeans,567,83.76,1
1094,36,No title provided,4,0,General Petite,Dresses,Dresses,578,91.47,1
1077,63,Easy dress to love,5,0,General Petite,Dresses,Dresses,481,91.1,1
862,39,No title provided,5,2,General Petite,Tops,Knits,399,73.64,1
1025,48,Love these jeans!,5,3,General,Bottoms,Jeans,382,83.99,1
937,35,Favorite new fall sweater!,5,17,General,Tops,Sweaters,365,68.37,1
1081,39,Preaching to the choir,5,2,General Petite,Dresses,Dresses,499,91.73,1
831,47,No title provided,5,3,General,Tops,Blouses,759,47.37,1
940,65,No title provided,5,2,General,Tops,Sweaters,236,77.06,1
961,31,Vest obsessed,5,9,General,Jackets,Jackets,428,148.93,1
903,39,"Beautiful, but runs really big",3,1,General Petite,Tops,Fine Gauge,575,42.72,1
881,35,Cute tunic,4,9,General,Tops,Knits,366,74.78,1
1070,26,Grease leggings,3,0,General Petite,Bottoms,Pants,687,81.61,0
1078,28,"Beautiful color, great quality",5,4,General,Dresses,Dresses,224,93.72,1
842,52,"Huge, long and baggy",2,0,General Petite,Tops,Blouses,587,50.25,0
869,41,Beautiful summer top!,5,0,General Petite,Tops,Knits,171,66.54,1
862,40,Great basic,5,2,General Petite,Tops,Knits,433,73.64,1
1074,45,Beautiful!,5,0,General,Dresses,Dresses,485,100.37,1
1109,52,Elegant,5,0,General Petite,Dresses,Dresses,656,113.83,1
860,40,Just okay,2,0,General Petite,Tops,Knits,864,70.15,0
1046,29,Beautiful if you're tall enough,3,0,General,Bottoms,Pants,534,77.37,1
1110,47,Beautiful dress,5,17,General,Dresses,Dresses,508,94.49,1
1099,39,Soft,5,0,General,Dresses,Dresses,194,86.93,1
832,54,Cute top,2,4,General,Tops,Blouses,250,53.46,0
903,47,Super soft and pretty,4,4,General,Tops,Fine Gauge,703,42.72,1
1025,24,These jeans are amazing!,5,1,General,Bottoms,Jeans,663,83.99,1
854,61,Pretty blouse,5,1,General,Tops,Knits,502,73.19,1
838,63,I love denim,5,1,General,Jackets,Blouses,466,45.19,1
833,56,Not like the picture,1,2,General,Tops,Blouses,593,49.96,0
831,39,Petite on this one (5 foot one and a half lol),5,7,General,Tops,Blouses,692,47.37,1
1022,39,Loose waist,4,1,General,Bottoms,Jeans,748,86.44,1
1077,53,Too wide,3,2,General,Dresses,Dresses,680,91.1,0
1022,39,Love these jeans!,5,0,General,Bottoms,Jeans,418,86.44,1
1094,94,No title provided,5,1,General,Dresses,Dresses,397,91.47,1
836,38,Loving it,5,1,General Petite,Tops,Blouses,621,52.71,1
825,44,Great design but execution is meh.....,3,0,General Petite,Tops,Blouses,499,51.28,0
870,36,Super cute,5,0,General,Tops,Knits,595,72.25,1
706,41,Adorable but overpriced,4,1,Intimates,Intimate,Lounge,802,131.28,1
824,38,Love!,5,0,General,Tops,Blouses,665,50.91,1
1121,34,Not for busty gals,3,2,General,Jackets,Outerwear,416,109.42,0
906,33,Sweater fits beautifully,5,0,General Petite,Tops,Fine Gauge,450,47.84,1
872,56,Tts! thin fabric! just ok!,4,26,General Petite,Tops,Knits,429,73.48,1
868,37,Color not as pictured,1,0,General,Tops,Knits,2409,68.12,0
862,35,No title provided,4,0,General,Tops,Knits,868,73.64,1
1077,34,Love this dress!,5,0,General,Dresses,Dresses,161,91.1,1
1094,56,Thin material,3,0,General Petite,Dresses,Dresses,410,91.47,1
1022,44,"Love these, so comfortable!",5,2,General,Bottoms,Jeans,223,86.44,1
2,28,"Gorgeous top, straps way too long",4,0,General,Tops,Knits,998,100.51,1
1095,19,No title provided,5,0,General,Dresses,Dresses,660,93.07,1
1054,44,"Beautiful, but soooo long!",3,1,General,Bottoms,Pants,500,63.35,0
831,51,No title provided,4,1,General Petite,Tops,Blouses,704,47.37,1
1028,27,Light and tight,4,1,General,Bottoms,Jeans,507,79.71,1
865,57,No title provided,5,0,General,Tops,Knits,457,71.54,1
1094,25,Gorgeous,5,6,General Petite,Dresses,Dresses,482,91.47,1
830,35,Too flowy and too washed out,2,0,General,Tops,Blouses,1462,48.89,0
1081,42,Fabulous dress,5,0,General Petite,Dresses,Dresses,708,91.73,1
862,29,Love!,5,1,General Petite,Tops,Knits,663,73.64,1
850,40,Large on bottom,4,1,General Petite,Tops,Blouses,879,49.55,1
1068,34,No title provided,4,2,General,Bottoms,Pants,216,76.56,1
482,43,Sporty elegance,5,1,Intimates,Intimate,Lounge,552,104.05,1
1077,48,Front black mesh at top pokes out at sides,3,1,General,Dresses,Dresses,376,91.1,1
634,65,"Loungewear, not outdoor wear",2,55,General Petite,Intimate,Lounge,503,87.52,0
1080,40,No title provided,3,0,General Petite,Dresses,Dresses,252,92.12,1
862,45,Love this top!!,5,2,General,Tops,Knits,757,73.64,1
886,32,"Love, love, love!",5,0,General Petite,Tops,Knits,562,75.86,1
1060,66,No title provided,4,1,General Petite,Bottoms,Pants,816,75.43,1
823,26,Nice but complicated,3,0,General,Tops,Blouses,692,47.13,0
877,39,Nice design,5,1,General Petite,Tops,Knits,446,76.05,1
798,37,Love this bra and pantie set!,5,0,Intimates,Intimate,Intimates,480,62.65,1
836,38,Really pretty but sizing off my for me,2,27,General,Bottoms,Blouses,1494,52.71,0
850,48,Super sweet feminine top,5,2,General,Tops,Blouses,403,49.55,1
862,42,Versatile top but size up!,4,6,General,Tops,Knits,441,73.64,1
1194,35,No title provided,5,0,General,Dresses,Dresses,520,43.94,1
907,31,Easy to wear,5,0,General Petite,Tops,Fine Gauge,205,42.56,1
867,51,Very pretty top,4,0,General Petite,Tops,Knits,165,74.79,1
46,42,Love,5,7,Intimates,Intimate,Intimates,375,50.35,1
949,69,Ski lodge turtleneck,4,0,General,Tops,Sweaters,385,72.49,1
881,39,Fun and unique,4,3,General,Tops,Knits,496,74.78,1
935,47,Beautiful camel color,5,1,General,Tops,Sweaters,282,72.15,1
880,45,Love this top!,5,6,General Petite,Tops,Knits,424,75.0,1
1008,46,Love it!,5,1,General,Bottoms,Skirts,506,61.13,1
860,26,This shirt is a great everyday shirt!,5,3,General Petite,Tops,Knits,546,70.15,1
1110,38,Comfort and style,5,0,General Petite,Dresses,Dresses,675,94.49,1
868,67,No title provided,5,0,General,Tops,Knits,813,68.12,1
162,32,"So cozy, so fashionable",5,1,Intimates,Intimate,Legwear,696,116.28,1
1033,57,Great fitting jeans,5,0,General Petite,Bottoms,Jeans,476,92.45,1
1096,39,"Lovely concept, lack of attention to detail",1,15,General,Dresses,Dresses,696,90.16,0
863,40,"Simple, stylish, lovely-runs a bit big",4,5,General,Tops,Knits,731,70.52,1
909,46,"Orange color is pretty, quality is poor",2,0,General,Tops,Fine Gauge,1752,44.64,0
1062,41,No title provided,5,11,General,Bottoms,Pants,650,58.81,1
1084,29,"Perfect, effortless party look",4,0,General Petite,Dresses,Dresses,582,94.59,1
834,29,Love this top,5,5,General Petite,Tops,Blouses,769,49.52,1
895,34,No title provided,5,0,General,Tops,Fine Gauge,160,42.2,1
1066,35,"Comfortable, stylish, 70's relived.",5,1,General,Bottoms,Pants,738,73.42,1
862,36,Cute - don't size down!,5,20,General Petite,Tops,Knits,613,73.64,1
868,53,This one's a keeper,5,0,General,Tops,Knits,245,68.12,1
862,35,Use for working out,5,0,General,Tops,Knits,192,73.64,1
860,40,"Odd, boxy fit",3,0,General,Tops,Knits,1232,70.15,0
839,54,Chambray top,4,1,General Petite,Tops,Blouses,407,50.7,1
1095,48,Fit was off,1,5,General Petite,Dresses,Dresses,3140,93.07,0
873,48,Cute top,3,0,General,Tops,Knits,360,75.3,1
861,42,V neck,5,0,General,Tops,Knits,815,72.0,1
1038,44,Great weekend jean,5,1,General Petite,Bottoms,Jeans,576,75.47,1
1078,72,Very roomy,4,1,General Petite,Dresses,Dresses,493,93.72,0
836,58,Meh,3,12,General Petite,Tops,Blouses,1204,52.71,0
933,41,Very pretty sweater,5,0,General Petite,Tops,Sweaters,335,80.9,1
1078,36,Good fall dress,3,0,General Petite,Dresses,Dresses,411,93.72,0
1094,47,Gorgeus dress,5,0,General,Dresses,Dresses,259,91.47,1
1110,39,What a controversial piece,3,1,General,Dresses,Dresses,994,94.49,1
828,45,Cutest top ever,5,1,General,Tops,Blouses,524,48.45,1
895,42,No title provided,5,0,General,Tops,Fine Gauge,623,42.2,1
823,50,Totally cute and unique,5,2,General,Tops,Blouses,310,47.13,1
1025,41,Price is justified when they look this good.,5,0,General,Bottoms,Jeans,267,83.99,1
860,41,Wanted to love it!,3,5,General Petite,Tops,Knits,1024,70.15,0
879,31,Great shirt!,5,0,General Petite,Tops,Knits,725,73.13,1
1140,21,Royal albert style,5,3,General,Trend,Trend,404,72.27,1
907,34,So soft,5,1,General Petite,Tops,Fine Gauge,622,42.56,1
1092,52,Should have believed the negative reviews,2,2,General,Dresses,Dresses,1382,97.49,0
1020,62,Great midi denim skirt,5,4,General,Bottoms,Skirts,405,60.91,1
861,36,So cute,5,0,General,Tops,Knits,143,72.0,1
868,31,Love it,5,0,General,Tops,Knits,566,68.12,1
1104,38,No title provided,4,1,General,Dresses,Dresses,195,96.28,1
833,29,Too large and not flattering,2,0,General,Tops,Blouses,1422,49.96,0
1092,31,Fabulous fall dress,5,1,General,Dresses,Dresses,492,97.49,1
873,53,Can easily size down,4,1,General,Tops,Knits,753,75.3,1
1004,47,Another winner!,5,2,General Petite,Bottoms,Skirts,708,59.69,1
1095,42,Gorgeous but weird fit,3,0,General Petite,Dresses,Dresses,298,93.07,1
36,20,No title provided,5,0,General,Bottoms,Shorts,281,32.88,1
1083,41,Weird bulge in the back zipper?,4,1,General,Dresses,Dresses,752,93.86,1
1094,46,Anthousai swing dress,4,0,General Petite,Dresses,Dresses,770,91.47,1
862,44,"Easy, versatile top",4,0,General,Tops,Knits,329,73.64,1
835,43,Great tunic!,5,0,General,Tops,Blouses,629,52.93,1
1081,42,"Beautiful dress, fits horribly",2,3,General,Dresses,Dresses,1832,91.73,0
1078,28,Love this dress,5,8,General Petite,Dresses,Dresses,625,93.72,1
863,39,Great idea poor execution,2,30,General,Tops,Knits,259,70.52,0
1089,33,Love this dress!,5,0,General,Dresses,Dresses,537,99.69,1
1025,31,"Perfect, for the first month of wear",2,0,General,Bottoms,Jeans,413,83.99,0
875,33,Cute top!,4,3,General,Tops,Knits,424,72.72,1
1094,34,Dotted fleur dress - black,5,0,General Petite,Dresses,Dresses,524,91.47,1
1080,32,"Lovely dress, fits well",5,1,General,Dresses,Dresses,345,92.12,1
1084,56,"Pretty, femine",3,3,General Petite,Dresses,Dresses,342,94.59,1
866,23,So cute,5,0,General,Tops,Knits,667,77.38,1
975,29,"Wanted to love this, but runs incredibly large",4,0,General,Jackets,Jackets,494,128.22,0
1081,39,Not what i expected,3,13,General,Dresses,Dresses,824,91.73,0
1035,32,Awesome versatile jeans,5,1,General Petite,Bottoms,Jeans,784,98.29,1
862,28,Great staple,5,2,General,Tops,Knits,532,73.64,1
991,39,Yuck,1,4,General,Bottoms,Skirts,1028,60.92,0
829,55,Nice but nah...,1,1,General,Tops,Blouses,708,47.9,0
832,42,Perfect summer top,5,3,General,Tops,Blouses,580,53.46,1
825,22,Unique spin to classic button down,5,0,General Petite,Tops,Blouses,775,51.28,1
872,53,Beautifully basic...,5,0,General,Tops,Knits,269,73.48,1
877,34,Pretty flowers,4,0,General Petite,Tops,Knits,932,76.05,1
1078,43,Just a few things off,3,0,General,Dresses,Dresses,264,93.72,0
1068,37,Too baggy in the top,4,0,General,Bottoms,Pants,168,76.56,0
868,52,Cute and striped,5,0,General Petite,Tops,Knits,432,68.12,1
1076,44,Flattering and darling,5,2,General Petite,Dresses,Dresses,186,101.83,1
1100,28,Perfection,5,2,General Petite,Dresses,Dresses,224,101.02,1
1086,37,Very comfy dress!,5,0,General,Dresses,Dresses,759,97.04,1
920,27,Stunning and sexy,5,0,General,Tops,Fine Gauge,719,36.31,1
936,89,Perfect sweater,5,0,General,Tops,Sweaters,496,76.18,1
1033,49,Nice jeans,4,0,General Petite,Bottoms,Jeans,390,92.45,1
381,59,Breastfeeding friendly,5,7,Intimates,Intimate,Swim,408,62.55,1
868,39,Not peachy,3,1,General,Tops,Knits,865,68.12,0
867,35,Pretty details,4,0,General Petite,Tops,Knits,829,74.79,1
820,35,Pretty but not for me,3,0,General,Tops,Blouses,1083,53.36,0
886,34,Might be great if you have a bun in the oven!,2,0,General Petite,Tops,Knits,1685,75.86,0
1044,47,"Beautiful, flattering pants",5,7,General,Bottoms,Pants,601,75.37,1
1083,33,... just not for me...,3,2,General,Dresses,Dresses,1042,93.86,1
946,36,Umm what is this,1,1,General,Tops,Sweaters,2060,64.99,0
169,67,Not as listed,1,0,Intimates,Intimate,Legwear,2850,75.22,0
825,42,So pretty!,5,0,General,Tops,Blouses,300,51.28,1
831,65,If you're short...this is long!,5,1,General Petite,Tops,Blouses,810,47.37,1
936,61,Expectations met!,5,0,General Petite,Tops,Sweaters,811,76.18,1
875,37,Boxy or large,4,2,General,Tops,Knits,626,72.72,1
834,57,Beautiful shirt,4,0,General Petite,Tops,Blouses,687,49.52,1
1078,28,Super casual and comfortable,5,1,General,Dresses,Dresses,180,93.72,1
1088,28,Disappointed,1,0,General,Dresses,Dresses,2120,77.19,0
1078,45,Bad lining,2,4,General Petite,Dresses,Dresses,1134,93.72,0
663,58,Cute tunic,4,1,Intimates,Intimate,Lounge,243,97.55,1
1094,32,No title provided,5,0,General Petite,Dresses,Dresses,715,91.47,1
513,57,No title provided,5,1,Intimates,Intimate,Swim,386,49.88,1
1078,34,"Great fit, short",4,11,General,Dresses,Dresses,395,93.72,1
1092,41,"Beautiful design, tight fit",3,0,General,Dresses,Dresses,720,97.49,0
1103,29,Beautiful summery dress,5,4,General,Dresses,Dresses,658,116.9,1
828,22,Xs is still too big :(,4,0,General,Tops,Blouses,941,48.45,1
1094,37,Absolutely perfect,5,0,General,Dresses,Dresses,398,91.47,1
1078,42,Perfect shift dress!,5,15,General,Dresses,Dresses,517,93.72,1
836,42,Even nicer in person,5,0,General,Tops,Blouses,665,52.71,1
863,56,"Love, love, love it!",5,0,General Petite,Tops,Knits,192,70.52,1
1074,59,Makes me happy,4,3,General,Dresses,Dresses,380,100.37,1
1078,51,Super flattering,5,0,General Petite,Dresses,Dresses,699,93.72,1
1045,33,Stylish,4,3,General,Bottoms,Pants,358,71.62,1
1086,22,Not the best quality,3,3,General,Dresses,Dresses,602,97.04,0
1033,67,I pity the fool who paid full price for these.,1,0,General,Bottoms,Jeans,639,92.45,0
1093,36,Beautiful dress,5,2,General,Dresses,Dresses,320,119.27,1
1094,40,Beautiful summer dress,4,2,General,Dresses,Dresses,711,91.47,1
820,44,Wearing this to my reunion!,5,0,General,Tops,Blouses,490,53.36,1
155,32,"Versatile, cozy, and fabulous!!!!",5,0,Intimates,Intimate,Legwear,672,62.77,1
975,61,No title provided,5,0,General Petite,Jackets,Jackets,704,128.22,1
1094,39,Fall in love/spring into style,5,4,General,Dresses,Dresses,633,91.47,1
867,40,Wanted to love it...,1,1,General,Tops,Knits,2714,74.79,0
1075,42,Score!,5,0,General,Dresses,Dresses,155,88.95,1
824,85,No title provided,1,0,General Petite,Tops,Blouses,662,50.91,0
1046,41,Yessssss!!!!!,5,0,General,Bottoms,Pants,489,77.37,1
1107,20,Amazing quality,4,0,General Petite,Dresses,Dresses,1006,89.65,1
875,42,Beautiful summer too!,4,1,General,Tops,Knits,451,72.72,1
864,52,Modern shape summer weight top,3,4,General Petite,Tops,Knits,1296,70.18,1
984,62,Just enough fashion blended with lots of function,5,3,General Petite,Jackets,Jackets,337,120.15,1
872,44,Really cute but runs large,4,0,General,Tops,Knits,373,73.48,1
854,34,Stunning day to evening top,5,0,General,Tops,Knits,750,73.19,1
654,46,Vitamin a anastasia bottoms,4,2,Intimates,Intimate,Swim,967,44.05,1
1078,42,Beautiful,5,0,General,Dresses,Dresses,309,93.72,1
873,46,"White is a dull shade, not bright white",2,11,General,Tops,Knits,711,75.3,0
823,44,Even prettier in person,4,5,General,Tops,Blouses,685,47.13,1
1022,27,Soft and sexy,5,3,General Petite,Bottoms,Jeans,729,86.44,1
907,26,Cute but ...,4,0,General,Tops,Fine Gauge,875,42.56,1
1086,34,"Great quality, unique piece",5,0,General Petite,Dresses,Dresses,652,97.04,1
828,52,Perfect,5,1,General,Tops,Blouses,633,48.45,1
860,26,Nice top,4,2,General Petite,Tops,Knits,353,70.15,1
1044,48,Looks more expensive,5,2,General,Bottoms,Pants,495,75.37,1
867,60,Lovely staple piece,5,4,General Petite,Tops,Knits,240,74.79,1
1110,70,"Wow, a flattering shape for my young 70 yr self!",5,17,General,Dresses,Dresses,375,94.49,1
991,55,Just beautiful!,5,0,General,Bottoms,Skirts,284,60.92,1
1081,42,No title provided,5,0,General Petite,Dresses,Dresses,347,91.73,1
1053,34,Poor quality - disappointed,2,0,General,Bottoms,Pants,1335,78.71,0
862,53,Great product!,5,2,General,Tops,Knits,643,73.64,1
936,67,No title provided,4,0,General,Tops,Sweaters,817,76.18,1
1078,29,Eh,3,8,General Petite,Dresses,Dresses,182,93.72,0
1099,60,No title provided,5,1,General,Dresses,Dresses,305,86.93,1
848,40,No title provided,4,0,General,Tops,Blouses,860,36.44,1
868,57,Nice top but too long in back,3,0,General,Tops,Knits,1149,68.12,0
867,61,Awesome look & feel,5,0,General Petite,Tops,Knits,502,74.79,1
863,31,Surprisingly flattering,5,0,General,Tops,Knits,225,70.52,1
1059,38,I love these,5,0,General Petite,Bottoms,Pants,136,80.22,1
1086,67,Love it but. . .,3,0,General Petite,Dresses,Dresses,624,97.04,0
824,61,Simply beautiful,5,0,General Petite,Tops,Blouses,636,50.91,1
739,23,Good work dress,4,3,Intimates,Intimate,Lounge,981,133.28,1
872,51,Tts apart from snug arms,4,7,General Petite,Tops,Knits,966,73.48,1
1066,39,Nice but stil la tad long in eptite,5,13,General Petite,Bottoms,Pants,649,73.42,1
836,19,Perfect,5,0,General,Tops,Blouses,311,52.71,1
279,35,Super cute and comfy,5,5,General Petite,Intimate,Lounge,210,85.94,1
1033,53,Great!,5,0,General,Bottoms,Jeans,493,92.45,1
860,43,Not what it appears,3,5,General,Tops,Knits,156,70.15,0
866,34,Super soft!!,5,1,General,Tops,Knits,619,77.38,1
1150,48,Pretty boho like,4,0,General,Dresses,Dresses,1022,97.46,1
868,51,Loved it so much i bought both colors!,5,1,General,Tops,Knits,184,68.12,1
936,31,Nice but sleeves are way too long,2,0,General,Tops,Sweaters,957,76.18,0
715,28,Cute lil romper,5,0,Intimates,Intimate,Lounge,641,104.27,1
1078,34,Love this dress!,5,0,General,Dresses,Dresses,407,93.72,1
1080,50,No title provided,5,7,General,Dresses,Dresses,309,92.12,1
1077,31,Oddly short-waisted,2,4,General Petite,Dresses,Dresses,955,91.1,0
1083,55,No title provided,5,7,General,Dresses,Dresses,730,93.86,1
863,56,No title provided,5,1,General,Tops,Knits,205,70.52,1
996,39,Dear eva,5,1,General Petite,Bottoms,Skirts,114,60.63,1
1078,38,There should be more !,5,1,General Petite,Dresses,Dresses,233,93.72,1
828,29,Love!,5,2,General,Tops,Blouses,722,48.45,1
395,32,Great coverage,5,1,Intimates,Intimate,Swim,120,53.76,1
835,37,No title provided,5,0,General Petite,Tops,Blouses,483,52.93,1
1080,49,Gorgeous on anyone as long as you aren't pale,5,0,General Petite,Dresses,Dresses,207,92.12,1
1100,34,Picture is misleading,4,3,General,Dresses,Dresses,198,101.02,1
1151,19,No title provided,5,10,General,Dresses,Dresses,568,85.74,1
850,59,Beautiful design,3,2,General Petite,Tops,Blouses,742,49.55,1
1081,51,"Short dress, but great theory",3,0,General Petite,Dresses,Dresses,1200,91.73,1
1094,47,Nice but not for me,3,0,General Petite,Dresses,Dresses,1235,91.47,1
988,25,Really close to liking it - but planning to return,4,2,General,Bottoms,Skirts,681,56.33,0
1092,39,Sbags easily,5,5,General,Dresses,Dresses,170,97.49,1
867,32,No title provided,5,2,General,Tops,Knits,777,74.79,1
1094,35,Perfect,5,0,General,Dresses,Dresses,363,91.47,1
1106,52,Warm weather favorite,5,3,General Petite,Dresses,Dresses,249,67.11,1
862,43,Nah,3,1,General Petite,Tops,Knits,292,73.64,0
254,31,Size l is true to size and flattering,5,2,Intimates,Intimate,Swim,583,65.24,1
861,57,No title provided,5,8,General Petite,Tops,Knits,768,72.0,1
196,32,So comfy,5,0,Intimates,Intimate,Sleep,593,41.33,1
1021,19,Love,5,1,General,Bottoms,Skirts,298,53.42,1
1059,52,So beautiful,5,1,General Petite,Bottoms,Pants,604,80.22,1
1110,45,No title provided,5,0,General,Dresses,Dresses,395,94.49,1
863,54,Love this top,5,9,General Petite,Tops,Knits,531,70.52,1
1107,43,"This is not 39"" from shoulder",3,5,General,Dresses,Dresses,948,89.65,1
1110,54,Beautiful color!,5,2,General Petite,Dresses,Dresses,758,94.49,1
850,43,Beautiful,5,2,General,Tops,Blouses,796,49.55,1
1020,56,Just as pictured,5,6,General Petite,Bottoms,Skirts,460,60.91,1
375,28,Nice lightweight jacket,5,0,Intimates,Intimate,Lounge,610,97.48,1
820,55,Comfortable and beautiful to boot,4,0,General,Tops,Blouses,276,53.36,1
1094,50,"Vibrant colors, great dress",5,0,General,Dresses,Dresses,494,91.47,1
416,37,No support = lots of side boob,4,1,Intimates,Intimate,Swim,921,71.71,1
975,55,Disappointed,2,1,General,Jackets,Jackets,1848,128.22,0
544,39,No title provided,4,0,Intimates,Intimate,Swim,896,58.23,1
1056,37,No title provided,2,0,General,Bottoms,Pants,764,74.82,0
838,43,Beautiful peasant top,5,2,General,Tops,Blouses,463,45.19,1
1028,32,Great in theory,3,2,General,Bottoms,Jeans,879,79.71,0
395,33,Vintage beach ready,5,2,Intimates,Intimate,Swim,833,53.76,1
936,62,"Cute, cozy, classic",5,18,General,Tops,Sweaters,731,76.18,1
945,30,Amazing!,5,6,General,Tops,Sweaters,409,79.07,1
862,50,"Unnatural feeling fabric, slim fit",2,9,General,Tops,Knits,891,73.64,0
835,38,Sparkle with delight,5,10,General,Tops,Blouses,267,52.93,1
1035,29,Best jeans,5,3,General Petite,Bottoms,Jeans,585,98.29,1
1046,43,No title provided,5,2,General Petite,Bottoms,Pants,614,77.37,1
1083,53,Love,5,3,General,Dresses,Dresses,386,93.86,1
999,39,Love it!,5,0,General Petite,Bottoms,Skirts,196,59.03,1
1022,46,Super soft but stretch,4,0,General,Bottoms,Jeans,870,86.44,1
1068,61,Nice medium weight fabric,4,13,General Petite,Bottoms,Pants,934,76.56,1
945,44,Unique design,3,0,General,Tops,Sweaters,539,79.07,1
932,53,Cosy and roomy,4,0,General,Tops,Sweaters,675,96.24,1
282,43,Favorite shorts ever,5,0,General,Bottoms,Shorts,391,34.65,1
860,52,Boho vibe,5,1,General,Tops,Knits,779,70.15,1
1080,33,Short,3,5,General,Dresses,Dresses,829,92.12,0
942,48,Made me look top heavy,2,1,General,Tops,Sweaters,1627,69.35,0
867,50,"""go to"" tee for sz 10+ women",5,1,General,Tops,Knits,743,74.79,1
867,50,6 compliments in 1 day!,5,2,General,Tops,Knits,109,74.79,1
833,37,Love!!!,5,11,General Petite,Tops,Blouses,232,49.96,1
1087,20,"Great style, loose fit",4,0,General Petite,Dresses,Dresses,267,91.71,1
1080,32,Disappointed!,3,2,General,Dresses,Dresses,674,92.12,0
1077,46,"Huge, even xxsp",2,4,General,Dresses,Dresses,1807,91.1,0
1077,31,Great dress,5,0,General Petite,Dresses,Dresses,535,91.1,1
850,39,So cute,5,0,General,Tops,Blouses,449,49.55,1
860,40,Loved the style but was too short on me,3,0,General,Tops,Knits,388,70.15,1
198,46,L space estella hipsters,3,1,Intimates,Intimate,Swim,738,49.84,0
860,44,Love!,5,0,General Petite,Tops,Knits,419,70.15,1
927,38,Very nicely made,5,16,General Petite,Tops,Sweaters,329,78.48,1
1024,54,No title provided,5,1,General,Bottoms,Jeans,693,89.76,1
927,46,Really lovely sweater coat,5,1,General,Tops,Sweaters,607,78.48,1
1099,33,No title provided,5,0,General Petite,Dresses,Dresses,293,86.93,1
861,45,No title provided,4,0,General Petite,Tops,Knits,651,72.0,1
840,38,No title provided,5,0,General Petite,Tops,Blouses,755,53.82,1
1091,32,Stunning dress,5,4,General,Dresses,Dresses,770,96.01,1
877,22,Darling!,5,0,General,Tops,Knits,311,76.05,1
1157,23,Summer ready,5,1,Intimates,Intimate,Swim,703,76.04,1
1094,57,Great versatile dress!,5,6,General Petite,Dresses,Dresses,491,91.47,1
1065,41,Xs fits like 00p,4,3,General,Bottoms,Pants,628,58.47,1
1078,47,Disappointed in the fit,4,4,General,Dresses,Dresses,448,93.72,0
1094,62,Just beautiful!,5,6,General,Dresses,Dresses,519,91.47,1
1075,41,Fantastic dress,5,1,General,Dresses,Dresses,541,88.95,1
1022,60,Great fit & flattering cords,5,0,General,Bottoms,Jeans,571,86.44,1
862,69,Runs small,4,3,General,Tops,Knits,614,73.64,1
868,36,Too short tunic,3,0,General,Tops,Knits,297,68.12,0
984,47,My new favorite denim jacket,5,0,General Petite,Jackets,Jackets,590,120.15,1
907,39,Perfect pop of poppy,5,4,General,Tops,Fine Gauge,488,42.56,1
1059,30,The only jumpsuit i own,5,0,General,Bottoms,Pants,651,80.22,1
1022,26,So comfy,5,0,General,Bottoms,Jeans,504,86.44,1
836,40,"Very pretty blouse, just as pictured",5,0,General,Tops,Blouses,582,52.71,1
878,51,No title provided,5,1,General,Tops,Knits,552,69.9,1
875,64,Cute and comfortable,5,0,General,Tops,Knits,681,72.72,1
873,21,Terrific turtleneck tanktop,4,0,General,Tops,Knits,145,75.3,1
993,57,Runs tight across the hips.,4,4,General,Bottoms,Skirts,832,58.25,1
1084,25,Fun forties-esque dress,5,0,General,Dresses,Dresses,471,94.59,1
1048,41,Unfortunate,1,0,General Petite,Bottoms,Pants,2574,83.29,0
833,35,No title provided,5,1,General,Tops,Blouses,324,49.96,1
875,51,Sadly nothing as shown on model,3,0,General,Tops,Knits,812,72.72,0
921,60,Wear it and receive lots of compliments.,5,1,General,Tops,Sweaters,208,73.65,1
1094,67,Lovely little details,5,0,General Petite,Dresses,Dresses,484,91.47,1
1100,32,Love!,5,4,General Petite,Dresses,Dresses,577,101.02,1
965,47,Too much piling,2,0,General Petite,Jackets,Jackets,1661,117.52,0
1060,23,So beautiful!,5,2,General,Bottoms,Pants,206,75.43,1
993,49,No title provided,5,0,General Petite,Bottoms,Skirts,273,58.25,1
1079,47,Not as pictured,3,3,General Petite,Dresses,Dresses,971,89.22,1
860,37,Beautiful & feminine,5,0,General,Tops,Knits,138,70.15,1
862,53,Sizing up wasn't necessary for me...,4,0,General,Tops,Knits,595,73.64,1
1045,33,Best fitting jumpsuit ever!,5,0,General,Bottoms,Pants,241,71.62,1
1098,34,Cute but not worth the price,4,0,General Petite,Dresses,Dresses,903,98.21,1
1035,52,No title provided,5,0,General Petite,Bottoms,Jeans,415,98.29,1
863,45,A good staple in a  wardrobe,3,0,General Petite,Tops,Knits,752,70.52,1
1068,40,No title provided,5,1,General,Bottoms,Pants,296,76.56,1
1077,58,"Nice, classy, comfortable dress",4,0,General,Dresses,Dresses,492,91.1,1
936,62,Lovely green - really wanted to like this!,3,4,General Petite,Tops,Sweaters,175,76.18,0
526,28,No title provided,4,0,General,Bottoms,Shorts,949,29.59,1
868,64,This is huge!,2,3,General,Tops,Knits,986,68.12,0
867,43,Great buy on sale,4,1,General,Tops,Knits,342,74.79,1
912,34,Sparkle,3,0,General Petite,Tops,Fine Gauge,204,45.79,1
996,44,Very comfortable!!,5,2,General,Bottoms,Skirts,590,60.63,1
909,40,"Very nice, just as pictured",5,5,General,Tops,Fine Gauge,604,44.64,1
927,51,No title provided,3,2,General Petite,Tops,Sweaters,280,78.48,1
1089,53,Three strikes,2,13,General Petite,Dresses,Dresses,1244,99.69,0
886,29,Crop top or not?,4,1,General,Tops,Knits,699,75.86,1
291,28,Beautiful print and well made,5,1,Intimates,Intimate,Swim,411,48.26,1
1110,35,"Sweet, pretty and romantic",5,0,General Petite,Dresses,Dresses,735,94.49,1
282,56,Summer staple,5,0,General,Bottoms,Shorts,634,34.65,1
868,34,Very versatile,5,2,General,Tops,Knits,302,68.12,1
886,46,Great tunic,5,37,General Petite,Tops,Knits,328,75.86,1
941,23,No title provided,4,6,General,Tops,Sweaters,198,73.85,1
1008,43,Maintains shape,5,0,General,Bottoms,Skirts,591,61.13,1
1078,48,Cute and modern,4,0,General Petite,Dresses,Dresses,167,93.72,1
1008,39,Cute and comfy,5,20,General,Bottoms,Skirts,191,61.13,1
936,55,Gorgeous,5,13,General Petite,Tops,Sweaters,412,76.18,1
828,41,"Casual, fashion forward, trendy",5,0,General Petite,Tops,Blouses,497,48.45,1
1025,44,Stylish and comfortable,5,0,General,Bottoms,Jeans,171,83.99,1
829,38,"Great blouse, runs small",5,0,General,Tops,Blouses,812,47.9,1
836,75,"Cute casual top, but note length",4,3,General,Tops,Blouses,222,52.71,1
844,52,"Exquisite blouse, runs huge",5,1,General Petite,Tops,Blouses,808,58.97,1
850,26,Very cute!,5,0,General,Tops,Blouses,501,49.55,1
1037,38,Love the fit,5,0,General,Bottoms,Jeans,490,83.76,1
868,49,Love this top,5,6,General,Tops,Knits,559,68.12,1
1141,39,Glad i got this in time,5,1,General,Trend,Trend,545,58.98,1
843,32,Nice too but not what you expect from photo,3,2,General,Tops,Blouses,1030,57.67,0
1103,47,Change armpits,4,0,General,Dresses,Dresses,411,116.9,1
895,47,No title provided,3,0,General,Tops,Fine Gauge,440,42.2,0
895,33,Adorbs,5,0,General,Tops,Fine Gauge,812,42.2,1
1077,28,Holy smokes!!,5,3,General,Dresses,Dresses,218,91.1,1
868,28,Lovely,4,0,General,Tops,Knits,929,68.12,1
863,54,Great relaxed t-shirt,5,0,General Petite,Tops,Knits,198,70.52,1
860,41,Unique white top,4,0,General,Tops,Knits,324,70.15,1
838,38,This is another ubiquitous swing top,3,3,General,Tops,Blouses,444,45.19,1
857,46,No title provided,4,2,General Petite,Tops,Knits,842,75.61,1
836,51,Happy top!,4,1,General,Tops,Blouses,748,52.71,1
1068,33,Beautiful pants that are way too big!,3,0,General Petite,Bottoms,Pants,1187,76.56,0
865,36,Want it in every color,5,0,General,Tops,Knits,415,71.54,1
872,25,One of my favorites!,5,1,General,Tops,Knits,446,73.48,1
1065,44,Effortless style,5,0,General,Bottoms,Pants,502,58.47,1
393,26,Love retailer bathing suits!,5,0,Intimates,Intimate,Swim,450,42.82,1
881,24,A flattering over-sized shirt,5,1,General Petite,Tops,Knits,611,74.78,1
1095,47,Recommended for tan to dark complexions,3,1,General,Dresses,Dresses,734,93.07,1
867,71,Great t shirt!,5,1,General Petite,Tops,Knits,751,74.79,1
1059,34,Fancy pants,5,0,General,Bottoms,Pants,294,80.22,1
331,59,Boxy and unflattering,3,0,Intimates,Intimate,Lounge,749,72.94,0
833,34,Itchy,4,0,General,Tops,Blouses,647,49.96,1
936,33,Beautiful in light red,4,0,General,Tops,Sweaters,632,76.18,1
1094,57,Disappointing,2,1,General Petite,Dresses,Dresses,460,91.47,0
1035,30,Super cute!,5,0,General,Bottoms,Jeans,360,98.29,1
867,28,Incredibly flattering,5,1,General Petite,Tops,Knits,205,74.79,1
867,46,Not for chesty people,2,5,General,Tops,Knits,1493,74.79,1
1033,41,"Love everything about these, except for the butt.",3,1,General,Bottoms,Jeans,242,92.45,0
860,55,Polo shirt with twist,4,21,General,Tops,Knits,649,70.15,1
1077,29,Sizing out of proportion,3,0,General,Dresses,Dresses,719,91.1,0
895,52,Cute but large,4,1,General,Tops,Fine Gauge,311,42.2,1
1081,28,Gorgeous color - weird fit!,3,0,General Petite,Dresses,Dresses,824,91.73,0
1110,52,Not for short people!,3,2,General,Dresses,Dresses,482,94.49,0
1165,29,Ok suit,3,11,Intimates,Intimate,Swim,290,68.18,0
142,43,Cute leggings but poor quality fabric.,3,1,Intimates,Intimate,Legwear,730,93.43,0
388,54,Great! but delicate,4,0,Intimates,Intimate,Intimates,240,39.39,1
1081,48,Simple and stunning,5,8,General Petite,Dresses,Dresses,358,91.73,1
1121,57,Gorgeous and timeless trench!,5,14,General,Jackets,Outerwear,205,109.42,1
820,34,Worth every penny!,5,9,General,Tops,Blouses,377,53.36,1
1086,30,Not worth the price,4,0,General,Dresses,Dresses,423,97.04,1
860,31,Odd dimensions,2,0,General,Tops,Knits,1087,70.15,0
1072,33,Just so big :-/,3,0,General,Dresses,Dresses,986,99.14,0
850,65,Wanted to love,2,1,General,Tops,Blouses,1140,49.55,0
1027,28,"Straight-leg, not skinny",3,0,General,Bottoms,Jeans,1067,86.51,1
1081,30,Love!,5,0,General Petite,Dresses,Dresses,592,91.73,1
1087,39,No title provided,5,0,General Petite,Dresses,Dresses,249,91.71,1
1087,38,No shape,2,1,General Petite,Dresses,Dresses,707,91.71,0
377,37,Perfect tank!,5,8,Intimates,Intimate,Lounge,237,66.81,1
854,54,No title provided,5,1,General,Tops,Knits,451,73.19,1
990,51,Lovely skirt,5,0,General,Bottoms,Skirts,512,55.69,1
936,56,"Stylish, but sheds",4,0,General Petite,Tops,Sweaters,240,76.18,1
936,31,No title provided,5,0,General,Tops,Sweaters,721,76.18,1
867,32,"Pretty, runs large",4,4,General Petite,Tops,Knits,490,74.79,1
542,65,No title provided,5,0,General,Bottoms,Shorts,167,46.01,1
933,63,No title provided,3,0,General,Tops,Sweaters,561,80.9,1
861,34,"Cute design, poor quality",1,0,General,Tops,Knits,3013,72.0,0
820,42,Light and flowing,5,1,General,Tops,Blouses,560,53.36,1
1094,23,So cute!,5,0,General Petite,Dresses,Dresses,297,91.47,1
1075,49,Beautiful dress,4,0,General,Dresses,Dresses,130,88.95,1
872,28,Great top!,5,2,General Petite,Tops,Knits,117,73.48,1
1092,67,Lovely color but...,3,0,General,Dresses,Dresses,344,97.49,0
1066,57,Great quality but...,4,1,General,Bottoms,Pants,261,73.42,1
829,64,Huge and then some!,3,44,General,Tops,Blouses,506,47.9,0
253,42,"Delightful, different, gets dirty asap",2,0,Intimates,Intimate,Swim,405,58.68,0
1081,34,"Busty ladies with curves, size up!",4,6,General Petite,Dresses,Dresses,658,91.73,1
1089,25,No title provided,3,3,General,Dresses,Dresses,270,99.69,1
999,33,Just what i was looking for!,5,2,General,Bottoms,Skirts,190,59.03,1
1047,34,Great flowy pant,5,0,General,Bottoms,Pants,683,80.12,1
912,68,"Great style, not so great workmanship",4,8,General,Tops,Fine Gauge,1013,45.79,1
1104,27,Not for curvy hips,3,0,General,Dresses,Dresses,1109,96.28,0
936,53,"Fun, versatile sweater",5,0,General Petite,Tops,Sweaters,564,76.18,1
1072,40,Amazing. read my info about sizing before ordering,5,5,General,Dresses,Dresses,336,99.14,1
1078,24,Love but too baggy if petite,3,0,General,Dresses,Dresses,1158,93.72,1
1080,61,Perfect dress,5,6,General,Dresses,Dresses,343,92.12,1
936,67,No title provided,5,0,General Petite,Tops,Sweaters,542,76.18,1
1083,52,Modern vintage,5,2,General,Dresses,Dresses,718,93.86,1
907,57,Beautiful and cozy,5,1,General,Tops,Fine Gauge,570,42.56,1
1095,28,No good for larger busts,3,0,General,Dresses,Dresses,761,93.07,0
883,53,No title provided,4,0,General Petite,Tops,Knits,906,78.22,1
873,39,No title provided,5,0,General,Tops,Knits,193,75.3,1
863,56,Soft and playful,5,16,General,Tops,Knits,410,70.52,1
1098,38,Better for smaller chest,4,2,General Petite,Dresses,Dresses,809,98.21,1
255,46,No title provided,3,1,Intimates,Intimate,Lounge,893,143.67,0
927,44,Modern chic,5,14,General Petite,Tops,Sweaters,470,78.48,1
1081,45,Cute and comfy dress,4,2,General,Dresses,Dresses,920,91.73,1
1078,31,Cheap,1,0,General Petite,Dresses,Dresses,3600,93.72,0
1083,31,Cute but collar,3,2,General,Dresses,Dresses,1117,93.86,0
850,53,So pretty in red,4,3,General,Tops,Blouses,726,49.55,1
860,63,Great netural top.,5,0,General Petite,Tops,Knits,464,70.15,1
1081,34,Snug and unflattering,2,0,General Petite,Dresses,Dresses,632,91.73,0
774,56,Modern,5,1,Intimates,Intimate,Lounge,526,108.12,1
1173,68,Girly bra,4,0,Intimates,Intimate,Intimates,762,75.36,1
1131,49,Still deciding,4,47,General Petite,Jackets,Outerwear,259,134.76,1
1098,34,Pretty details,4,0,General,Dresses,Dresses,717,98.21,1
850,39,Get it quick!,5,0,General,Tops,Blouses,370,49.55,1
835,39,Love it!!!,5,5,General,Tops,Blouses,351,52.93,1
868,20,Favorite new top,5,0,General,Tops,Knits,326,68.12,1
1092,27,No title provided,5,0,General,Dresses,Dresses,354,97.49,1
927,23,The gypsy version of a patagonia,5,0,General,Tops,Sweaters,683,78.48,1
1094,27,"Cute, easy dress",4,0,General,Dresses,Dresses,929,91.47,1
1028,26,I think i like these,5,4,General,Bottoms,Jeans,650,79.71,1
313,42,"Nice staple, thin, long",4,9,Intimates,Intimate,Sleep,384,31.53,1
960,65,Not as good as i hoped,3,6,General,Jackets,Jackets,383,120.35,1
1126,52,Wanted to love this,4,0,General Petite,Jackets,Outerwear,664,124.66,0
861,33,No title provided,5,0,General Petite,Tops,Knits,147,72.0,1
865,48,Classic and elegant,4,2,General Petite,Tops,Knits,891,71.54,1
944,20,"So soft, pretty and unique",5,0,General,Tops,Sweaters,634,78.3,1
1001,50,Misleading colors,3,1,General,Bottoms,Skirts,941,60.71,1
862,49,Shrinks,4,7,General,Tops,Knits,848,73.64,1
1074,52,Gorgeous,5,4,General,Dresses,Dresses,370,100.37,1
636,28,See through,1,0,General Petite,Intimate,Lounge,545,68.64,0
831,28,No title provided,2,0,General,Tops,Blouses,1281,47.37,0
1053,33,Bridgette jogger,4,0,General,Bottoms,Pants,528,78.71,1
862,34,Softer than i imagined,5,0,General,Tops,Knits,619,73.64,1
868,55,Lovely summer blouse,5,5,General Petite,Tops,Knits,388,68.12,1
836,60,"Lovely, but odd fit",4,13,General Petite,Tops,Blouses,628,52.71,1
1084,32,Looked like a sack,2,3,General,Dresses,Dresses,1161,94.59,0
912,27,Poor fit,1,0,General,Tops,Fine Gauge,1533,45.79,0
974,58,Great addition to fall/winter wardrobe,5,0,General Petite,Jackets,Jackets,624,125.76,1
844,28,Pretty top,4,3,General,Tops,Blouses,692,58.97,1
1078,49,No title provided,2,0,General,Dresses,Dresses,1700,93.72,1
1092,33,The details...,4,0,General Petite,Dresses,Dresses,272,97.49,1
829,47,Super cute blouse,4,1,General,Tops,Blouses,637,47.9,1
131,23,Comfy chic,5,0,General,Bottoms,Shorts,638,32.86,1
974,60,Stunning,4,1,General Petite,Jackets,Jackets,161,125.76,1
927,37,It's a keep,5,0,General Petite,Tops,Sweaters,710,78.48,1
1059,26,Runs small,5,0,General,Bottoms,Pants,331,80.22,1
829,49,Great fun top,5,3,General Petite,Tops,Blouses,299,47.9,1
895,60,Soft & beautiful!,5,5,General Petite,Tops,Fine Gauge,299,42.2,1
1094,30,Cute dress with faulty zipper,3,1,General Petite,Dresses,Dresses,223,91.47,1
996,51,Cute and stylish,5,0,General Petite,Bottoms,Skirts,548,60.63,1
864,56,Amazing,5,0,General Petite,Tops,Knits,711,70.18,1
1016,34,What you see is what you get,3,1,General Petite,Bottoms,Skirts,438,58.11,1
1022,40,Love it!,5,3,General Petite,Bottoms,Jeans,542,86.44,1
879,27,Love the style,5,1,General,Tops,Knits,584,73.13,1
886,20,Great versatility top,5,3,General,Tops,Knits,324,75.86,1
1086,25,Flattering and fun!,4,9,General,Dresses,Dresses,310,97.04,1
883,52,Great staple tank!,5,1,General,Tops,Knits,244,78.22,1
1038,40,No title provided,5,0,General,Bottoms,Jeans,223,75.47,1
176,46,Plaid sherpa robe rocks!,5,5,Intimates,Intimate,Sleep,420,25.27,1
1047,53,No title provided,5,0,General,Bottoms,Pants,665,80.12,1
829,63,Beautiful!,5,0,General,Tops,Blouses,742,47.9,1
1110,53,Great summer dress,5,0,General Petite,Dresses,Dresses,572,94.49,1
1022,36,Perfect cords,5,0,General,Bottoms,Jeans,713,86.44,1
1033,34,Great black trousers,5,0,General Petite,Bottoms,Jeans,626,92.45,1
1020,52,Beautiful and comfortable skirt,5,3,General,Bottoms,Skirts,658,60.91,1
872,47,Perfect summer tank!,5,1,General,Tops,Knits,332,73.48,1
1094,39,Fun everyday dress,4,4,General,Dresses,Dresses,527,91.47,1
1079,25,A lot of dress,4,4,General,Dresses,Dresses,165,89.22,0
999,33,No title provided,5,2,General Petite,Bottoms,Skirts,373,59.03,1
999,31,Stylish,5,0,General,Bottoms,Skirts,491,59.03,1
1110,57,Looks like a painting,5,3,General,Dresses,Dresses,350,94.49,1
1033,66,Favorite purchase this year,5,0,General Petite,Bottoms,Jeans,571,92.45,1
1075,37,So unique and lovely!!,5,0,General,Dresses,Dresses,267,88.95,1
820,32,So much fabric...,3,1,General,Tops,Blouses,1199,53.36,1
1059,38,Very flattering fit,5,1,General Petite,Bottoms,Pants,426,80.22,1
1056,41,No title provided,5,2,General Petite,Bottoms,Pants,132,74.82,1
524,39,Print may not be symmetrical as pictured,4,1,Intimates,Intimate,Swim,985,53.46,1
1094,35,Gorgeous dress,5,2,General,Dresses,Dresses,461,91.47,1
1083,37,Flattering and great buy on sale!,4,2,General,Dresses,Dresses,626,93.86,1
1081,41,Great dress!,5,1,General Petite,Dresses,Dresses,479,91.73,1
400,31,Seea and be seen!,5,12,Intimates,Intimate,Swim,738,59.56,1
934,41,T-rex arms,3,0,General,Tops,Sweaters,1087,83.86,0
820,51,Here comes summer,5,11,General,Tops,Blouses,654,53.36,1
835,29,Gorgeous but pricey,4,0,General,Tops,Blouses,1013,52.93,1
1078,38,Beautiful dress!,5,0,General,Dresses,Dresses,294,93.72,1
840,31,Great item!,5,0,General,Tops,Blouses,612,53.82,1
931,36,Warm and cozy,5,1,General,Tops,Sweaters,307,91.37,1
575,25,Better than i'd hoped,5,3,General,Trend,Trend,735,89.21,1
943,62,Gorgeous,5,3,General,Tops,Sweaters,552,102.74,1
1094,28,No title provided,1,3,General,Dresses,Dresses,1878,91.47,0
841,28,Just doesn't fit right,1,2,General,Tops,Blouses,2127,41.58,0
927,45,"Lightweight sweater, runs a bit large",4,1,General,Tops,Sweaters,814,78.48,1
1078,39,Style dilemma,4,4,General,Dresses,Dresses,484,93.72,1
829,66,Way too big,1,0,General,Tops,Blouses,1158,47.9,0
155,40,Cute and comfy!,5,0,Intimates,Intimate,Legwear,292,62.77,1
828,51,Wanted to love,3,0,General,Tops,Blouses,1253,48.45,0
602,56,Fits well and good for relaxing,5,11,General,Bottoms,Shorts,285,48.03,1
870,58,Cute and casual,5,0,General Petite,Tops,Knits,667,72.25,1
1059,46,Really cut pants,4,0,General,Bottoms,Pants,642,80.22,1
1052,58,No title provided,4,0,General Petite,Bottoms,Pants,409,72.58,1
1066,38,Great for spring,4,0,General Petite,Bottoms,Pants,890,73.42,1
1078,51,Fantastic,4,4,General,Dresses,Dresses,832,93.72,1
1080,51,Gorgeous dress,5,1,General Petite,Dresses,Dresses,447,92.12,1
881,59,No title provided,1,0,General,Tops,Knits,2721,74.78,0
822,25,My favorite summer top!,5,0,General Petite,Tops,Blouses,404,42.99,1
863,65,Bright and fun,4,0,General,Tops,Knits,474,70.52,1
862,36,No title provided,5,3,General,Tops,Knits,287,73.64,1
824,38,"Recommend, reservedly",4,0,General Petite,Tops,Blouses,789,50.91,1
741,30,Runs very small,4,0,Intimates,Intimate,Swim,401,75.75,1
1081,51,Still awesome,5,0,General,Dresses,Dresses,615,91.73,1
1028,34,No title provided,4,0,General,Bottoms,Jeans,421,79.71,1
861,53,"More colors, please!",5,1,General,Tops,Knits,744,72.0,1
860,50,Quintessential white top,4,0,General,Tops,Knits,970,70.15,1
1149,35,I am a big fan of bailey 44 brand,5,2,General Petite,Dresses,Dresses,207,79.48,1
1094,31,Way too short and baggy,2,21,General Petite,Dresses,Dresses,1212,91.47,0
850,33,No title provided,1,0,General,Tops,Blouses,2426,49.55,0
1084,40,Great flowy dress,5,0,General Petite,Dresses,Dresses,826,94.59,1
251,37,No title provided,5,0,Intimates,Intimate,Lounge,614,119.01,1
1095,33,Great colors,5,0,General Petite,Dresses,Dresses,708,93.07,1
282,49,Color run,1,0,General,Bottoms,Shorts,1637,34.65,0
508,37,Cool beach pants,5,0,Intimates,Intimate,Sleep,564,31.19,1
1030,37,"First time, but not last time, customer",5,2,General,Bottoms,Jeans,714,97.28,1
1006,57,Wanted to love this skirt,2,0,General,Bottoms,Skirts,1670,61.41,0
865,30,"Flowy, lightweight, and easy",4,0,General,Tops,Knits,918,71.54,1
863,80,No title provided,5,3,General Petite,Tops,Knits,346,70.52,1
833,29,Very wide,3,4,General Petite,Tops,Blouses,164,49.96,0
1078,20,No title provided,3,2,General Petite,Dresses,Dresses,1241,93.72,0
1004,24,Not recommended for girls with curves,2,0,General,Bottoms,Skirts,1323,59.69,0
895,59,Gold thread,2,2,General,Tops,Fine Gauge,1098,42.2,0
862,42,Very cute but runs large!,4,11,General Petite,Tops,Knits,973,73.64,1
959,46,Great staple piece,4,0,General Petite,Jackets,Jackets,180,81.95,1
1056,46,The dye runs!,5,0,General,Bottoms,Pants,667,74.82,1
842,36,Gorgeous and unique,5,0,General,Tops,Blouses,233,50.25,1
1082,59,Very unflattering dress,1,6,General Petite,Dresses,Dresses,2634,92.41,0
1095,35,No title provided,5,0,General,Dresses,Dresses,772,93.07,1
1094,41,Retro-mod yum,5,5,General Petite,Dresses,Dresses,135,91.47,1
870,31,Large? small? just right? a goldilocks review.,4,0,General Petite,Tops,Knits,529,72.25,1
674,41,So cute!,4,2,General Petite,Intimate,Lounge,721,89.78,1
67,52,No title provided,5,0,Intimates,Intimate,Layering,816,106.6,1
1033,42,Will be my new sweats,5,4,General Petite,Bottoms,Jeans,383,92.45,1
656,41,Love them!,5,0,Intimates,Intimate,Lounge,573,53.68,1
1104,25,No title provided,3,0,General,Dresses,Dresses,215,96.28,1
996,28,Spicy and comfortable,5,0,General Petite,Bottoms,Skirts,520,60.63,1
867,35,Not worth the price,2,2,General Petite,Tops,Knits,1715,74.79,0
895,59,Shrunk,4,3,General,Tops,Fine Gauge,785,42.2,1
941,23,Not for me,3,2,General,Tops,Sweaters,178,73.85,0
1066,49,Cute pants,4,0,General Petite,Bottoms,Pants,358,73.42,1
1025,31,Worn often and loved every time,5,2,General,Bottoms,Jeans,271,83.99,1
1077,61,Very lovely dress,5,7,General,Dresses,Dresses,333,91.1,1
1078,57,Thin and sheer,4,19,General,Dresses,Dresses,969,93.72,0
1020,39,Great summer skirt,4,2,General,Bottoms,Skirts,637,60.91,1
540,64,Cute but tricky zipper,4,0,General,Bottoms,Shorts,270,53.91,1
450,35,Great lace shorts.,4,3,General,Bottoms,Shorts,600,41.91,1
1095,31,Unflattering shape,2,5,General Petite,Dresses,Dresses,301,93.07,0
909,35,Very soft,5,0,General,Tops,Fine Gauge,547,44.64,1
831,53,Nice top - runs small,4,0,General Petite,Tops,Blouses,662,47.37,1
1094,60,Love!,5,8,General,Dresses,Dresses,411,91.47,1
1094,44,"Love this dress, and so comfortable!",5,1,General,Dresses,Dresses,489,91.47,1
870,54,Love this,5,0,General Petite,Tops,Knits,179,72.25,1
655,32,"Cute, poorly made",4,0,Intimates,Intimate,Swim,273,46.66,1
1081,32,"Good cut, bad texture",3,0,General Petite,Dresses,Dresses,918,91.73,0
1087,40,Wanted to love...,2,1,General Petite,Dresses,Dresses,1609,91.71,0
1171,30,Fun bottom,5,1,Intimates,Intimate,Swim,287,43.18,1
1103,39,Great for an hourglass figure!,5,3,General,Dresses,Dresses,813,116.9,1
1078,47,Great dress or tunic,5,1,General,Dresses,Dresses,612,93.72,1
1078,99,Beachy and boho!,5,1,General,Dresses,Dresses,452,93.72,1
1081,38,Go to dress,5,0,General Petite,Dresses,Dresses,332,91.73,1
940,29,Surprisingly versatile,5,4,General Petite,Tops,Sweaters,607,77.06,1
1070,28,Legs are very long but beautiful,4,0,General,Bottoms,Pants,468,81.61,1
1062,25,No title provided,4,0,General,Bottoms,Pants,461,58.81,1
1081,56,Versatile spring dress,5,2,General Petite,Dresses,Dresses,328,91.73,1
1025,50,Great jeans - lovely color,5,1,General Petite,Bottoms,Jeans,694,83.99,1
1038,49,Love/hate,3,1,General,Bottoms,Jeans,1205,75.47,0
1099,38,Ok curvy peeps! ;),5,0,General,Dresses,Dresses,188,86.93,1
1080,36,No title provided,5,0,General Petite,Dresses,Dresses,675,92.12,1
831,62,No title provided,4,0,General Petite,Tops,Blouses,213,47.37,1
872,47,Very pretty on,4,0,General Petite,Tops,Knits,408,73.48,1
831,59,No title provided,4,15,General,Tops,Blouses,701,47.37,1
774,45,"Comfortable cute, very casual dress",4,0,Intimates,Intimate,Lounge,620,108.12,1
836,45,Beautiful top!,5,1,General,Tops,Blouses,409,52.71,1
1202,31,Bright and happy,5,0,General Petite,Dresses,Dresses,685,77.24,1
1081,60,Easy style,5,3,General Petite,Dresses,Dresses,336,91.73,1
1078,23,"High quality, on trend",4,1,General,Dresses,Dresses,961,93.72,1
1030,48,Perfect jeans,5,0,General,Bottoms,Jeans,766,97.28,1
1083,56,Beautiful!,5,0,General,Dresses,Dresses,328,93.86,1
865,51,Summer coverall,4,1,General,Tops,Knits,991,71.54,1
850,60,No title provided,5,7,General Petite,Tops,Blouses,497,49.55,1
872,34,Love it!!,5,0,General,Tops,Knits,634,73.48,1
1094,33,Beautiful dress,5,0,General,Dresses,Dresses,413,91.47,1
1078,51,Love this dress!,5,0,General Petite,Dresses,Dresses,601,93.72,1
1094,47,"Very pretty, but too pricey",3,4,General,Dresses,Dresses,1132,91.47,1
903,21,Lightweight and breezy,5,19,General Petite,Tops,Fine Gauge,232,42.72,1
1081,38,Lovely plaid halter,5,1,General Petite,Dresses,Dresses,391,91.73,1
941,27,Fix the shedding!!!,5,0,General,Tops,Sweaters,281,73.85,1
861,31,Great material,5,0,General,Tops,Knits,468,72.0,1
833,48,Lovely romantic blouse,5,0,General,Tops,Blouses,279,49.96,1
1089,44,Beautiful little dress!,5,2,General,Dresses,Dresses,420,99.69,1
1033,47,Perfect interpretation of latest style,4,1,General Petite,Bottoms,Jeans,490,92.45,1
121,44,Need more than 1!,5,3,Intimates,Intimate,Layering,595,110.76,1
862,27,The perfect top for all seasons,5,5,General Petite,Tops,Knits,682,73.64,1
830,23,Great features but too boxy,4,0,General,Tops,Blouses,815,48.89,0
1060,58,"Lovely, comfortable and versatile",5,0,General Petite,Bottoms,Pants,645,75.43,1
876,55,No title provided,4,0,General Petite,Tops,Knits,260,72.01,1
1081,32,Pockets stick out on the sides,4,29,General Petite,Dresses,Dresses,744,91.73,1
974,34,Chic mama,5,0,General Petite,Jackets,Jackets,723,125.76,1
1078,24,Best dress i've ever found,5,0,General,Dresses,Dresses,415,93.72,1
873,40,Great summer top,5,0,General,Tops,Knits,459,75.3,1
528,40,Very cute!,4,2,General,Bottoms,Shorts,377,44.11,1
1053,38,Not for this jumpsuit girl,4,0,General,Bottoms,Pants,267,78.71,1
1153,39,Gorgeous classic in navy,5,3,General,Dresses,Dresses,212,94.86,1
1094,24,Wonderful,5,33,General Petite,Dresses,Dresses,471,91.47,1
1104,48,Must have,5,0,General Petite,Dresses,Dresses,180,96.28,1
1020,25,Adorable--runs two sizes too small,5,5,General,Bottoms,Skirts,687,60.91,0
940,48,Take a close look,5,5,General,Tops,Sweaters,520,77.06,1
4,28,Great layering piece,5,0,General,Tops,Sweaters,386,97.46,1
1008,54,No title provided,4,1,General,Bottoms,Skirts,371,61.13,1
845,65,You'll smile on a humid summer's day,5,12,General Petite,Tops,Blouses,497,49.32,1
879,43,"Love the top, but...",3,1,General Petite,Tops,Knits,239,73.13,0
1104,49,No title provided,5,0,General Petite,Dresses,Dresses,723,96.28,1
1001,22,No title provided,5,0,General,Bottoms,Skirts,208,60.71,1
1077,24,Careful curvy girls!!!!,4,2,General,Dresses,Dresses,471,91.1,1
964,53,No title provided,3,0,General,Jackets,Jackets,732,125.65,0
907,28,"Love the style, however was a disappointment",2,0,General,Tops,Fine Gauge,1351,42.56,0
863,46,Great style & fit,5,0,General,Tops,Knits,355,70.52,1
1044,47,Super comfy,5,0,General,Bottoms,Pants,362,75.37,1
945,45,I had such high hopes!,2,10,General,Tops,Sweaters,1265,79.07,0
860,39,Love it so much i got both,5,0,General,Tops,Knits,392,70.15,1
650,43,Flattering!,5,0,Intimates,Intimate,Lounge,636,73.62,1
896,41,No title provided,5,0,General,Tops,Fine Gauge,360,43.21,1
872,39,"Like it, comfy, nice but dind't keep",4,0,General,Tops,Knits,387,73.48,1
829,42,Front slit,4,0,General,Tops,Blouses,484,47.9,1
826,36,Fun top,4,7,General,Tops,Blouses,783,47.75,1
1094,35,"Simple, cute dress",5,0,General Petite,Dresses,Dresses,376,91.47,1
1078,48,No title provided,5,0,General Petite,Dresses,Dresses,258,93.72,1
871,63,Airy and feminine,4,18,General Petite,Tops,Knits,692,79.98,1
1081,53,Definitely size down,4,0,General,Dresses,Dresses,331,91.73,1
1038,53,Very nice,5,0,General Petite,Bottoms,Jeans,782,75.47,1
940,67,Flattering and practical.,5,0,General Petite,Tops,Sweaters,551,77.06,1
1100,31,Surpring dress,5,3,General,Dresses,Dresses,494,101.02,1
1093,43,No title provided,1,0,General,Dresses,Dresses,2179,119.27,0
1202,30,Great dress,5,0,General Petite,Dresses,Dresses,452,77.24,1
854,51,Perfect!,5,1,General,Tops,Knits,261,73.19,1
835,29,Love lace,5,2,General Petite,Tops,Blouses,496,52.93,1
1190,48,"Love, love, love!!!!!",5,2,General Petite,Bottoms,Jeans,770,99.3,1
1110,68,No title provided,5,5,General,Dresses,Dresses,138,94.49,1
927,27,Updated classic,5,0,General Petite,Tops,Sweaters,692,78.48,1
964,44,"Shirt and or jacket, with a flair",5,0,General,Jackets,Jackets,333,125.65,1
1078,28,Very flowy,3,1,General,Dresses,Dresses,609,93.72,0
287,32,New fav spring top,5,1,Intimates,Intimate,Lounge,743,110.51,1
927,44,Favorite new fall item,5,0,General,Tops,Sweaters,758,78.48,1
861,60,No title provided,5,0,General,Tops,Knits,233,72.0,1
1086,47,Great day dress!,5,0,General,Dresses,Dresses,835,97.04,1
180,47,No title provided,5,0,Intimates,Intimate,Sleep,345,27.66,1
860,49,Lovely in sky blue,5,0,General,Tops,Knits,533,70.15,1
872,52,No title provided,4,6,General,Tops,Knits,755,73.48,1
622,28,No title provided,4,0,Intimates,Intimate,Lounge,488,99.03,1
866,50,Wanted to love this!,2,1,General Petite,Tops,Knits,585,77.38,0
829,61,"I joined the "" holding horses"" fan club",5,4,General Petite,Tops,Blouses,689,47.9,1
1053,51,Cute and comfy,5,0,General,Bottoms,Pants,698,78.71,1
936,39,Meh,3,0,General Petite,Tops,Sweaters,458,76.18,0
834,31,Very comfortable and cute,5,0,General,Tops,Blouses,404,49.52,1
868,38,Huge,2,0,General,Tops,Knits,1369,68.12,0
294,39,Super comfy,5,2,General Petite,Intimate,Lounge,176,105.44,1
912,46,Haven't washed well,3,0,General Petite,Tops,Fine Gauge,391,45.79,0
829,63,"Adorable and comfortable, poor fabric quality",1,13,General Petite,Tops,Blouses,2689,47.9,0
1078,35,"Short, but great dress",4,0,General,Dresses,Dresses,764,93.72,1
864,30,Beautiful top!,5,59,General,Tops,Knits,770,70.18,1
868,53,Might want to size down,4,33,General,Tops,Knits,370,68.12,1
674,44,Adorable,4,0,General Petite,Intimate,Lounge,612,89.78,1
1028,64,Great jeans!,5,1,General,Bottoms,Jeans,830,79.71,1
1047,33,Highly recommend,5,0,General,Bottoms,Pants,522,80.12,1
1104,46,Dreamy!,5,4,General,Dresses,Dresses,647,96.28,1
828,40,Unbelievably soft,5,0,General Petite,Tops,Blouses,381,48.45,1
862,61,No title provided,4,0,General Petite,Tops,Knits,324,73.64,1
862,45,Classic versital shirt,2,1,General,Tops,Knits,1811,73.64,1
850,41,Beautiful winter color,5,10,General,Tops,Blouses,602,49.55,1
967,38,Good idea...execution could be better,3,9,General,Jackets,Jackets,410,129.05,1
912,34,Sizing is incredibly off,2,0,General,Tops,Fine Gauge,1223,45.79,0
829,62,Super cute,4,11,General Petite,Tops,Blouses,785,47.9,1
1086,41,No title provided,4,2,General Petite,Dresses,Dresses,833,97.04,1
1098,35,Love this dress!,5,0,General,Dresses,Dresses,596,98.21,1
936,39,No title provided,5,1,General Petite,Tops,Sweaters,239,76.18,1
815,41,Just meh...,5,6,General,Tops,Blouses,363,47.28,1
1145,63,Cost of beauty can be painful,3,0,General,Trend,Trend,854,73.32,1
1083,47,Form-fitting yet forgiving,5,0,General,Dresses,Dresses,377,93.86,1
1020,31,No title provided,5,0,General Petite,Bottoms,Skirts,824,60.91,1
880,68,No title provided,5,0,General,Tops,Knits,725,75.0,1
862,41,Misrepresented cleaning instructions,4,1,General,Tops,Knits,853,73.64,0
394,32,Great fit,5,0,Intimates,Intimate,Swim,284,60.95,1
1046,41,My go to bpttoms this summer!,5,2,General,Bottoms,Pants,269,77.37,1
907,22,Versatile,5,2,General,Tops,Fine Gauge,322,42.56,1
850,59,No title provided,5,3,General,Tops,Blouses,616,49.55,1
850,47,Beautiful top but very small,4,0,General,Tops,Blouses,329,49.55,1
1077,41,No title provided,3,8,General,Dresses,Dresses,889,91.1,0
1092,49,Disappointing,2,2,General Petite,Dresses,Dresses,1136,97.49,0
862,34,Good light sweater,5,0,General,Tops,Knits,363,73.64,1
907,54,All wrong,1,1,General,Tops,Fine Gauge,1568,42.56,0
1100,23,One of my favorite purchases!,5,0,General Petite,Dresses,Dresses,318,101.02,1
1092,39,Laura ingalls eat your heart out,5,10,General Petite,Dresses,Dresses,496,97.49,1
1077,32,"Tall bettys rejoice, this maxi is for you!",5,0,General,Dresses,Dresses,626,91.1,1
1009,27,No title provided,5,0,General,Bottoms,Skirts,394,57.29,1
881,34,This top is so soft...,5,5,General Petite,Tops,Knits,227,74.78,1
1072,36,Beautiful!,5,2,General Petite,Dresses,Dresses,742,99.14,1
861,32,Cute tee,4,0,General,Tops,Knits,662,72.0,1
867,26,Color better in person,4,0,General,Tops,Knits,529,74.79,1
1004,23,"Love the structure, not the length",4,4,General Petite,Bottoms,Skirts,169,59.69,1
861,42,Too boxy,2,1,General,Tops,Knits,1633,72.0,0
1052,43,Not for me,3,0,General Petite,Bottoms,Pants,1325,72.58,0
1081,68,Dangerous beads on back-will rip upholstery,3,2,General,Dresses,Dresses,964,91.73,0
1065,66,Very nice,4,2,General,Bottoms,Pants,604,58.47,1
1078,38,Not worth the effort,1,0,General Petite,Dresses,Dresses,1396,93.72,0
862,44,Lovely top,5,0,General,Tops,Knits,699,73.64,1
832,24,No title provided,3,1,General Petite,Tops,Blouses,652,53.46,0
835,27,Love it!,5,3,General,Tops,Blouses,368,52.93,1
1083,28,So close,3,0,General,Dresses,Dresses,511,93.86,0
1092,39,Runs big in bust,4,1,General Petite,Dresses,Dresses,861,97.49,1
829,58,Love this blouse!,5,3,General,Tops,Blouses,643,47.9,1
895,33,Stunning,5,2,General,Tops,Fine Gauge,182,42.2,1
1001,78,So cute,5,0,General,Bottoms,Skirts,668,60.71,1
964,46,Great staple piece,5,0,General Petite,Jackets,Jackets,580,125.65,1
1020,48,Bright spring skirt,5,0,General Petite,Bottoms,Skirts,263,60.91,1
1055,57,Great cut,4,0,General,Bottoms,Pants,582,81.0,1
815,45,This top is beautiful,5,0,General,Tops,Blouses,494,47.28,1
1099,44,No title provided,5,0,General Petite,Dresses,Dresses,711,86.93,1
1022,45,Sadly disappointed,2,6,General,Bottoms,Jeans,1775,86.44,0
839,32,Super cute!,5,2,General,Tops,Blouses,533,50.7,1
1094,36,Prety dress that fits true to size,4,1,General,Dresses,Dresses,465,91.47,1
1094,34,A must buy!!,5,0,General,Dresses,Dresses,583,91.47,1
867,32,Easy throw on,5,0,General,Tops,Knits,194,74.79,1
117,57,No title provided,5,0,Intimates,Intimate,Legwear,716,73.98,1
836,43,Cute top but not for the price,3,0,General Petite,Tops,Blouses,471,52.71,0
902,28,Snags!,3,0,General,Tops,Fine Gauge,997,36.91,0
1087,74,"Love this dress, but had to return",4,0,General Petite,Dresses,Dresses,478,91.71,1
895,36,No title provided,5,0,General Petite,Tops,Fine Gauge,599,42.2,1
631,58,No title provided,5,0,General Petite,Intimate,Lounge,377,55.84,1
970,59,No title provided,3,0,General,Jackets,Jackets,174,107.14,0
33,19,"Pretty, but not the most comfortable",4,0,Intimates,Intimate,Intimates,483,61.01,1
1051,53,Material was light and comfortable,5,1,General Petite,Bottoms,Pants,482,78.63,1
938,46,Very heavy sweater,4,0,General Petite,Tops,Sweaters,570,63.51,1
964,66,Nice vest,5,4,General Petite,Jackets,Jackets,677,125.65,1
1008,30,Super cute,5,3,General,Bottoms,Skirts,225,61.13,1
1072,18,I get so many compliments,4,0,General,Dresses,Dresses,338,99.14,1
867,39,Cute tee!,5,0,General,Tops,Knits,669,74.79,1
834,46,"So comfortable, flattering & with a great print",5,28,General Petite,Tops,Blouses,458,49.52,1
863,44,Hits the mark,5,1,General Petite,Tops,Knits,734,70.52,1
868,39,Eek!,1,4,General,Tops,Knits,1425,68.12,0
1003,52,Cute skirt for next summer,5,0,General,Bottoms,Skirts,475,60.38,1
928,37,No title provided,5,0,General,Tops,Sweaters,810,87.64,1
1110,56,Beautiful!!,5,0,General,Dresses,Dresses,308,94.49,1
1008,39,Love!,4,0,General,Bottoms,Skirts,628,61.13,1
318,46,Top portion too low,4,0,Intimates,Intimate,Swim,390,55.75,0
1068,39,I want all the colors,5,4,General,Bottoms,Pants,318,76.56,1
1094,40,No title provided,5,1,General,Dresses,Dresses,529,91.47,1
1081,53,Great casual dress,5,3,General Petite,Dresses,Dresses,254,91.73,1
1086,60,Just ok,2,0,General,Dresses,Dresses,1414,97.04,0
1077,32,No title provided,3,8,General Petite,Dresses,Dresses,323,91.1,1
1097,61,Obsessed!,5,0,General,Dresses,Dresses,455,91.88,1
834,42,No title provided,5,0,General Petite,Tops,Blouses,427,49.52,1
865,45,No title provided,2,4,General,Tops,Knits,1219,71.54,0
506,38,Comfy and cute,5,1,Intimates,Intimate,Sleep,509,31.08,1
860,23,Perfect,5,1,General,Tops,Knits,617,70.15,1
830,38,Very pretty blouse; sleeves impractical,4,0,General,Tops,Blouses,621,48.89,1
1078,36,Cute dress but terrible design flaw,3,0,General Petite,Dresses,Dresses,659,93.72,0
1020,66,Cute skirt,5,7,General,Bottoms,Skirts,497,60.91,1
936,56,A little odd...,3,0,General Petite,Tops,Sweaters,311,76.18,0
829,26,Perfect buttondown,5,0,General,Tops,Blouses,564,47.9,1
642,20,Just awesome,5,6,Intimates,Intimate,Lounge,171,115.57,1
968,52,Busty &amp;amp; it works great for me,5,0,General,Jackets,Jackets,425,108.74,1
1053,68,No title provided,5,1,General Petite,Bottoms,Pants,733,78.71,1
1074,33,Had high hopes!,4,8,General,Dresses,Dresses,253,100.37,0
984,39,Versatile jacket,5,0,General,Jackets,Jackets,756,120.15,1
844,39,Shapeless,2,3,General Petite,Tops,Blouses,1866,58.97,0
1077,34,Too small,1,0,General Petite,Dresses,Dresses,2969,91.1,0
872,57,Lovely color; beautiful detailing,4,2,General Petite,Tops,Knits,909,73.48,1
1079,40,Tiny buttons break,3,1,General,Dresses,Dresses,696,89.22,0
860,26,Simple t with a twist,4,0,General,Tops,Knits,729,70.15,1
863,69,Love the color,5,3,General Petite,Tops,Knits,663,70.52,1
1022,47,Flattering!,5,4,General,Bottoms,Jeans,292,86.44,1
867,46,No title provided,5,0,General Petite,Tops,Knits,474,74.79,1
1028,38,Excellent dark wash jean,5,0,General,Bottoms,Jeans,615,79.71,1
936,40,Fun sweater,5,0,General Petite,Tops,Sweaters,749,76.18,1
1063,38,"Pretty, but not at this price",3,0,General,Bottoms,Pants,978,91.98,0
1080,52,"Nice, but...",4,0,General,Dresses,Dresses,333,92.12,1
1110,27,Love it,5,2,General,Dresses,Dresses,129,94.49,1
1081,46,Dress it up or down,5,0,General Petite,Dresses,Dresses,275,91.73,1
886,45,No title provided,5,0,General Petite,Tops,Knits,315,75.86,1
992,48,Very nice!,5,1,General,Bottoms,Skirts,620,63.68,1
1030,39,So cozy,4,1,General,Bottoms,Jeans,784,97.28,1
1022,39,"Like, but not love - long on petite",4,3,General,Bottoms,Jeans,272,86.44,1
836,58,No title provided,2,2,General,Tops,Blouses,639,52.71,1
873,43,Versatile,4,0,General Petite,Tops,Knits,242,75.3,1
909,43,"Soft, beautiful sweater!",5,0,General,Tops,Fine Gauge,432,44.64,1
1092,83,Gorgeous and exotic dress,5,0,General,Dresses,Dresses,491,97.49,1
873,39,"Large, long, and lovely",5,2,General Petite,Tops,Knits,222,75.3,1
824,54,"Cute, great quality, nice fit",5,0,General Petite,Tops,Blouses,489,50.91,1
1020,58,"Beautiful skirt, but runs small",4,8,General Petite,Bottoms,Skirts,528,60.91,1
833,39,I like it enough,4,6,General,Tops,Blouses,539,49.96,1
864,51,Better looking on that in the picture,5,19,General Petite,Tops,Knits,229,70.18,1
1044,51,Great fitting pants!,5,2,General,Bottoms,Pants,518,75.37,1
996,25,I love this skirt,5,0,General,Bottoms,Skirts,682,60.63,1
895,48,No title provided,5,1,General Petite,Tops,Fine Gauge,116,42.2,1
190,37,Love!!,5,0,General Petite,Intimate,Lounge,401,79.81,1
1025,59,Snug in waist,4,0,General,Bottoms,Jeans,406,83.99,1
403,43,"Fun, and oh so soft!",4,1,Intimates,Intimate,Swim,866,76.48,1
834,46,"Xl fits great, color description is a bit off",5,2,General Petite,Tops,Blouses,626,49.52,1
820,69,Beautiful design,5,0,General,Tops,Blouses,706,53.36,1
481,31,No title provided,3,1,General Petite,Bottoms,Pants,239,59.76,1
986,36,Perfect summer wardrobe addition,5,1,General,Jackets,Jackets,391,125.48,1
1048,79,Sexy and flows,5,8,General Petite,Bottoms,Pants,559,83.29,1
863,70,Perfect little white tee,4,3,General,Tops,Knits,1019,70.52,1
939,41,Warm and stylish,5,0,General,Tops,Sweaters,694,77.82,1
1099,27,The perfect summer dress,5,1,General Petite,Dresses,Dresses,575,86.93,1
1056,42,No title provided,5,0,General,Bottoms,Pants,451,74.82,1
1078,62,Charming and delightful!,5,0,General,Dresses,Dresses,299,93.72,1
860,48,Give it a pass,2,0,General,Tops,Knits,1791,70.15,0
875,33,Adorable top!!,5,2,General,Tops,Knits,197,72.72,1
865,54,Asymetric draping,4,11,General,Tops,Knits,426,71.54,1
1072,44,My surprising find,5,29,General,Dresses,Dresses,360,99.14,1
895,42,Great cardigan,5,3,General Petite,Tops,Fine Gauge,358,42.2,1
1110,53,Strapless denim a-line dress,4,1,General,Dresses,Dresses,760,94.49,1
876,49,Beautiful!,5,1,General Petite,Tops,Knits,451,72.01,1
939,35,Prettier in person!,5,28,General,Tops,Sweaters,219,77.82,1
1078,54,Love this dress!!,5,1,General,Dresses,Dresses,349,93.72,1
1110,49,Nice dress,3,0,General,Dresses,Dresses,1062,94.49,1
996,36,High waist and seemed to run small on me,4,4,General,Bottoms,Skirts,694,60.63,1
1078,42,Very roomy,2,0,General Petite,Dresses,Dresses,837,93.72,0
820,42,Not a white background,5,4,General,Tops,Blouses,646,53.36,1
1056,40,Not colorfast!,2,0,General,Bottoms,Pants,380,74.82,0
1077,25,Cute and comfortable!,5,0,General,Dresses,Dresses,308,91.1,1
1126,42,So pretty!,4,0,General,Jackets,Outerwear,758,124.66,1
952,58,"Vintage , cozy, unique adorable sweater",5,3,General,Tops,Sweaters,545,79.08,1
936,31,Comfy cozy,5,0,General Petite,Tops,Sweaters,495,76.18,1
863,68,Love this shirt!,5,0,General Petite,Tops,Knits,208,70.52,1
873,37,Sheer,3,0,General Petite,Tops,Knits,540,75.3,0
862,49,Love it but need a larger size,4,2,General Petite,Tops,Knits,462,73.64,1
282,31,Love these shorts!!,5,0,General,Bottoms,Shorts,308,34.65,1
1011,53,Flattering and comfortable,5,2,General,Bottoms,Skirts,507,67.37,1
854,55,Buy one size up!,4,0,General Petite,Tops,Knits,245,73.19,1
155,30,Cute and simple,3,0,Intimates,Intimate,Legwear,565,62.77,1
916,47,Lovely poncho!,5,3,General,Tops,Fine Gauge,484,49.22,1
867,57,Hole the first time!,3,0,General,Tops,Knits,178,74.79,1
455,37,Fleeced tula hoodie,2,3,Intimates,Intimate,Lounge,1064,128.25,0
862,47,No title provided,5,0,General,Tops,Knits,540,73.64,1
1078,50,No title provided,5,1,General,Dresses,Dresses,643,93.72,1
862,39,Perfect,5,1,General Petite,Tops,Knits,277,73.64,1
833,39,So pretty!,4,2,General,Tops,Blouses,679,49.96,1
1094,67,Great dress,5,0,General,Dresses,Dresses,238,91.47,1
826,77,Perfect hot summer day choice,5,1,General Petite,Tops,Blouses,622,47.75,1
872,63,Lovely....,5,5,General,Tops,Knits,201,73.48,1
873,36,Cute sweatshirt,4,0,General Petite,Tops,Knits,500,75.3,1
1099,43,Poor quality,2,0,General,Dresses,Dresses,1533,86.93,0
898,55,Classic,5,6,General,Tops,Fine Gauge,620,37.43,1
1081,39,Amazing!,5,6,General Petite,Dresses,Dresses,505,91.73,1
1033,37,Love! wish retailer had olive and black please!,5,0,General,Bottoms,Jeans,642,92.45,1
883,37,Great if cut right,3,1,General,Tops,Knits,1234,78.22,1
1047,38,Amazing pants!,5,1,General,Bottoms,Pants,217,80.12,1
862,62,Snap neck pullover,5,4,General Petite,Tops,Knits,622,73.64,1
1110,39,Whispering wisteria,5,0,General,Dresses,Dresses,794,94.49,1
1094,40,No title provided,5,4,General Petite,Dresses,Dresses,821,91.47,1
862,28,Very cute print!,4,0,General,Tops,Knits,840,73.64,1
974,62,White is not white,4,13,General,Jackets,Jackets,362,125.76,1
1110,43,Skirt flares more than it looks,4,2,General,Dresses,Dresses,472,94.49,1
1081,39,Retro perfect,5,2,General,Dresses,Dresses,280,91.73,1
836,45,No title provided,5,1,General,Tops,Blouses,469,52.71,1
867,59,No title provided,5,10,General Petite,Tops,Knits,234,74.79,1
1080,41,Comfy and cute,5,1,General,Dresses,Dresses,358,92.12,1
1059,41,Odd fit,2,3,General,Bottoms,Pants,953,80.22,0
1086,45,Stunning holiday dress,5,2,General,Dresses,Dresses,285,97.04,1
1115,62,Delicious coat!,5,8,General,Jackets,Outerwear,770,108.61,1
844,62,I'm wearing the hadley tunic for my birthday!!!!,5,0,General,Tops,Blouses,641,58.97,1
1110,31,Stunning lace/boho dress,4,0,General Petite,Dresses,Dresses,138,94.49,1
1081,39,Nicer than i expected,5,0,General,Dresses,Dresses,730,91.73,1
975,47,Cute jacket but low quality,4,2,General,Jackets,Jackets,172,128.22,1
1095,26,Can't get enough,5,0,General,Dresses,Dresses,492,93.07,1
1107,46,Large and boxy,2,0,General Petite,Dresses,Dresses,1267,89.65,0
1104,40,No title provided,3,0,General,Dresses,Dresses,374,96.28,1
1078,31,"The perfect ""blue"" period dress",5,3,General Petite,Dresses,Dresses,420,93.72,1
1025,67,My search for high-rise jeans is over!,5,1,General Petite,Bottoms,Jeans,756,83.99,1
824,41,Another beauty from maeve!,5,3,General Petite,Tops,Blouses,164,50.91,1
394,30,No title provided,5,0,Intimates,Intimate,Swim,513,60.95,1
877,59,Love this tee!,5,0,General Petite,Tops,Knits,313,76.05,1
940,48,Great fall piece,5,2,General Petite,Tops,Sweaters,336,77.06,1
861,46,Very poor quality,2,1,General,Tops,Knits,383,72.0,0
1078,39,Gorgeous silk pattern,5,0,General,Dresses,Dresses,535,93.72,1
936,42,Fun preppy-isn winter vest,5,12,General Petite,Tops,Sweaters,650,76.18,1
1086,26,No title provided,4,0,General Petite,Dresses,Dresses,292,97.04,1
941,33,Horrible,1,0,General Petite,Tops,Sweaters,3559,73.85,0
1031,45,No title provided,3,0,General,Bottoms,Jeans,591,100.38,1
1060,36,Love these pants!,5,1,General,Bottoms,Pants,317,75.43,1
1080,28,Adorable dress but different than pictured,4,0,General,Dresses,Dresses,434,92.12,1
835,29,No title provided,4,3,General,Tops,Blouses,900,52.93,1
916,39,So soft,5,0,General,Tops,Fine Gauge,203,49.22,1
939,68,My new favorite jacket,5,0,General Petite,Tops,Sweaters,348,77.82,1
940,55,Classic design,5,0,General,Tops,Sweaters,255,77.06,1
520,36,No title provided,3,0,Intimates,Intimate,Layering,1159,101.42,0
357,25,So cute n comfy,5,1,General,Bottoms,Shorts,410,43.46,1
1033,36,Great pants,5,0,General Petite,Bottoms,Jeans,515,92.45,1
1077,49,Frustrating dress,3,0,General,Dresses,Dresses,675,91.1,0
1094,36,Great price for a cute dress,5,0,General,Dresses,Dresses,709,91.47,1
1078,43,Simply timeless and feminine,5,7,General,Dresses,Dresses,528,93.72,1
1104,37,Cute dress,5,2,General Petite,Dresses,Dresses,703,96.28,1
880,65,Cute and comfortable,4,0,General,Tops,Knits,679,75.0,1
863,27,Super cute!!,4,11,General,Tops,Knits,987,70.52,1
1066,40,Everyone needs a little blue pants,5,0,General Petite,Bottoms,Pants,447,73.42,1
877,62,No title provided,3,2,General,Tops,Knits,744,76.05,1
993,26,Perfect transitional piece,5,1,General Petite,Bottoms,Skirts,351,58.25,1
256,43,No title provided,5,0,General Petite,Intimate,Lounge,390,83.25,1
1059,50,I love them!,5,0,General Petite,Bottoms,Pants,730,80.22,1
862,33,Love the length,5,0,General,Tops,Knits,426,73.64,1
1104,59,No title provided,2,10,General Petite,Dresses,Dresses,594,96.28,1
1030,52,Perfect fit.,5,0,General,Bottoms,Jeans,580,97.28,1
1072,33,Huge,4,0,General Petite,Dresses,Dresses,560,99.14,1
984,46,The best!!,5,0,General Petite,Jackets,Jackets,336,120.15,1
1044,48,Comfortable white(ish) non-see-through pants,4,14,General,Bottoms,Pants,641,75.37,1
1092,31,Pretty dress,5,0,General Petite,Dresses,Dresses,330,97.49,1
1099,25,Runs large and sleeves are different from photo,4,0,General Petite,Dresses,Dresses,599,86.93,1
819,39,"Pretty, big, but for tanned people",3,4,General,Tops,Blouses,279,51.78,1
1033,56,Great cords,5,0,General,Bottoms,Jeans,499,92.45,1
826,29,Flimsy,3,0,General,Tops,Blouses,1291,47.75,0
1008,40,Great classic skirt,5,1,General Petite,Bottoms,Skirts,794,61.13,1
936,32,No title provided,5,0,General,Tops,Sweaters,757,76.18,1
1030,68,No title provided,4,0,General,Bottoms,Jeans,711,97.28,1
877,28,Love it!,5,1,General,Tops,Knits,195,76.05,1
829,33,Baggy,4,1,General,Tops,Blouses,126,47.9,1
1099,32,Cute summer dress,4,9,General Petite,Dresses,Dresses,829,86.93,1
1078,33,No title provided,5,0,General Petite,Dresses,Dresses,447,93.72,1
1033,36,A little thinner than expected,5,0,General Petite,Bottoms,Jeans,459,92.45,1
1077,33,Great pirchase,5,0,General,Dresses,Dresses,418,91.1,1
1080,43,Dreamy bohemian maxi,5,2,General,Dresses,Dresses,707,92.12,1
1094,46,Darla tulle dress,4,2,General,Dresses,Dresses,177,91.47,1
901,93,Very pretty & soft,4,0,General,Tops,Fine Gauge,879,49.83,1
1038,36,Floral fall jean,5,1,General,Bottoms,Jeans,481,75.47,1
1020,65,Gorgeous skirt!,5,3,General Petite,Bottoms,Skirts,282,60.91,1
1077,30,Perfect for summer nights,5,0,General Petite,Dresses,Dresses,447,91.1,1
872,31,Amazing canary yellow but a little transparent,5,0,General Petite,Tops,Knits,748,73.48,1
984,40,Cropped jacket,4,5,General,Jackets,Jackets,986,120.15,1
378,59,Adorable suit,5,0,Intimates,Intimate,Swim,681,54.58,1
836,45,Better in person,4,0,General,Tops,Blouses,608,52.71,1
1099,66,Good for any occasion.,3,0,General Petite,Dresses,Dresses,920,86.93,1
1094,28,Super cute but large,4,0,General Petite,Dresses,Dresses,813,91.47,1
841,60,Pretty,4,2,General,Tops,Blouses,349,41.58,1
1078,49,Sassy,4,0,General,Dresses,Dresses,909,93.72,1
1046,38,Not for women with curves!,1,2,General,Bottoms,Pants,3524,77.37,0
1146,52,Disappointed,1,3,General Petite,Trend,Trend,2496,75.11,0
194,33,Sizing depends on the comor,5,0,General Petite,Intimate,Lounge,234,104.84,1
995,51,Beautiful skirt,4,6,General,Bottoms,Skirts,557,62.21,1
753,51,Comfy but put together.,5,6,Intimates,Intimate,Lounge,337,144.4,1
927,59,Flattering top,5,0,General,Tops,Sweaters,376,78.48,1
872,26,Awesome top,4,0,General Petite,Tops,Knits,721,73.48,1
1080,27,Beautiful and comfortable,5,2,General,Dresses,Dresses,168,92.12,1
1080,34,Not a good fit,2,3,General Petite,Dresses,Dresses,847,92.12,0
825,25,No title provided,4,0,General,Tops,Blouses,737,51.28,1
156,31,Tights,5,0,Intimates,Intimate,Legwear,365,57.39,1
1144,34,Very cute,5,2,General,Trend,Trend,539,50.67,1
829,37,Beautiful details but cut small,3,1,General Petite,Tops,Blouses,808,47.9,0
1056,48,Love these pants!,5,6,General Petite,Bottoms,Pants,247,74.82,1
850,56,Pretty hot mess,2,3,General,Tops,Blouses,1798,49.55,0
895,63,Love this sweater in black,5,1,General Petite,Tops,Fine Gauge,548,42.2,1
829,61,Cute top,3,0,General,Tops,Blouses,544,47.9,1
862,48,"Shapely, but busty gals beware",3,2,General,Tops,Knits,573,73.64,1
872,27,Not as pictured,1,4,General,Tops,Knits,2990,73.48,0
1086,64,A pressing matter,4,1,General Petite,Dresses,Dresses,473,97.04,1
1083,55,Pretty but tight in rear,2,1,General Petite,Dresses,Dresses,1350,93.86,0
1094,27,Lovely and versatile dress!,5,0,General,Dresses,Dresses,520,91.47,1
1080,59,Lovely and comfy,5,6,General Petite,Dresses,Dresses,199,92.12,1
828,36,No title provided,2,0,General,Tops,Blouses,1327,48.45,0
316,28,Didn't work for me,2,1,General,Bottoms,Shorts,808,41.54,0
867,41,Very slimming,5,1,General Petite,Tops,Knits,708,74.79,1
1066,44,Very disappointed,1,1,General Petite,Bottoms,Pants,2982,73.42,0
134,25,No title provided,5,0,General Petite,Intimate,Lounge,689,136.26,1
862,48,"Comfy, soft, nice fit",5,12,General Petite,Tops,Knits,610,73.64,1
290,62,Yes yes yes!,5,1,Intimates,Intimate,Lounge,288,103.99,1
857,21,No title provided,5,28,General,Tops,Knits,410,75.61,1
1095,38,"Love this dress, but definitely some fit issues...",4,1,General Petite,Dresses,Dresses,796,93.07,1
941,82,Great sweater!,4,3,General Petite,Tops,Sweaters,229,73.85,1
1094,50,Not flattering on me,3,0,General,Dresses,Dresses,652,91.47,1
1047,42,Perfect jogger!,5,2,General Petite,Bottoms,Pants,828,80.12,1
1146,45,Wanted to love this...but,2,0,General Petite,Trend,Trend,939,75.11,1
1099,57,Cute!!!!,4,1,General Petite,Dresses,Dresses,260,86.93,1
1022,35,No title provided,5,1,General Petite,Bottoms,Jeans,494,86.44,1
1106,34,Add your own touches!,4,2,General Petite,Dresses,Dresses,363,67.11,1
833,35,No title provided,3,6,General,Tops,Blouses,1028,49.96,0
1072,56,Fits the need!,4,1,General Petite,Dresses,Dresses,418,99.14,1
886,70,There's something wonderful about this tee,5,0,General Petite,Tops,Knits,234,75.86,1
1068,46,Favorite linen pants,5,9,General,Bottoms,Pants,571,76.56,1
985,35,Can't stop wearing it,4,4,General Petite,Jackets,Jackets,553,128.35,1
1081,66,Good fit and great style,4,0,General Petite,Dresses,Dresses,375,91.73,1
1093,58,Gorgeous dress,5,4,General,Dresses,Dresses,692,119.27,1
1103,37,"Lovely dress, but long in even petite",4,9,General,Dresses,Dresses,661,116.9,1
867,30,Festive top!,4,5,General,Tops,Knits,377,74.79,1
1056,64,My dream chinos!,5,0,General,Bottoms,Pants,677,74.82,1
1094,44,No title provided,5,1,General,Dresses,Dresses,580,91.47,1
1025,67,Adorable easy to wear,4,1,General,Bottoms,Jeans,645,83.99,1
828,29,No title provided,5,2,General,Tops,Blouses,611,48.45,1
1085,31,"Beautiful, but a bit boxy",4,7,General Petite,Dresses,Dresses,705,97.95,1
1104,32,Ok dress,3,0,General,Dresses,Dresses,407,96.28,1
1022,37,Unique style,4,1,General,Bottoms,Jeans,456,86.44,1
834,62,Great top,5,0,General,Tops,Blouses,323,49.52,1
950,35,Cheesy...,3,2,General,Tops,Sweaters,276,69.31,0
860,52,No title provided,5,1,General Petite,Tops,Knits,749,70.15,1
855,41,Note this is a crop top,4,0,General Petite,Tops,Knits,123,76.66,0
868,29,"Super cute, really poor quality",1,0,General,Tops,Knits,3246,68.12,0
1123,27,Great jacket,5,1,General Petite,Jackets,Outerwear,422,135.82,1
895,44,No title provided,5,0,General,Tops,Fine Gauge,736,42.2,1
1081,55,Almost.,2,3,General Petite,Dresses,Dresses,1699,91.73,0
1035,38,No title provided,4,0,General,Bottoms,Jeans,682,98.29,1
1059,45,Perfect pants,5,4,General,Bottoms,Pants,540,80.22,1
872,60,Simple beauty,5,3,General Petite,Tops,Knits,531,73.48,1
824,68,From a white shirt collector!,5,13,General Petite,Tops,Blouses,781,50.91,1
831,37,No title provided,5,1,General Petite,Tops,Blouses,619,47.37,1
78,43,Beautiful...runs very small,4,0,Intimates,Intimate,Intimates,813,57.17,1
1094,57,Beautiful dress,4,29,General,Dresses,Dresses,178,91.47,1
909,33,Beautiful sweater,5,1,General,Tops,Fine Gauge,679,44.64,1
829,29,Cutest blouse,5,0,General Petite,Tops,Blouses,709,47.9,1
1095,39,No title provided,4,0,General,Dresses,Dresses,597,93.07,1
921,46,Too large even in xs!,2,4,General,Tops,Sweaters,1015,73.65,0
984,34,Even cuter as a dress,5,0,General Petite,Jackets,Jackets,685,120.15,1
1081,36,Great dress!,5,0,General Petite,Dresses,Dresses,848,91.73,1
840,48,Wide wide wide,2,0,General Petite,Tops,Blouses,1471,53.82,0
1035,57,Great fit. i need to fix cuffs.,4,2,General Petite,Bottoms,Jeans,259,98.29,1
804,72,Beautiful fall color,4,0,Intimates,Intimate,Lounge,319,54.37,1
1110,39,Lovely dressy dress,5,7,General,Dresses,Dresses,338,94.49,1
1091,31,Odd shape.,3,37,General,Dresses,Dresses,786,96.01,0
282,38,Just what i needed in a summer short,5,0,General,Bottoms,Shorts,681,34.65,1
866,40,Soo cute!,5,0,General,Tops,Knits,508,77.38,1
1097,34,Not flattering,3,16,General,Dresses,Dresses,779,91.88,0
180,39,No title provided,5,0,Intimates,Intimate,Sleep,852,27.66,1
1094,37,Perfect comfy little dress,5,0,General Petite,Dresses,Dresses,303,91.47,1
895,49,Love it!,5,0,General Petite,Tops,Fine Gauge,660,42.2,1
854,46,Very low cut...and a weird snap,2,1,General,Tops,Knits,853,73.19,0
999,39,Not exactly what i expected,4,1,General,Bottoms,Skirts,965,59.03,1
909,55,No title provided,2,0,General,Tops,Fine Gauge,1733,44.64,0
282,28,"Comfy, summery",5,0,General,Bottoms,Shorts,345,34.65,1
873,38,"Stylish, hip, & professional",5,0,General,Tops,Knits,410,75.3,1
1081,23,Flattering fit. may be sheer for some.,5,1,General Petite,Dresses,Dresses,636,91.73,1
898,46,Too small!,2,1,General,Tops,Fine Gauge,1418,37.43,1
1056,54,Great chinos,4,1,General Petite,Bottoms,Pants,810,74.82,1
316,30,"Fun, unique romper",5,1,General,Bottoms,Shorts,658,41.54,1
1081,25,Perfect summer dress,5,0,General,Dresses,Dresses,459,91.73,1
823,45,Surprisingly beautiful,4,0,General,Tops,Blouses,390,47.13,1
907,39,"Ok, but have seen better",4,0,General,Tops,Fine Gauge,342,42.56,1
1008,36,Gorgeous skirt!,5,1,General,Bottoms,Skirts,270,61.13,1
877,44,Cute sweatshirt,3,5,General,Tops,Knits,838,76.05,0
1094,62,No title provided,5,1,General,Dresses,Dresses,192,91.47,1
1025,66,Most comfortably jeans ever,5,2,General,Bottoms,Jeans,767,83.99,1
1066,33,In love with these pants!,5,1,General Petite,Bottoms,Pants,665,73.42,1
829,38,Perfect fall blouse,5,0,General Petite,Tops,Blouses,261,47.9,1
1094,35,Gorgeous dress,5,0,General,Dresses,Dresses,715,91.47,1
1094,29,No title provided,5,2,General Petite,Dresses,Dresses,141,91.47,1
1146,36,Gorgeous vintage glamour,5,1,General,Trend,Trend,423,75.11,1
833,65,Fine workmanship and fresh swing shape,5,39,General,Tops,Blouses,720,49.96,1
875,37,"Super cute, try on in store",5,5,General,Tops,Knits,481,72.72,1
829,29,Fun blouses with cute patterns,4,0,General,Tops,Blouses,900,47.9,1
262,31,Awkward fit for me,4,0,General Petite,Intimate,Lounge,458,101.47,1
1111,47,Fit and flare that swings,5,0,General,Dresses,Dresses,760,104.78,1
1009,35,Cute skirt!,4,0,General,Bottoms,Skirts,740,57.29,1
872,41,Gorgeous detailed tee!,5,2,General,Tops,Knits,432,73.48,1
861,56,Sunshine on a t-shirt!,5,0,General Petite,Tops,Knits,792,72.0,1
1110,56,Nicely styled with great fabric & pattern,4,0,General Petite,Dresses,Dresses,543,94.49,1
871,36,Pretty colors,5,1,General Petite,Tops,Knits,492,79.98,1
820,46,No title provided,4,0,General Petite,Tops,Blouses,511,53.36,1
880,46,The purple is beautiful and comfortable!,5,14,General,Tops,Knits,748,75.0,1
1110,68,No title provided,4,1,General Petite,Dresses,Dresses,584,94.49,1
634,49,No title provided,5,11,General Petite,Intimate,Lounge,752,87.52,1
868,46,Soft top but too revealing for non-toned arms,3,1,General Petite,Tops,Knits,360,68.12,1
866,44,Boxy,4,2,General Petite,Tops,Knits,825,77.38,1
1099,25,No title provided,4,0,General,Dresses,Dresses,528,86.93,0
1083,44,Not a $300 dress,3,15,General,Dresses,Dresses,209,93.86,0
975,29,Bad fit and bad construction,1,9,General,Jackets,Jackets,2231,128.22,0
1104,36,Flattering feminine dress,5,1,General,Dresses,Dresses,316,96.28,1
829,44,Not great quality,2,0,General,Tops,Blouses,1235,47.9,0
819,70,Runs big,3,16,General,Tops,Blouses,1044,51.78,1
316,41,Spectacular romper!,5,2,General,Bottoms,Shorts,535,41.54,1
1110,58,Runs big!,4,26,General,Dresses,Dresses,538,94.49,1
1102,31,No title provided,5,9,General Petite,Dresses,Dresses,765,108.94,1
1080,37,No title provided,5,0,General Petite,Dresses,Dresses,349,92.12,1
895,33,So very pretty,5,1,General Petite,Tops,Fine Gauge,342,42.2,1
1110,43,Pretty; low cut arm holes,3,5,General,Dresses,Dresses,674,94.49,1
895,52,Soft and cozy,5,1,General Petite,Tops,Fine Gauge,203,42.2,1
1087,35,Beautifully colored potato sack,2,0,General Petite,Dresses,Dresses,1625,91.71,0
1084,34,"Had high hopes & really wanted to love it, but...",2,2,General,Dresses,Dresses,312,94.59,0
1095,50,More of an a-line than straight,2,3,General,Dresses,Dresses,1060,93.07,0
1094,29,Versatile!,4,0,General,Dresses,Dresses,952,91.47,1
840,63,"Pretty, but try on before you buy!",4,4,General Petite,Tops,Blouses,510,53.82,1
895,56,Imperial garden,5,1,General,Tops,Fine Gauge,758,42.2,1
916,31,Itchy express,3,35,General Petite,Tops,Fine Gauge,660,49.22,0
860,51,No title provided,4,0,General,Tops,Knits,355,70.15,1
1083,39,#1 stunna,5,0,General,Dresses,Dresses,452,93.86,1
936,42,Comfy casual and dress up,5,8,General Petite,Tops,Sweaters,314,76.18,1
747,52,Gorgeous but bra runs small,5,1,Intimates,Intimate,Intimates,360,27.94,1
862,26,Easy shirt to throw on,4,1,General Petite,Tops,Knits,693,73.64,1
1061,53,Not proportioned,2,3,General,Bottoms,Pants,1232,81.45,0
314,58,Lovely but odd sizing,3,32,Intimates,Intimate,Swim,1057,62.9,0
1110,57,Cute dress for work and play,5,0,General,Dresses,Dresses,332,94.49,1
895,47,Soft and sweet,5,0,General Petite,Tops,Fine Gauge,782,42.2,1
1008,33,Great skirt but..,4,4,General,Bottoms,Skirts,782,61.13,1
883,54,Love !!,5,0,General,Tops,Knits,372,78.22,1
818,65,What a mess!,1,0,General,Tops,Blouses,573,50.65,0
832,48,Dainty & pretty plaid,4,0,General,Tops,Blouses,911,53.46,1
863,32,Like a tent,3,0,General Petite,Tops,Knits,777,70.52,0
903,40,Fun retro fabric,4,4,General,Tops,Fine Gauge,439,42.72,1
1078,57,Potato sack,1,1,General,Dresses,Dresses,2400,93.72,0
1003,27,Big and beautiful,3,1,General,Bottoms,Skirts,469,60.38,1
862,57,"Very large, not worth sale price.",3,0,General,Tops,Knits,878,73.64,0
1080,41,Spring flowers!,5,3,General,Dresses,Dresses,478,92.12,1
278,76,Feminine & perfect for spring,5,0,Intimates,Intimate,Lounge,245,104.06,1
1078,44,Simple and well structured,5,8,General,Dresses,Dresses,146,93.72,1
862,33,Cute and comfy,5,0,General Petite,Tops,Knits,152,73.64,1
936,39,Cute but pills,4,2,General Petite,Tops,Sweaters,758,76.18,1
1022,21,Awesome pair of high waisted jeans,4,6,General,Bottoms,Jeans,954,86.44,1
1008,33,Nice classic look,5,1,General Petite,Bottoms,Skirts,260,61.13,1
828,29,Perfect fit,5,4,General Petite,Tops,Blouses,804,48.45,1
1072,48,Super cute!,4,1,General,Dresses,Dresses,797,99.14,1
927,41,Even more gorgeous in person,5,0,General Petite,Tops,Sweaters,763,78.48,1
1072,23,Comfortable & lovely,5,1,General,Dresses,Dresses,295,99.14,1
1083,30,Beautiful dress,5,0,General,Dresses,Dresses,160,93.86,1
1095,39,Perfect ice pop for summer,5,9,General Petite,Dresses,Dresses,438,93.07,1
1004,39,Love the length as i am short,5,1,General Petite,Bottoms,Skirts,842,59.69,1
862,63,No title provided,3,0,General Petite,Tops,Knits,1122,73.64,0
708,27,My favorite workout leggings,5,0,Intimates,Intimate,Lounge,761,110.57,1
863,60,Great little t-shirt with a sweet ruffle,5,9,General,Tops,Knits,444,70.52,1
817,38,Boxy and runs huge,2,4,General Petite,Tops,Blouses,1296,48.62,0
872,35,No title provided,3,0,General Petite,Tops,Knits,1033,73.48,1
868,42,Comfy and lovely,5,4,General Petite,Tops,Knits,611,68.12,1
1068,25,"Comfy , nice wide leg, only sort of flattering",4,0,General Petite,Bottoms,Pants,546,76.56,1
198,28,Runs small,4,1,Intimates,Intimate,Swim,324,49.84,1
872,37,Adorable,5,0,General,Tops,Knits,216,73.48,1
867,47,Not like the photo at all,1,20,General,Tops,Knits,612,74.79,0
1021,36,Skip it,1,1,General,Bottoms,Skirts,1487,53.42,0
877,40,Winner!,5,2,General Petite,Tops,Knits,224,76.05,1
1095,55,No title provided,5,4,General,Dresses,Dresses,832,93.07,1
862,38,Pefect!,5,1,General,Tops,Knits,721,73.64,1
895,67,Trendy and nice casual,3,0,General Petite,Tops,Fine Gauge,581,42.2,1
620,47,Very cute and comfortable,4,2,General,Bottoms,Shorts,400,50.24,1
862,40,No title provided,1,0,General,Tops,Knits,2015,73.64,0
1028,41,No title provided,5,12,General Petite,Bottoms,Jeans,406,79.71,1
1083,31,Beautiful dress and design,5,0,General Petite,Dresses,Dresses,724,93.86,1
1078,34,Lilac and coral,5,53,General Petite,Dresses,Dresses,584,93.72,1
98,32,Great for summer,5,0,Intimates,Intimate,Intimates,784,41.79,1
1092,75,Gorgeous!,5,0,General Petite,Dresses,Dresses,605,97.49,1
1081,72,Thin fabric for fall,4,0,General,Dresses,Dresses,795,91.73,1
834,31,Perfect button down,5,0,General,Tops,Blouses,338,49.52,1
940,65,"Ah, rosie neira--the best designer of knits!",5,30,General Petite,Tops,Sweaters,645,77.06,1
1059,66,Great piece for fall,4,0,General Petite,Bottoms,Pants,633,80.22,1
169,38,Comfy and warm,5,0,Intimates,Intimate,Legwear,306,75.22,1
869,43,Very fun top,5,1,General,Tops,Knits,379,66.54,1
960,24,Perfect transition vest for fall,5,0,General,Jackets,Jackets,536,120.35,1
1059,29,Weird fit,3,20,General,Bottoms,Pants,363,80.22,0
1098,40,No title provided,5,0,General,Dresses,Dresses,367,98.21,1
863,46,Ruffled hem tee,2,2,General,Tops,Knits,446,70.52,0
850,50,Beautiful top,5,0,General,Tops,Blouses,537,49.55,1
1078,52,"Pretty colors, but fits like a sack",3,1,General Petite,Dresses,Dresses,351,93.72,0
1015,34,Charming and basic,4,0,General Petite,Bottoms,Skirts,339,57.5,1
863,51,Tee with a punch,5,2,General,Intimate,Knits,462,70.52,1
949,57,Finally a flattering sweater!,5,6,General,Tops,Sweaters,540,72.49,1
1150,38,No title provided,4,0,General,Dresses,Dresses,645,97.46,1
878,56,No title provided,5,0,General,Tops,Knits,196,69.9,1
634,35,Lounging dress,4,0,General Petite,Intimate,Lounge,219,87.52,1
1094,39,Perfection,5,0,General,Dresses,Dresses,718,91.47,1
850,39,Certainly lovely,4,1,General,Tops,Blouses,642,49.55,1
829,36,Great top for everyday wear!,5,0,General Petite,Tops,Blouses,777,47.9,1
1022,45,Love these,5,0,General,Bottoms,Jeans,640,86.44,1
1078,32,"Close, but no",3,1,General,Dresses,Dresses,769,93.72,0
984,47,Runs small especially the arms,5,0,General Petite,Jackets,Jackets,384,120.15,1
865,55,Stylish & comfortable,4,0,General,Tops,Knits,798,71.54,1
1080,36,Great in photo... not so much on,3,0,General Petite,Dresses,Dresses,1163,92.12,0
1092,35,Beautiful dress but sleeves were too tight,2,0,General,Dresses,Dresses,261,97.49,1
984,37,Omg yes!,5,1,General,Jackets,Jackets,738,120.15,1
322,43,Definitely runs small,5,1,Intimates,Intimate,Swim,516,74.29,1
999,31,"Cute, but feels cheaper than asking price",4,2,General Petite,Bottoms,Skirts,706,59.03,1
833,36,No title provided,2,18,General,Tops,Blouses,1677,49.96,0
872,63,Fun change from the norm,5,0,General,Tops,Knits,445,73.48,1
1099,49,Amazing,5,6,General Petite,Dresses,Dresses,288,86.93,1
877,34,No title provided,4,1,General,Tops,Knits,817,76.05,1
985,33,"Soft, thin summer vest",4,1,General Petite,Jackets,Jackets,467,128.35,1
1081,57,Great,5,0,General Petite,Dresses,Dresses,303,91.73,1
851,39,So cute,5,1,General,Tops,Blouses,342,32.3,1
1035,62,No title provided,5,0,General,Bottoms,Jeans,450,98.29,1
1077,30,No title provided,4,1,General,Dresses,Dresses,873,91.1,1
1094,48,No title provided,5,5,General,Dresses,Dresses,495,91.47,1
854,45,Beautiful!,5,0,General,Tops,Knits,598,73.19,1
864,46,Pretty lace detail,5,1,General,Tops,Knits,191,70.18,1
820,44,Fantastic blouse!,5,0,General,Tops,Blouses,303,53.36,1
1098,62,Tricky but cute,4,0,General Petite,Dresses,Dresses,288,98.21,1
881,48,"Love it, it's much longer on me",5,21,General Petite,Tops,Knits,629,74.78,1
1056,61,Color change in wash shocker!,4,2,General,Bottoms,Pants,1003,74.82,1
510,53,Zoe slip,4,10,General Petite,Intimate,Lounge,454,99.09,1
1022,51,Perfect fit!!,5,0,General,Bottoms,Jeans,611,86.44,1
1110,51,"Beautiful fabric, irregular fit",2,0,General,Dresses,Dresses,733,94.49,0
1110,39,Someone please trade me your medium,5,0,General,Dresses,Dresses,637,94.49,1
1104,42,You will fall in love in person,5,0,General Petite,Dresses,Dresses,199,96.28,1
1033,66,"Nice, but.....",4,0,General,Bottoms,Jeans,270,92.45,1
829,54,No title provided,3,24,General Petite,Tops,Blouses,334,47.9,0
1059,54,Not what i expected...,2,0,General Petite,Bottoms,Pants,763,80.22,0
363,54,So disappointed,1,2,Intimates,Intimate,Layering,3477,116.51,0
1094,25,Buy this dress!,5,0,General,Dresses,Dresses,768,91.47,1
872,19,Great shirt,5,9,General,Tops,Knits,588,73.48,1
861,24,Not as advertised!,3,0,General Petite,Tops,Knits,932,72.0,0
1009,35,Boyfriend adores it. but runs small,4,3,General,Bottoms,Skirts,331,57.29,0
1080,53,Beautiful and flattering,5,0,General,Dresses,Dresses,658,92.12,1
1081,22,So pretty but too big,3,0,General,Dresses,Dresses,795,91.73,1
895,37,Dreamy poncho!,5,3,General Petite,Tops,Fine Gauge,563,42.2,1
328,48,So super soft!,5,0,Intimates,Intimate,Lounge,386,139.8,1
940,37,"Soft,cozy poncho--perfect for fall/winter!",5,0,General,Tops,Sweaters,826,77.06,1
357,52,Love this skort!,5,5,General,Bottoms,Shorts,292,43.46,1
873,40,Great purchase if on sale!,4,0,General,Tops,Knits,464,75.3,1
835,41,Kelby swing tank,3,10,General,Tops,Blouses,1028,52.93,0
1099,43,Romantic and pretty,5,5,General Petite,Dresses,Dresses,337,86.93,1
1079,51,Worth the trouble!,5,1,General,Dresses,Dresses,239,89.22,1
862,38,"Nice ""fancy"" tee",5,1,General Petite,Tops,Knits,415,73.64,1
1056,63,Great comfy pant,5,0,General,Bottoms,Pants,663,74.82,1
124,41,Great for animal lovers!,4,0,Intimates,Intimate,Sleep,380,34.44,1
873,56,"Beautiful, casual or dressy",5,2,General,Tops,Knits,217,75.3,1
859,39,A favorite this season,5,4,General Petite,Tops,Knits,485,66.13,1
899,34,Versatile and cute!,5,1,General,Tops,Fine Gauge,437,37.31,1
169,24,No title provided,5,0,Intimates,Intimate,Legwear,625,75.22,1
1078,48,No title provided,5,3,General Petite,Dresses,Dresses,767,93.72,1
1078,46,No title provided,2,0,General Petite,Dresses,Dresses,263,93.72,0
1094,45,Great dress,5,2,General,Dresses,Dresses,163,91.47,1
1081,39,Love,5,1,General,Dresses,Dresses,151,91.73,1
1078,57,Very unique!,5,2,General,Dresses,Dresses,732,93.72,1
960,64,Is this top orange or red,5,0,General,Jackets,Jackets,389,120.35,1
836,50,Pretty but sleeves make it seem large.,3,1,General,Tops,Blouses,733,52.71,0
868,54,Boxy,2,0,General,Tops,Knits,1341,68.12,0
939,35,Could do better,4,10,General,Tops,Sweaters,829,77.82,1
860,63,No title provided,1,0,General Petite,Tops,Knits,728,70.15,0
1078,35,Nice quality,5,10,General Petite,Dresses,Dresses,779,93.72,1
862,61,"Nice, casual top!",5,0,General Petite,Tops,Knits,325,73.64,1
1103,49,Runs very small on top.,4,1,General,Dresses,Dresses,436,116.9,1
1056,41,Great pant,5,0,General,Bottoms,Pants,487,74.82,1
865,47,Not sure,3,0,General,Tops,Knits,1263,71.54,0
984,44,No title provided,4,0,General,Jackets,Jackets,577,120.15,1
833,40,Too wide,3,2,General Petite,Tops,Blouses,619,49.96,0
865,33,Love it!,5,0,General,Tops,Knits,204,71.54,0
1078,38,Love this dress,4,0,General Petite,Dresses,Dresses,325,93.72,1
862,32,Super cute!,5,0,General,Tops,Knits,545,73.64,1
1087,45,I love this dress,5,1,General Petite,Dresses,Dresses,715,91.71,1
882,48,Way too big,2,0,General,Tops,Knits,404,70.3,0
1079,43,Amazing,5,1,General Petite,Dresses,Dresses,760,89.22,1
228,53,Great for around the house!,4,2,Intimates,Intimate,Legwear,212,48.7,1
897,54,A beautiful versatile sweater.,4,0,General,Tops,Fine Gauge,190,40.52,1
861,32,Shirt has slits!,3,1,General,Tops,Knits,600,72.0,0
1091,49,"Very cute, but...",4,1,General,Dresses,Dresses,539,96.01,0
1078,37,Too billowy,2,0,General Petite,Dresses,Dresses,492,93.72,0
1095,51,Beautiful but not as long as shown,4,2,General,Dresses,Dresses,306,93.07,1
869,36,"Sadly, too big and boxy",3,2,General,Tops,Knits,825,66.54,0
865,36,Returned immediately,4,10,General,Tops,Knits,873,71.54,0
895,28,Great cardigan,5,0,General Petite,Tops,Fine Gauge,660,42.2,1
433,32,These will be my go to summer shorts!,5,2,General,Bottoms,Shorts,132,43.38,1
1059,32,Very satisfied!,5,0,General,Bottoms,Pants,470,80.22,1
1075,49,Nice quality but odd fit.,4,2,General,Dresses,Dresses,249,88.95,1
992,45,No title provided,5,9,General,Bottoms,Skirts,599,63.68,1
169,27,Not as thick as you think,4,2,Intimates,Intimate,Legwear,261,75.22,1
1059,49,Great pants that don't get baggy,5,1,General,Bottoms,Pants,631,80.22,1
895,22,"Elegant design, awkward cowl",4,0,General Petite,Tops,Fine Gauge,903,42.2,1
866,37,Not as pictured!,3,10,General Petite,Tops,Knits,336,77.38,0
916,47,Unique,4,2,General Petite,Tops,Fine Gauge,253,49.22,1
828,60,Summer time blues,5,4,General,Tops,Blouses,295,48.45,1
1078,46,Adorable,4,5,General Petite,Dresses,Dresses,826,93.72,1
1008,45,No title provided,4,0,General,Bottoms,Skirts,199,61.13,1
1002,32,"Cute length, fabric and aesthetic",5,0,General,Bottoms,Skirts,548,58.5,1
480,53,Great shorts,5,1,General,Bottoms,Shorts,626,28.57,1
1110,39,Soft,5,0,General Petite,Dresses,Dresses,466,94.49,1
411,37,Best strapless ever,5,0,Intimates,Intimate,Intimates,816,63.58,1
999,43,No title provided,4,0,General,Bottoms,Skirts,700,59.03,1
224,35,Flowing beach dress,5,3,Intimates,Intimate,Swim,181,55.05,1
867,34,Weird collar,3,2,General,Tops,Knits,274,74.79,0
1059,25,Flatteringly cute,5,0,General Petite,Bottoms,Pants,717,80.22,1
862,46,Terrible pattern placement of flowers on chest,1,37,General,Tops,Knits,3165,73.64,0
984,56,No title provided,5,0,General,Jackets,Jackets,508,120.15,1
1083,25,"Beautiful dress, disappointing fit",4,3,General,Dresses,Dresses,939,93.86,1
895,60,Warm and chic,4,0,General,Tops,Fine Gauge,304,42.2,1
872,34,No title provided,5,0,General,Tops,Knits,415,73.48,1
1059,35,No title provided,2,8,General,Bottoms,Pants,1835,80.22,0
1095,39,Really wanted to make it work,2,1,General,Dresses,Dresses,1663,93.07,0
822,41,More blue than grey and way too big,2,1,General,Tops,Blouses,1589,42.99,0
774,62,Cute and comfy but too young for me,4,3,Intimates,Intimate,Lounge,568,108.12,1
1104,32,"Love, love, love! new favorite.",5,2,General Petite,Dresses,Dresses,396,96.28,1
454,30,Great short,5,0,Intimates,Intimate,Lounge,403,72.64,1
1084,49,Best foot forward,5,122,General,Dresses,Dresses,649,94.59,1
898,35,Plain jane,3,4,General,Tops,Fine Gauge,1163,37.43,0
1056,47,Comfy,4,2,General,Bottoms,Pants,331,74.82,1
824,41,So unflattering,1,0,General Petite,Tops,Blouses,2610,50.91,0
872,33,Nice try...,3,0,General,Tops,Knits,860,73.48,0
899,45,No title provided,3,2,General,Tops,Fine Gauge,413,37.31,0
836,48,Flattering cut,5,0,General,Tops,Blouses,163,52.71,1
1078,35,"Take car with it, but it's gorgeous",4,8,General Petite,Dresses,Dresses,568,93.72,1
875,42,Love this top!!,5,1,General,Tops,Knits,200,72.72,1
1059,79,Cute and funky work pants,5,1,General Petite,Bottoms,Pants,529,80.22,1
1059,25,Adorable on!!!,5,3,General,Bottoms,Pants,526,80.22,1
1110,41,Perfect,5,1,General,Dresses,Dresses,611,94.49,1
1083,39,Flawed,1,1,General,Dresses,Dresses,3070,93.86,0
918,53,Unique sweater!,5,10,General,Tops,Fine Gauge,655,39.53,1
947,52,No title provided,5,0,General,Tops,Sweaters,231,95.98,1
829,29,Wanted to like this more,3,7,General Petite,Tops,Blouses,183,47.9,0
1080,33,Lovely,5,17,General,Dresses,Dresses,511,92.12,1
939,51,Love love love,5,0,General,Tops,Sweaters,329,77.82,1
866,46,This was quite short,3,0,General,Tops,Knits,274,77.38,0
831,29,Love this,5,0,General,Tops,Blouses,230,47.37,1
826,35,So in-love!,5,0,General Petite,Tops,Blouses,253,47.75,1
444,33,Beach ready,5,3,Intimates,Intimate,Swim,360,78.6,1
1085,44,No title provided,5,0,General Petite,Dresses,Dresses,202,97.95,1
1078,56,Gorgeous colorway,4,0,General,Dresses,Dresses,895,93.72,1
1078,42,Super flattering,5,0,General,Dresses,Dresses,312,93.72,1
945,40,No title provided,1,17,General Petite,Tops,Sweaters,846,79.07,0
945,42,Makes me feel young,5,2,General,Tops,Sweaters,152,79.07,1
895,58,Great sweater,5,0,General Petite,Tops,Fine Gauge,443,42.2,1
1056,53,Most. comfortable. pants. ever.,5,1,General,Bottoms,Pants,630,74.82,1
1011,30,"Cute fit, love the pockets!",4,1,General Petite,Bottoms,Skirts,650,67.37,1
862,34,"Well made, however, too large for me.",5,0,General Petite,Tops,Knits,731,73.64,1
866,50,It's going back,2,0,General,Tops,Knits,1384,77.38,0
1059,36,Great pants!,5,3,General,Bottoms,Pants,311,80.22,1
921,27,No title provided,5,0,General,Tops,Sweaters,420,73.65,1
829,38,Would love the cut but,3,17,General,Tops,Blouses,357,47.9,0
1089,68,Cute but runs small,4,9,General Petite,Dresses,Dresses,286,99.69,1
1104,57,Go for the grey if you can still find it,4,0,General Petite,Dresses,Dresses,512,96.28,1
1122,38,So cozy,5,1,General,Jackets,Outerwear,338,135.18,1
908,38,Perfect,5,1,General Petite,Tops,Fine Gauge,300,52.12,1
1078,39,Gorgeous for fall,5,0,General Petite,Dresses,Dresses,188,93.72,1
868,38,Comfortable style,4,3,General,Tops,Knits,837,68.12,1
880,39,No title provided,3,0,General,Tops,Knits,380,75.0,0
1078,44,Classic and comfort,4,0,General Petite,Dresses,Dresses,461,93.72,1
895,44,Itchy and dull,1,1,General Petite,Tops,Fine Gauge,1111,42.2,0
824,25,Runs a bit large,2,0,General Petite,Tops,Blouses,909,50.91,1
1078,66,An original!,5,0,General,Dresses,Dresses,207,93.72,1
966,36,Great piece!,5,0,General,Jackets,Jackets,271,114.3,1
867,46,"Fantastic fabric, problem with design",4,11,General Petite,Tops,Knits,719,74.79,1
1033,29,"Great jeans, horrible smell",2,5,General Petite,Bottoms,Jeans,1219,92.45,0
499,35,Love it,5,1,Intimates,Intimate,Layering,228,53.05,1
1092,29,No title provided,3,1,General Petite,Dresses,Dresses,432,97.49,0
877,39,Awesome and flattering,5,9,General Petite,Tops,Knits,631,76.05,1
1020,43,Amazing alternative to a denim skirt!,5,0,General,Bottoms,Skirts,256,60.91,1
868,36,Subtly soft,5,2,General,Tops,Knits,413,68.12,1
1033,47,Jeans too heavy and large,3,0,General Petite,Bottoms,Jeans,1173,92.45,0
1081,43,Great dress,4,0,General Petite,Dresses,Dresses,737,91.73,1
1056,38,Stunning and comfortable,5,0,General,Bottoms,Pants,718,74.82,1
1104,41,Cute & comfortable,4,0,General Petite,Dresses,Dresses,583,96.28,1
1081,29,"Perfect fit, forgiving belly",5,5,General Petite,Dresses,Dresses,558,91.73,1
863,65,"Adorable, lightweight and comfy",5,1,General,Tops,Knits,608,70.52,1
635,51,Slouchy,2,0,General Petite,Intimate,Lounge,471,111.6,0
1110,44,No title provided,5,12,General,Dresses,Dresses,402,94.49,1
1080,38,Haute rock ~ rocking sexy!,5,0,General Petite,Dresses,Dresses,405,92.12,1
860,43,Beautiful and tailored.,5,9,General,Tops,Knits,710,70.15,1
1077,32,Love this dress!,5,19,General,Dresses,Dresses,745,91.1,1
825,27,Maeve never disappoints!,5,0,General,Tops,Blouses,445,51.28,1
1086,52,No title provided,5,0,General,Dresses,Dresses,422,97.04,1
850,61,Unique back,5,0,General Petite,Tops,Blouses,412,49.55,1
621,56,"Should carry xl, so here's what i did...",4,0,General Petite,Intimate,Lounge,493,102.07,0
834,23,Darling,5,1,General,Tops,Blouses,473,49.52,1
1107,39,Runs very big,4,2,General Petite,Dresses,Dresses,198,89.65,1
1059,36,"Easy, breezy, beautiful",5,0,General Petite,Bottoms,Pants,242,80.22,1
1078,41,"Cute, but a struggle.",3,5,General Petite,Dresses,Dresses,307,93.72,0
862,36,Love these tops!,5,3,General Petite,Tops,Knits,753,73.64,1
862,41,Love,5,2,General,Tops,Knits,731,73.64,1
1020,36,Great wardrobe staple,5,1,General Petite,Bottoms,Skirts,652,60.91,1
1078,46,Cute dress!,4,0,General Petite,Dresses,Dresses,217,93.72,1
878,32,Overpriced but couldn't pass up,5,5,General Petite,Tops,Knits,612,69.9,1
873,34,Pretty top that did not have enough back room,4,0,General,Tops,Knits,769,75.3,1
964,31,Nice material with some stretch,5,2,General,Jackets,Jackets,363,125.65,1
1094,28,Cute though thin dress,3,0,General,Dresses,Dresses,329,91.47,0
1037,38,Vegan pilcro,5,0,General,Bottoms,Jeans,649,83.76,1
868,67,Effortless beauty!,5,2,General,Tops,Knits,774,68.12,1
1094,18,Love,5,0,General,Dresses,Dresses,614,91.47,1
862,60,Great tee,5,2,General,Tops,Knits,705,73.64,1
945,30,Itchy!,1,0,General,Tops,Sweaters,2480,79.07,0
240,33,Confidence builder,5,9,Intimates,Intimate,Swim,463,73.62,1
1094,36,"Great, but...",3,0,General,Dresses,Dresses,740,91.47,1
1083,56,Lovely fabric and colors,5,8,General,Dresses,Dresses,599,93.86,1
876,36,Fun top,5,5,General,Tops,Knits,322,72.01,1
904,68,Beautiful fabric and detailing,5,0,General,Tops,Fine Gauge,213,44.4,1
1026,66,Super cute pants,5,1,General Petite,Bottoms,Jeans,736,96.69,1
605,33,No title provided,5,0,General,Bottoms,Shorts,191,26.72,1
831,67,Greenhouse tank,5,2,General,Tops,Blouses,333,47.37,1
9,34,Okay leggings,4,0,General,Bottoms,Jeans,283,40.39,1
1072,33,Not for busty ladies,3,2,General,Dresses,Dresses,1031,99.14,0
927,58,Fun sweater,4,0,General,Tops,Sweaters,977,78.48,1
820,31,Sweet and fun without being too young,4,3,General Petite,Tops,Blouses,326,53.36,1
993,66,Size down,4,1,General Petite,Bottoms,Skirts,708,58.25,1
862,45,Cute top!,5,1,General Petite,Tops,Knits,387,73.64,1
862,40,Big and boxy,5,5,General Petite,Tops,Knits,418,73.64,1
1020,35,Unexpected color,5,4,General,Bottoms,Skirts,408,60.91,1
872,48,Go anywhere top,5,0,General,Tops,Knits,535,73.48,1
1078,47,"Warm, cozy, timeless, and sexy",5,5,General,Dresses,Dresses,124,93.72,1
927,45,No title provided,2,0,General,Tops,Sweaters,1385,78.48,0
823,34,Not worth full price!,3,6,General Petite,Tops,Blouses,454,47.13,1
985,32,So comfy and stylish!,5,0,General,Jackets,Jackets,642,128.35,1
1079,42,Pretty dress,4,0,General Petite,Dresses,Dresses,938,89.22,1
1086,44,Vintage awesome,5,0,General,Dresses,Dresses,508,97.04,1
829,52,"Nice boxy shirt, pretty buttons",4,3,General Petite,Tops,Blouses,587,47.9,1
1094,35,No title provided,4,0,General,Dresses,Dresses,344,91.47,1
1110,28,Beautiful.,5,7,General,Dresses,Dresses,115,94.49,1
867,30,Not my cup of tee,1,0,General,Tops,Knits,3294,74.79,0
864,53,No title provided,4,0,General,Tops,Knits,415,70.18,1
663,42,Just as i expected,5,1,Intimates,Intimate,Lounge,249,97.55,1
936,45,Love it,5,2,General Petite,Tops,Sweaters,232,76.18,1
850,23,The most versatile top.,5,6,General Petite,Tops,Blouses,251,49.55,1
1078,35,Little doll on the prarie,2,0,General Petite,Dresses,Dresses,1681,93.72,0
138,35,A must for any morrissey fan :),5,5,Intimates,Intimate,Lounge,512,93.78,1
870,68,Cute and comfy!,5,0,General,Tops,Knits,249,72.25,1
1110,30,Love this dress!,5,0,General Petite,Dresses,Dresses,497,94.49,1
1080,45,No title provided,5,1,General Petite,Dresses,Dresses,348,92.12,1
936,68,Versatile,5,4,General,Tops,Sweaters,473,76.18,1
145,47,Gorgeous! pics don't do them justice!,5,3,Intimates,Intimate,Sleep,718,33.51,1
873,51,No title provided,4,0,General,Tops,Knits,290,75.3,1
1022,42,"Super comfy , great fit",5,6,General,Bottoms,Jeans,687,86.44,1
1110,46,Simply beautiful,4,0,General,Dresses,Dresses,709,94.49,1
1095,32,Very flattering!,5,0,General Petite,Dresses,Dresses,740,93.07,1
927,57,Not a great a great sweater vest,3,0,General,Tops,Sweaters,1005,78.48,0
867,24,Super soft and elegant,5,0,General Petite,Tops,Knits,378,74.79,1
1110,48,Beautiful!,4,5,General Petite,Dresses,Dresses,963,94.49,1
1094,33,Gathered on only one side of waist,3,7,General,Dresses,Dresses,755,91.47,0
1060,31,Beauitful,5,9,General Petite,Bottoms,Pants,382,75.43,1
1009,42,Could have been perfect...,2,2,General,Bottoms,Skirts,1783,57.29,0
1095,52,Perfect,5,2,General,Dresses,Dresses,591,93.07,1
1085,46,Beautiful,5,0,General Petite,Dresses,Dresses,798,97.95,1
1096,58,Sister wife,4,24,General,Dresses,Dresses,541,90.16,1
872,54,No title provided,5,0,General,Tops,Knits,825,73.48,1
1094,39,Great summer dress,5,0,General,Dresses,Dresses,286,91.47,1
66,22,No title provided,5,0,Intimates,Intimate,Sleep,643,39.11,1
872,25,Soft & versatile tee,5,0,General Petite,Tops,Knits,661,73.48,1
1075,49,Beautiful fabric but not for the busty,3,1,General Petite,Dresses,Dresses,446,88.95,0
1081,52,Versatile dress,5,0,General Petite,Dresses,Dresses,435,91.73,1
194,51,Nice and cozy,5,0,General Petite,Intimate,Lounge,572,104.84,1
829,45,Lots of room!,3,0,General,Tops,Blouses,1166,47.9,0
910,56,Love the color!,5,0,General,Tops,Fine Gauge,617,31.29,1
864,31,Buy!,4,0,General,Tops,Knits,598,70.18,1
895,54,Very classy and subtly chic,5,1,General,Tops,Fine Gauge,558,42.2,1
868,77,Very see thru,1,2,General,Tops,Knits,2074,68.12,0
836,23,Cuter is person,4,0,General,Tops,Blouses,289,52.71,1
952,49,The birds and the beads!,5,0,General,Tops,Sweaters,652,79.08,1
862,41,Love it.,5,0,General Petite,Tops,Knits,484,73.64,1
1094,49,No title provided,4,0,General Petite,Dresses,Dresses,659,91.47,1
290,38,No title provided,5,1,Intimates,Intimate,Lounge,190,103.99,1
1028,42,Perfect high rise,5,4,General,Bottoms,Jeans,627,79.71,1
831,42,Could have been cute...,1,6,General,Tops,Blouses,3085,47.37,0
819,70,Runs large,4,19,General,Tops,Blouses,280,51.78,1
857,36,"Fun pattern, great fit",5,3,General,Tops,Knits,557,75.61,1
1070,50,No title provided,5,0,General,Bottoms,Pants,635,81.61,1
998,39,Super cute!,5,0,General,Bottoms,Skirts,759,62.88,1
877,41,No title provided,5,10,General Petite,Tops,Knits,414,76.05,1
820,53,Mid winter addition,4,0,General,Tops,Blouses,880,53.36,1
871,36,Didn't quite work,3,3,General,Tops,Knits,618,79.98,1
862,41,Gorgeous top,5,1,General Petite,Tops,Knits,202,73.64,1
936,50,Amazing sweatercoat!,4,17,General Petite,Tops,Sweaters,161,76.18,1
1094,61,Pretty in person,4,1,General,Dresses,Dresses,561,91.47,1
865,64,Really like this cape,5,3,General Petite,Tops,Knits,523,71.54,1
875,47,Beautiful color,5,3,General Petite,Tops,Knits,698,72.72,1
1035,61,Summer jeans,5,3,General,Bottoms,Jeans,400,98.29,1
863,65,Seamed scoop neck tee,5,0,General Petite,Tops,Knits,611,70.52,1
1081,41,Could wear when heels or barefoot on beach,5,17,General Petite,Dresses,Dresses,468,91.73,1
833,39,Beautiful tank to wear for years,5,11,General Petite,Tops,Blouses,777,49.96,1
1095,48,Dress is made for broad shoulders and small waist,2,2,General,Dresses,Dresses,1429,93.07,0
1095,39,"Like, but not love",4,1,General Petite,Dresses,Dresses,461,93.07,1
1069,46,In love!!!,5,0,General,Bottoms,Pants,471,100.45,1
1078,64,Classic and classy,5,5,General Petite,Dresses,Dresses,185,93.72,1
1078,33,Lovely gem!!,5,2,General,Dresses,Dresses,742,93.72,1
872,49,Great basic!,4,0,General,Tops,Knits,654,73.48,1
964,30,No title provided,5,0,General Petite,Jackets,Jackets,770,125.65,1
872,37,Classy,4,1,General,Tops,Knits,745,73.48,1
1095,33,Size up!,4,2,General,Dresses,Dresses,878,93.07,1
860,53,Beautiful top,4,0,General,Tops,Knits,407,70.15,1
1096,53,Beautiful dress!!,5,0,General,Dresses,Dresses,131,90.16,1
868,44,Tight through the bust,4,0,General,Tops,Knits,948,68.12,1
895,73,Loving it!,5,0,General,Tops,Fine Gauge,597,42.2,1
868,31,Comfy flowy top for fall and winter,4,3,General,Tops,Knits,596,68.12,1
1110,48,Very hip,4,2,General,Dresses,Dresses,668,94.49,1
829,53,Great blouse!,5,1,General Petite,Tops,Blouses,190,47.9,1
875,35,Awesome purple color,5,0,General,Tops,Knits,853,72.72,1
1009,36,No title provided,5,1,General,Bottoms,Skirts,281,57.29,1
845,44,No title provided,1,0,General Petite,Tops,Blouses,915,49.32,0
1083,27,"Beautiful dress, but required lots of tailoring",4,0,General,Dresses,Dresses,210,93.86,1
875,65,Softness and comfort,5,1,General,Tops,Knits,233,72.72,1
1104,47,Antoher beautiful maeve dress!,5,3,General,Dresses,Dresses,666,96.28,1
927,66,Great royal blue color,4,0,General,Tops,Sweaters,458,78.48,1
1072,58,"Beautiful, unique dress!",5,0,General,Dresses,Dresses,508,99.14,1
1077,28,No title provided,5,0,General Petite,Dresses,Dresses,354,91.1,1
912,32,No title provided,5,0,General,Tops,Fine Gauge,407,45.79,1
864,67,Perfection,5,2,General,Tops,Knits,703,70.18,1
949,55,No title provided,5,2,General Petite,Tops,Sweaters,320,72.49,1
936,29,Nice simple sweater,5,0,General Petite,Tops,Sweaters,564,76.18,1
927,64,Very nice,4,22,General,Tops,Sweaters,725,78.48,1
820,35,Perfect for work,5,0,General,Tops,Blouses,327,53.36,1
260,46,Aquaflora vest,5,0,Intimates,Intimate,Lounge,662,96.31,1
927,41,Soft and cozy,5,2,General,Tops,Sweaters,158,78.48,1
1126,35,No title provided,5,0,General,Jackets,Outerwear,230,124.66,1
1080,54,No title provided,2,3,General,Dresses,Dresses,1298,92.12,0
829,33,No title provided,5,0,General,Tops,Blouses,586,47.9,1
677,47,"Pretty dress, horrible quality",3,0,Intimates,Intimate,Lounge,1095,125.06,0
1087,51,"Cute, cute!",4,0,General Petite,Dresses,Dresses,238,91.71,1
862,53,Great top but...,4,1,General Petite,Tops,Knits,296,73.64,0
1110,53,Unique dress,4,0,General,Dresses,Dresses,737,94.49,1
1082,29,Favorite dress,5,0,General,Dresses,Dresses,207,92.41,1
1081,35,Runs big,4,0,General Petite,Dresses,Dresses,422,91.73,1
936,69,Soft & warm,5,0,General Petite,Tops,Sweaters,626,76.18,1
918,50,Better in person,5,4,General,Tops,Fine Gauge,340,39.53,1
1080,24,Love it!,5,0,General Petite,Dresses,Dresses,550,92.12,1
938,46,Good quality cardigan,4,0,General Petite,Tops,Sweaters,946,63.51,1
940,48,The sweater i've been looking for,5,1,General Petite,Tops,Sweaters,671,77.06,1
1010,60,"A little 'hip-y""",4,1,General Petite,Bottoms,Skirts,199,58.75,1
1094,40,Bad fabric,2,0,General Petite,Dresses,Dresses,1549,91.47,0
872,42,Cozy cool pullover,5,1,General,Tops,Knits,769,73.48,1
762,35,Love love love this!,5,3,General Petite,Intimate,Lounge,460,120.42,1
868,54,Great swing top,5,3,General,Tops,Knits,334,68.12,1
1076,41,Great. simple yet different black dress.,4,0,General,Dresses,Dresses,577,101.83,1
862,33,No title provided,3,0,General Petite,Tops,Knits,762,73.64,0
857,25,Fancy tank,5,0,General,Tops,Knits,445,75.61,1
1062,33,Nice trousers,5,3,General,Bottoms,Pants,527,58.81,1
1094,33,Bubble gum pink,5,1,General,Dresses,Dresses,691,91.47,1
861,53,No title provided,5,0,General Petite,Tops,Knits,745,72.0,1
1082,45,Pretty everyday dress,4,0,General,Dresses,Dresses,679,92.41,1
1061,27,Summer staple,4,0,General,Bottoms,Pants,226,81.45,1
1080,50,Odd skirt,3,0,General Petite,Dresses,Dresses,214,92.12,0
1094,51,So wanted it to work,2,2,General Petite,Dresses,Dresses,1466,91.47,0
867,72,Great look,5,5,General,Tops,Knits,665,74.79,1
472,58,No title provided,5,0,General Petite,Bottoms,Pants,423,70.82,1
194,61,Great jacket,5,0,General Petite,Intimate,Lounge,319,104.84,1
872,26,Love!,5,1,General,Tops,Knits,627,73.48,1
1100,29,Runs small,3,0,General Petite,Dresses,Dresses,809,101.02,1
862,23,New favorite shirt,5,1,General,Tops,Knits,493,73.64,1
940,57,Cute!,5,1,General,Tops,Sweaters,620,77.06,1
864,60,Gorgeous,5,0,General,Tops,Knits,207,70.18,1
1080,33,Less delicate in person,3,1,General Petite,Dresses,Dresses,580,92.12,0
382,35,Perfect!,5,5,Intimates,Intimate,Swim,468,50.94,1
1077,23,Perfect dress for wedding!,5,0,General Petite,Dresses,Dresses,371,91.1,1
1081,51,Just okay,2,4,General Petite,Dresses,Dresses,624,91.73,0
868,32,Great for layering!,5,0,General,Tops,Knits,449,68.12,1
868,58,The fringe on the bottom is great!,4,0,General,Tops,Knits,916,68.12,1
1009,48,Too long,3,21,General,Bottoms,Skirts,1256,57.29,1
509,69,Juneberry sleep pants perfect fit,5,0,Intimates,Intimate,Sleep,711,26.84,1
937,32,Not for me,1,0,General,Tops,Sweaters,1411,68.37,0
836,31,Must see in person,5,2,General,Tops,Blouses,685,52.71,1
878,62,No title provided,4,0,General,Tops,Knits,232,69.9,1
984,41,No title provided,5,17,General,Jackets,Jackets,682,120.15,1
868,39,Didn't work for me,3,2,General,Tops,Knits,281,68.12,1
873,27,Cute peplum top!,5,0,General,Tops,Knits,623,75.3,1
1094,30,"Adorable, timeless, versatile",5,0,General Petite,Dresses,Dresses,462,91.47,1
1110,38,Love it!,5,6,General Petite,Dresses,Dresses,741,94.49,1
1079,26,"Beautiful style, poor craftmanship",3,0,General,Dresses,Dresses,379,89.22,0
825,43,Love this top,5,0,General,Tops,Blouses,755,51.28,1
1095,45,Weird fit,3,14,General Petite,Dresses,Dresses,1108,93.07,1
1099,40,Perfect dress for a nice day,4,0,General Petite,Dresses,Dresses,352,86.93,1
1110,57,Big disappointment!,1,31,General Petite,Dresses,Dresses,3066,94.49,0
872,65,Soft as silk,5,0,General Petite,Tops,Knits,811,73.48,1
1083,41,No title provided,5,2,General Petite,Dresses,Dresses,365,93.86,1
939,37,Flattering warmth,5,0,General Petite,Tops,Sweaters,253,77.82,1
1110,32,Pretty color and design. odd fit.,4,0,General Petite,Dresses,Dresses,432,94.49,1
820,42,No title provided,3,2,General,Tops,Blouses,540,53.36,1
1094,29,"Not for me, but nice in general",4,0,General,Dresses,Dresses,959,91.47,1
194,25,Cozy but huge,4,10,General Petite,Intimate,Lounge,360,104.84,1
1060,38,No title provided,4,0,General Petite,Bottoms,Pants,303,75.43,1
1116,60,No title provided,3,0,General,Jackets,Outerwear,901,112.45,0
1096,49,Looked too much like a nightgown,3,7,General,Dresses,Dresses,713,90.16,0
1077,60,Simple fun dress,5,0,General,Dresses,Dresses,314,91.1,1
636,39,Great swim cover or pj dress,4,1,General Petite,Intimate,Lounge,607,68.64,1
1110,20,Beautiful dress!,5,0,General Petite,Dresses,Dresses,181,94.49,1
824,41,Love the twist bottom,5,0,General Petite,Tops,Blouses,253,50.91,1
975,36,Great casual wardrobe staple,5,0,General Petite,Jackets,Jackets,478,128.22,1
834,28,Amazing!,5,0,General,Tops,Blouses,123,49.52,1
719,55,The jury is still out on this one...,4,15,Intimates,Intimate,Lounge,801,89.44,1
958,24,No title provided,5,0,General,Jackets,Jackets,705,98.1,1
996,28,"Unstructured and not ""expensive""-looking",2,0,General Petite,Bottoms,Skirts,839,60.63,0
950,36,Swoon-worthy!,5,1,General,Tops,Sweaters,311,69.31,1
964,38,Awesome!,5,1,General Petite,Jackets,Jackets,499,125.65,1
860,41,No title provided,4,0,General,Tops,Knits,551,70.15,1
868,24,Romantic ruffled tee,5,1,General Petite,Tops,Knits,745,68.12,1
1094,54,Classic retailer quality and details,5,4,General,Dresses,Dresses,789,91.47,1
608,27,Great little slip or even summer dress,5,3,Intimates,Intimate,Layering,346,81.22,1
1081,76,No title provided,4,0,General,Dresses,Dresses,944,91.73,1
906,40,"My ""go-to"" sweater",5,0,General,Tops,Fine Gauge,292,47.84,1
1001,28,"High hopes, but tiny and flimsy",1,0,General,Bottoms,Skirts,2855,60.71,0
936,31,Too short,2,1,General Petite,Tops,Sweaters,889,76.18,0
1065,47,"Nice, but not for my body",4,3,General,Bottoms,Pants,330,58.47,1
927,19,High quality,5,1,General Petite,Tops,Sweaters,810,78.48,1
243,28,"Luxuriously soft , beautiful lounge pants",5,1,Intimates,Intimate,Sleep,394,18.51,1
123,27,Birds in party hats,5,0,Intimates,Intimate,Sleep,802,33.79,1
921,54,Oversized and itchy,3,0,General,Tops,Sweaters,876,73.65,0
1122,51,More like a bathrobe,2,11,General Petite,Jackets,Outerwear,963,135.18,0
1086,63,No title provided,5,0,General,Dresses,Dresses,494,97.04,1
1037,42,Must have,5,0,General,Bottoms,Jeans,208,83.76,1
861,30,Off,1,1,General,Tops,Knits,3446,72.0,0
869,44,My new favorite!,5,3,General Petite,Tops,Knits,696,66.54,1
169,32,Perfect cold weather leggings!,5,1,Intimates,Intimate,Legwear,411,75.22,1
927,34,Such a beauty,5,0,General,Tops,Sweaters,540,78.48,1
860,39,Meh,3,0,General Petite,Tops,Knits,568,70.15,0
1098,46,A longing,4,0,General,Dresses,Dresses,421,98.21,1
870,56,Runs small,5,1,General,Tops,Knits,361,72.25,1
867,34,No title provided,3,0,General,Tops,Knits,523,74.79,0
868,30,My new favorite top,5,0,General,Tops,Knits,341,68.12,1
124,61,Who knew critters could be so cozy?,5,3,Intimates,Intimate,Sleep,483,34.44,1
1084,57,Runs big on top,3,5,General,Dresses,Dresses,364,94.59,1
949,35,No title provided,5,0,General,Tops,Sweaters,582,72.49,1
877,60,Lovely linen tee,5,1,General Petite,Tops,Knits,321,76.05,1
1052,45,Great seasonal staple,5,0,General Petite,Bottoms,Pants,533,72.58,1
936,57,Lovely,5,0,General,Tops,Sweaters,498,76.18,1
873,74,"Gorgeous top, classic retailer",5,3,General,Tops,Knits,284,75.3,1
90,36,Love them,5,1,Intimates,Intimate,Legwear,383,95.25,1
1110,36,Omg! so gorgeous!!,5,9,General,Dresses,Dresses,206,94.49,1
850,59,Tight armholes,2,1,General Petite,Tops,Blouses,1228,49.55,0
1096,36,Only for no chested women,2,3,General Petite,Dresses,Dresses,1697,90.16,0
1081,53,Neckline bothers me,3,28,General,Dresses,Dresses,374,91.73,0
1104,56,No title provided,5,0,General,Dresses,Dresses,468,96.28,1
196,52,Cute dress!,5,4,Intimates,Intimate,Sleep,223,41.33,1
965,20,Eye spy a great vest,4,4,General,Jackets,Jackets,536,117.52,1
866,41,"Adorable, but not for me",4,1,General,Tops,Knits,166,77.38,0
1077,44,"Lovely, perfect",5,0,General Petite,Dresses,Dresses,219,91.1,1
1092,36,No title provided,5,22,General Petite,Dresses,Dresses,615,97.49,1
897,66,Soft,4,0,General,Tops,Fine Gauge,534,40.52,1
1078,49,No title provided,5,2,General,Dresses,Dresses,190,93.72,1
1066,52,Love these pants!,5,1,General Petite,Bottoms,Pants,362,73.42,1
1104,19,No title provided,5,0,General,Dresses,Dresses,223,96.28,1
828,38,No title provided,5,2,General,Tops,Blouses,733,48.45,1
906,42,My favorite!,5,2,General Petite,Tops,Fine Gauge,366,47.84,1
937,49,"Cute, but didnt love",3,0,General,Tops,Sweaters,1161,68.37,0
863,45,Ruffled hem tee,5,1,General,Tops,Knits,379,70.52,1
905,47,No title provided,5,1,General,Tops,Fine Gauge,492,48.61,1
850,50,No title provided,5,1,General Petite,Tops,Blouses,555,49.55,1
815,36,Love the top!,5,0,General Petite,Tops,Blouses,597,47.28,1
936,48,Love it!,5,14,General,Tops,Sweaters,271,76.18,1
918,31,Adorable,5,0,General,Tops,Fine Gauge,601,39.53,1
1100,53,Perfect dress,5,1,General,Dresses,Dresses,791,101.02,1
907,60,Very pretty but didn't work,3,1,General,Tops,Fine Gauge,797,42.56,1
1028,40,Love these jeans,5,0,General Petite,Bottoms,Jeans,538,79.71,1
144,52,My go to tights for another season,5,1,Intimates,Intimate,Legwear,631,97.09,1
1080,44,Go to dress,5,0,General,Dresses,Dresses,511,92.12,1
861,47,Second time's a charm,4,0,General,Tops,Knits,445,72.0,1
1095,29,No title provided,5,117,General,Dresses,Dresses,578,93.07,1
1080,35,No title provided,2,1,General Petite,Dresses,Dresses,689,92.12,0
895,43,Great sweater for fall,5,17,General Petite,Tops,Fine Gauge,400,42.2,1
1066,24,Great pants! runs small and green color is wrong,4,0,General,Bottoms,Pants,671,73.42,1
936,38,Perfect coatigan!,5,0,General Petite,Tops,Sweaters,382,76.18,1
1030,53,Nice jean but righter green than shown,4,4,General,Bottoms,Jeans,266,97.28,1
1072,70,Ethereal beauty,5,1,General,Dresses,Dresses,463,99.14,1
1104,31,"Casual, curve hugging, but crooked seam",3,4,General Petite,Dresses,Dresses,488,96.28,1
872,27,In love with this shirt,5,2,General,Tops,Knits,315,73.48,1
865,48,No title provided,4,1,General,Tops,Knits,623,71.54,1
829,34,Not great,2,1,General,Tops,Blouses,803,47.9,0
1072,60,Perfectly adorable!!!!!,5,0,General Petite,Dresses,Dresses,580,99.14,1
1078,42,Soft material,4,1,General,Dresses,Dresses,339,93.72,1
1025,59,Very soft but too low rise,3,0,General Petite,Bottoms,Jeans,1030,83.99,1
1030,52,Most flattering jeans!,5,6,General,Bottoms,Jeans,373,97.28,1
829,32,No title provided,5,0,General,Tops,Blouses,434,47.9,1
903,40,No title provided,3,0,General Petite,Tops,Fine Gauge,1142,42.72,0
967,56,So pretty and soft,5,1,General,Jackets,Jackets,535,129.05,1
193,30,Super comfy!,4,0,Intimates,Intimate,Sleep,570,35.9,1
863,62,No title provided,4,2,General,Tops,Knits,755,70.52,1
1094,33,Petite ladies avoid!,3,5,General,Dresses,Dresses,811,91.47,1
1056,33,No title provided,2,0,General,Bottoms,Pants,1526,74.82,0
1056,41,I want to live in these pants,5,0,General Petite,Bottoms,Pants,373,74.82,1
936,35,Too much for this sweater,3,0,General,Tops,Sweaters,1006,76.18,0
868,44,Best shirt ever!!! go get it!!!,5,0,General Petite,Tops,Knits,135,68.12,1
863,31,No title provided,5,0,General,Tops,Knits,217,70.52,1
1078,39,Nice vacation dress,4,4,General,Dresses,Dresses,266,93.72,1
863,44,Fabulous dressed up tee!,5,0,General Petite,Tops,Knits,268,70.52,1
1078,66,Work and play,5,3,General Petite,Dresses,Dresses,557,93.72,1
974,64,I finally caved!,5,4,General Petite,Jackets,Jackets,254,125.76,1
835,29,Vintage looking top,5,0,General Petite,Tops,Blouses,123,52.93,1
860,35,So cute!,5,0,General,Tops,Knits,839,70.15,1
1092,33,Extremely well made,5,0,General Petite,Dresses,Dresses,385,97.49,1
830,53,No title provided,5,0,General,Tops,Blouses,213,48.89,1
864,29,Oversized and color off,3,0,General,Tops,Knits,451,70.18,0
1104,29,"Really, cute, but....",4,1,General,Dresses,Dresses,858,96.28,1
949,43,Amazing jacket!,5,3,General Petite,Tops,Sweaters,727,72.49,1
820,59,Lovely embellishments,5,2,General Petite,Tops,Blouses,251,53.36,1
1110,61,Armpit issue,5,0,General Petite,Dresses,Dresses,367,94.49,1
820,36,Cute but runs small and short,4,0,General Petite,Tops,Blouses,576,53.36,1
693,36,No title provided,3,1,General Petite,Intimate,Lounge,994,141.37,0
1008,46,"Great skirt, great fit!",5,3,General Petite,Bottoms,Skirts,579,61.13,1
1020,56,Fits like a glove,5,5,General,Bottoms,Skirts,225,60.91,1
818,46,"Beautiful, looks like just photo on....",5,2,General,Tops,Blouses,560,50.65,1
1070,58,Perfect!,5,0,General,Bottoms,Pants,692,81.61,1
984,47,No title provided,4,1,General Petite,Jackets,Jackets,457,120.15,1
863,23,Love it,5,0,General Petite,Tops,Knits,701,70.52,1
1104,41,Love love love,5,7,General,Dresses,Dresses,545,96.28,1
1022,45,Fabulous fit; distressing will get more pronounced,5,2,General,Bottoms,Jeans,312,86.44,1
927,47,So versitle,5,0,General,Tops,Sweaters,559,78.48,1
867,35,No title provided,5,1,General,Tops,Knits,523,74.79,1
868,42,Love!,5,5,General Petite,Tops,Knits,692,68.12,1
1078,54,Cute dress but......,3,0,General,Dresses,Dresses,662,93.72,0
878,45,Fun t-shirt with distressed gold dots,4,2,General Petite,Tops,Knits,302,69.9,1
895,46,Very cozy sweater,4,0,General Petite,Tops,Fine Gauge,574,42.2,1
877,28,Disappointing,1,0,General,Tops,Knits,1936,76.05,0
1037,38,Petite leg is tight,4,0,General Petite,Bottoms,Jeans,658,83.76,1
193,26,No title provided,5,0,Intimates,Intimate,Sleep,491,35.9,1
295,33,Long sleeve version of the tanks,4,1,Intimates,Intimate,Layering,286,121.94,1
878,41,Loved it but big,3,0,General,Tops,Knits,1204,69.9,1
1078,43,Not great,3,6,General Petite,Dresses,Dresses,582,93.72,0
1092,34,Size up!,5,1,General Petite,Dresses,Dresses,269,97.49,1
1078,44,Not for the curvy gal,3,1,General,Dresses,Dresses,1269,93.72,0
1082,62,Love it!,5,30,General,Dresses,Dresses,407,92.41,1
825,41,Poor design,2,5,General,Tops,Blouses,481,51.28,0
862,54,So fun!,5,0,General,Tops,Knits,742,73.64,1
864,34,Comfy and pretty,5,2,General,Tops,Knits,370,70.18,1
1110,39,Slip is too small...,2,0,General,Dresses,Dresses,821,94.49,0
868,55,Just adorable !! a must for every wardrobe,5,17,General,Tops,Knits,553,68.12,1
1086,60,Rich color and comfort,5,8,General,Dresses,Dresses,610,97.04,1
850,35,So cute and unique!,5,2,General Petite,Tops,Blouses,577,49.55,1
378,26,No title provided,5,9,Intimates,Intimate,Swim,551,54.58,1
586,58,"Lovely material, a miss otherwise",2,0,General,Bottoms,Shorts,1534,53.15,0
895,46,No title provided,5,0,General Petite,Tops,Fine Gauge,655,42.2,1
1079,41,Delicate fabric and easy design,4,3,General Petite,Dresses,Dresses,252,89.22,1
1086,44,Sized up and perfect!,5,0,General,Dresses,Dresses,325,97.04,1
1077,32,Beautiful dress!,5,0,General Petite,Dresses,Dresses,241,91.1,1
921,67,Gorgeous and enormous,5,7,General,Tops,Sweaters,713,73.65,1
965,50,Totally adorable,5,10,General,Jackets,Jackets,779,117.52,1
530,32,Not for my hips,2,0,General,Bottoms,Shorts,577,26.56,0
1081,35,Nice casual dress,4,0,General,Dresses,Dresses,430,91.73,1
1083,44,Beautiful,4,2,General,Dresses,Dresses,574,93.86,1
866,43,Quality,5,3,General,Tops,Knits,386,77.38,1
940,63,Like wearing a hug,5,1,General,Tops,Sweaters,533,77.06,1
1080,39,Unexpected delight,5,2,General,Dresses,Dresses,281,92.12,1
1078,49,Tent-like but cozy,3,4,General Petite,Dresses,Dresses,710,93.72,0
969,41,Impulse buy,4,4,General,Jackets,Jackets,744,133.46,1
577,44,All in ones are tricky,4,0,General,Bottoms,Shorts,838,42.41,1
1051,48,"Stylish, but run a little large",4,7,General,Bottoms,Pants,672,78.63,1
825,44,A real beauty!,4,3,General,Tops,Blouses,532,51.28,1
872,63,No title provided,5,2,General Petite,Tops,Knits,556,73.48,1
129,37,Amazing!,5,0,Intimates,Intimate,Sleep,536,27.98,1
1081,42,Different dresses,1,4,General,Dresses,Dresses,2718,91.73,0
940,31,Nice vest!,5,0,General Petite,Tops,Sweaters,574,77.06,1
871,67,Not best quality but really cute,4,2,General,Tops,Knits,211,79.98,1
835,29,No title provided,4,0,General,Tops,Blouses,267,52.93,1
895,35,Nice lightweight sweater,4,0,General Petite,Tops,Fine Gauge,312,42.2,1
927,27,Coloring is off,4,6,General,Tops,Sweaters,405,78.48,1
1148,48,Great jeans,5,1,General Petite,Bottoms,Jeans,492,51.42,1
1078,33,Figure forming,4,0,General,Dresses,Dresses,567,93.72,1
1078,38,Effortlessly pretty,4,3,General Petite,Dresses,Dresses,843,93.72,1
1095,50,A little itchy for me,3,1,General,Dresses,Dresses,439,93.07,1
1116,56,This sweater is adorable.,5,1,General,Jackets,Outerwear,475,112.45,1
820,39,Love,5,3,General,Tops,Blouses,513,53.36,1
861,42,Summer's must have tee!,5,1,General,Tops,Knits,545,72.0,1
868,60,Relaxed and soft,5,0,General,Tops,Knits,553,68.12,1
868,41,I love it!,4,2,General,Tops,Knits,356,68.12,1
1094,39,Easy to wear and go,5,0,General,Dresses,Dresses,596,91.47,1
927,48,Beautiful!,5,0,General Petite,Tops,Sweaters,622,78.48,1
897,21,A little too big...,4,0,General,Tops,Fine Gauge,274,40.52,1
867,27,"Love it, not my color",4,0,General Petite,Tops,Knits,548,74.79,1
829,67,Style with a kick,5,1,General Petite,Tops,Blouses,717,47.9,1
1074,36,No title provided,4,4,General Petite,Dresses,Dresses,425,100.37,1
520,35,No title provided,5,0,Intimates,Intimate,Layering,237,101.42,1
1047,36,Love these pants,5,3,General Petite,Bottoms,Pants,223,80.12,1
867,41,Great asymetrical top!,5,6,General,Tops,Knits,252,74.79,1
865,35,No title provided,3,7,General,Tops,Knits,551,71.54,0
114,33,A big ruggy,3,10,Intimates,Intimate,Lounge,1080,57.93,0
1054,62,Not for me...,3,0,General,Bottoms,Pants,744,63.35,1
1081,39,No title provided,5,0,General Petite,Dresses,Dresses,200,91.73,1
872,83,Fantastic &  fun,5,0,General Petite,Tops,Knits,305,73.48,1
903,50,Soft and cozy,5,0,General Petite,Tops,Fine Gauge,525,42.72,1
1053,39,My favorite pants in my closet!,5,1,General,Bottoms,Pants,635,78.71,1
986,57,Not a kimono.,1,6,General,Jackets,Jackets,2451,125.48,0
868,42,Love it!,5,3,General,Tops,Knits,573,68.12,1
1056,34,Ruined in the wash,1,0,General,Bottoms,Pants,3398,74.82,0
824,36,Cute top,4,2,General Petite,Tops,Blouses,244,50.91,1
903,43,It's in the details,5,0,General Petite,Tops,Fine Gauge,135,42.72,1
903,35,Lovely!,5,0,General,Tops,Fine Gauge,754,42.72,1
877,27,No title provided,5,0,General,Tops,Knits,392,76.05,1
1203,30,Perfect layering tank,5,0,Intimates,Intimate,Layering,665,89.33,1
895,40,Picture doesn't do it justice,4,5,General,Tops,Fine Gauge,485,42.2,1
834,63,Pretty & comfy,5,2,General,Tops,Blouses,574,49.52,1
828,39,Great casual shirt,4,2,General,Tops,Blouses,800,48.45,1
1094,39,Hot mod mom,5,0,General,Dresses,Dresses,401,91.47,1
872,55,"Pretty, colorful top",5,0,General Petite,Tops,Knits,732,73.48,1
945,38,"Cute, but...",3,0,General,Tops,Sweaters,1202,79.07,1
330,23,No title provided,3,1,Intimates,Intimate,Sleep,536,19.59,1
903,48,"Comfy, soft",5,7,General,Tops,Fine Gauge,797,42.72,1
829,50,Rather cheap looking,2,11,General Petite,Tops,Blouses,1884,47.9,0
1110,54,The look!,5,0,General,Dresses,Dresses,468,94.49,1
857,57,Holy tightness,2,0,General,Tops,Knits,898,75.61,0
563,56,Absolutely gorgeous,5,8,General,Trend,Trend,275,90.79,1
552,50,Unique jeans,5,1,General,Trend,Trend,109,68.2,1
863,33,Good tee but not the same as past version,4,0,General,Tops,Knits,204,70.52,1
750,47,Perfect little affordable dress,5,1,Intimates,Intimate,Swim,765,61.97,1
1078,65,No title provided,5,2,General Petite,Dresses,Dresses,651,93.72,1
907,37,Soft sweater,5,4,General,Tops,Fine Gauge,194,42.56,1
723,59,Looks better on the model,3,16,Intimates,Intimate,Lounge,590,61.9,1
861,33,Love this shirt!,5,0,General,Tops,Knits,606,72.0,1
837,67,Much cuter in the picture,3,6,General,Tops,Blouses,444,55.15,0
860,43,No title provided,5,2,General Petite,Tops,Knits,264,70.15,1
1028,34,No title provided,4,5,General,Bottoms,Jeans,756,79.71,1
1110,39,No title provided,3,7,General,Dresses,Dresses,987,94.49,1
584,36,Love,5,0,Intimates,Intimate,Swim,446,76.08,1
1092,35,This was used!!!,1,0,General,Dresses,Dresses,1140,97.49,0
826,50,Runs very large,3,2,General,Tops,Blouses,452,47.75,1
866,36,Arms=super tight,3,0,General,Tops,Knits,360,77.38,1
862,40,Nice top,4,0,General Petite,Tops,Knits,577,73.64,1
240,37,Love *almost* everything about it,4,1,Intimates,Intimate,Swim,815,73.62,1
870,40,No title provided,1,0,General,Tops,Knits,2512,72.25,0
1103,62,Looks like lemonade and ice cream!,4,3,General Petite,Dresses,Dresses,751,116.9,1
1056,48,Perfect!,5,0,General,Bottoms,Pants,251,74.82,1
872,61,Summery,5,2,General,Tops,Knits,735,73.48,1
1079,40,Cute dress but sleeves are too long,3,5,General,Dresses,Dresses,815,89.22,0
863,52,Love this top!,5,0,General Petite,Tops,Knits,331,70.52,1
1047,47,Comfy and stylish,5,0,General,Bottoms,Pants,250,80.12,1
216,37,Always active...,5,0,Intimates,Intimate,Lounge,202,93.12,1
864,65,So fun!,4,0,General Petite,Tops,Knits,181,70.18,1
1096,43,Probably not for everyone,5,6,General,Dresses,Dresses,681,90.16,1
996,46,Darling!,4,14,General Petite,Bottoms,Skirts,265,60.63,1
1059,67,Funky fun,5,13,General Petite,Bottoms,Pants,254,80.22,1
1066,55,Perfect for mediterenian summer,4,0,General,Bottoms,Pants,341,73.42,1
872,33,Not for me...,4,3,General,Tops,Knits,1005,73.48,1
823,35,Flowy blouse with a little sparkle,4,0,General,Tops,Blouses,656,47.13,1
984,57,Unique,4,1,General Petite,Jackets,Jackets,484,120.15,1
1038,47,Buy them!,5,0,General,Bottoms,Jeans,476,75.47,1
854,45,Too small,2,0,General Petite,Tops,Knits,468,73.19,1
1094,27,"Pretty, but already piling",3,0,General,Dresses,Dresses,324,91.47,0
862,51,Really pretty and feminine,5,2,General Petite,Tops,Knits,356,73.64,1
1082,40,Gorgeous!,5,3,General,Dresses,Dresses,534,92.41,1
986,56,Beautiful colors,5,3,General,Jackets,Jackets,774,125.48,1
862,50,Buy one every color !,5,0,General,Tops,Knits,680,73.64,1
903,43,This product has great features,5,0,General Petite,Tops,Fine Gauge,116,42.72,1
1048,47,Unique,4,1,General Petite,Bottoms,Pants,280,83.29,1
883,35,"Pretty top, very comfortable",4,0,General,Tops,Knits,642,78.22,1
872,46,No title provided,4,0,General,Tops,Knits,376,73.48,1
1110,29,Super flattering and unique,5,5,General Petite,Dresses,Dresses,568,94.49,1
1025,34,No title provided,5,1,General,Bottoms,Jeans,376,83.99,1
996,40,Beautiful skirt,5,0,General,Bottoms,Skirts,617,60.63,1
1081,48,"Cute, but oversized",4,0,General Petite,Dresses,Dresses,486,91.73,1
835,44,Totally sublime,5,6,General,Tops,Blouses,616,52.93,1
1011,31,No title provided,4,0,General,Bottoms,Skirts,823,67.37,1
1080,33,Perfect summer wedding dress,5,20,General Petite,Dresses,Dresses,738,92.12,1
820,26,Such a lovely top!,5,2,General Petite,Tops,Blouses,424,53.36,1
830,37,Interesting piece,4,0,General,Tops,Blouses,853,48.89,1
984,42,Very cute jacket!,5,2,General,Jackets,Jackets,783,120.15,1
1094,47,Gorgeous but runs small,4,1,General,Dresses,Dresses,675,91.47,1
1110,69,A disappointment,1,24,General,Dresses,Dresses,2796,94.49,0
1028,53,Absolutely perfect!!!,4,0,General,Bottoms,Jeans,299,79.71,1
829,57,Love,5,7,General,Tops,Blouses,459,47.9,1
90,37,No title provided,5,0,Intimates,Intimate,Legwear,436,95.25,1
933,62,"Great quality, but odd fit",3,1,General,Tops,Sweaters,634,80.9,0
829,63,Fall dots,4,1,General Petite,Tops,Blouses,687,47.9,1
836,41,Cute top,5,0,General,Tops,Blouses,402,52.71,1
1078,31,Cute but . . .,3,0,General Petite,Dresses,Dresses,1161,93.72,1
1037,44,Short but adorable!,4,1,General Petite,Bottoms,Jeans,746,83.76,1
836,58,Great top. runs small!,4,13,General,Tops,Blouses,589,52.71,1
862,46,Too much material,2,0,General Petite,Tops,Knits,1115,73.64,0
1094,35,Amazing retro style,5,0,General,Dresses,Dresses,279,91.47,1
861,39,Great casual tshirt!,5,0,General,Tops,Knits,473,72.0,1
984,31,Everyone needs one!,5,4,General Petite,Jackets,Jackets,275,120.15,1
863,58,Great shirt...but colors fit differently,5,1,General,Tops,Knits,593,70.52,1
1059,65,Great design,5,1,General,Bottoms,Pants,308,80.22,1
996,29,Perfect wedding skirt!,5,9,General,Bottoms,Skirts,782,60.63,1
1094,35,Dress saga,5,4,General,Dresses,Dresses,746,91.47,1
864,28,Large,1,0,General Petite,Tops,Knits,2329,70.18,0
872,21,"Not true to size, but beautiful",5,0,General,Tops,Knits,283,73.48,1
839,40,Almost,3,1,General,Tops,Blouses,1211,50.7,1
829,43,Pretty,5,2,General Petite,Tops,Blouses,691,47.9,1
1110,45,"Cute, but ""off"" fit",2,0,General,Dresses,Dresses,1349,94.49,0
1025,53,"Comfotable, cute jeans",5,10,General,Bottoms,Jeans,715,83.99,1
862,57,No title provided,5,0,General,Tops,Knits,654,73.64,1
886,37,Love this shirt!,5,0,General Petite,Tops,Knits,213,75.86,1
831,34,No title provided,5,0,General Petite,Tops,Blouses,474,47.37,1
1110,51,Perfectly simlpe and elegant,5,1,General,Dresses,Dresses,371,94.49,1
872,37,Unique and pretty but kinda sheer,4,0,General Petite,Tops,Knits,865,73.48,1
626,39,Meh... not doing it for me,3,5,General Petite,Bottoms,Pants,867,62.83,0
1078,43,Very snug,4,0,General,Dresses,Dresses,725,93.72,1
833,42,Lovely,5,0,General,Tops,Blouses,319,49.96,1
1123,39,No title provided,5,0,General,Jackets,Outerwear,493,135.82,1
903,50,Cute and simple,5,0,General,Tops,Fine Gauge,576,42.72,1
895,42,Lovely sweater,5,0,General,Tops,Fine Gauge,110,42.2,1
866,50,3 colors aren't enough,5,3,General Petite,Tops,Knits,522,77.38,1
1077,64,Its a keeper,5,1,General,Dresses,Dresses,493,91.1,1
867,56,Cute print,4,2,General,Tops,Knits,530,74.79,1
824,31,Cute and quirky,4,11,General Petite,Tops,Blouses,246,50.91,1
878,48,No title provided,2,2,General,Tops,Knits,915,69.9,0
1084,44,Great for curvy girls,4,0,General Petite,Dresses,Dresses,173,94.59,1
940,34,"Warm, soft, pretty.... what's not to love?",4,2,General,Tops,Sweaters,328,77.06,1
1008,41,Wonderful skirt,5,1,General Petite,Bottoms,Skirts,206,61.13,1
1141,31,Lovely for late summer/early fall,4,3,General,Trend,Trend,596,58.98,1
1082,32,Wanted to love it,2,3,General Petite,Dresses,Dresses,1324,92.41,0
825,42,Embroidery love,5,7,General,Tops,Blouses,505,51.28,1
872,41,Cute shirt but the sewing is slightly off,3,6,General,Tops,Knits,1076,73.48,1
965,32,Not for me,3,0,General Petite,Jackets,Jackets,792,117.52,0
1028,40,Amazing fit and wash,5,0,General,Bottoms,Jeans,243,79.71,1
1084,39,No title provided,2,0,General,Dresses,Dresses,1662,94.59,0
862,42,Great sweater!,5,0,General,Tops,Knits,570,73.64,1
815,47,Not for every body shape,3,2,General,Tops,Blouses,1050,47.28,0
936,48,Adorable !,5,1,General Petite,Tops,Sweaters,278,76.18,1
1111,43,Absolutely gorgeous dress!,5,11,General,Dresses,Dresses,618,104.78,1
865,26,Material too flimsy,2,1,General,Tops,Knits,770,71.54,0
895,62,Lovely and feminine,5,9,General Petite,Tops,Fine Gauge,149,42.2,1
1104,34,No title provided,4,0,General,Dresses,Dresses,353,96.28,1
872,36,"Well made, not correct fit for me",3,0,General,Tops,Knits,577,73.48,0
862,44,Nice basic shirt,4,0,General,Tops,Knits,650,73.64,1
869,39,Love this top,4,0,General,Tops,Knits,154,66.54,1
942,51,Nice sweater,4,0,General,Tops,Sweaters,459,69.35,1
1009,35,Sizing off,3,1,General,Bottoms,Skirts,911,57.29,0
936,38,"Warm, love and classic wardrobe piece",5,3,General Petite,Tops,Sweaters,403,76.18,1
1031,32,Beautiful jeans but way too small,4,0,General,Bottoms,Jeans,732,100.38,1
1095,29,Cutest dress,5,5,General,Dresses,Dresses,185,93.07,1
964,27,So much better irl,5,0,General,Jackets,Jackets,198,125.65,1
850,58,So pretty!,5,0,General,Tops,Blouses,180,49.55,1
872,69,No title provided,5,0,General,Tops,Knits,611,73.48,1
829,59,Stylish and ready for layering,5,1,General Petite,Tops,Blouses,651,47.9,1
867,47,Pretty and comfortable,5,15,General Petite,Tops,Knits,709,74.79,1
829,26,Nice top but strange fit,3,15,General,Tops,Blouses,472,47.9,0
326,47,Phenomenal find!,5,2,General,Bottoms,Shorts,327,31.93,1
850,24,Such a unique piece!,4,0,General,Tops,Blouses,241,49.55,1
937,36,Comfy and stylish,5,0,General,Tops,Sweaters,649,68.37,1
1126,26,Awesome jacket!,5,3,General,Jackets,Outerwear,617,124.66,1
1081,32,Cute dress,5,0,General Petite,Dresses,Dresses,489,91.73,1
829,36,Great top,5,1,General Petite,Tops,Blouses,459,47.9,1
873,47,No title provided,4,0,General,Tops,Knits,753,75.3,1
1094,25,Beautiful design,3,0,General,Dresses,Dresses,379,91.47,0
1100,44,No title provided,4,0,General,Dresses,Dresses,698,101.02,1
1060,29,The color though,5,1,General Petite,Bottoms,Pants,656,75.43,1
1100,41,Irresistible,5,0,General Petite,Dresses,Dresses,481,101.02,1
861,34,No title provided,5,0,General Petite,Tops,Knits,407,72.0,1
860,58,No title provided,4,1,General,Tops,Knits,419,70.15,1
868,55,Fun and feminine,5,4,General,Tops,Knits,378,68.12,1
861,33,"Pretty and comfrotable, get on sale",3,0,General,Tops,Knits,866,72.0,1
1087,36,Casual and comforable. i love it,5,0,General,Dresses,Dresses,483,91.71,1
1028,40,"Great jeans, runs large!",5,1,General,Bottoms,Jeans,673,79.71,1
1092,35,"Beautiful design, interesting execution",3,10,General,Dresses,Dresses,780,97.49,1
1009,28,Great summer skirt,5,5,General,Bottoms,Skirts,489,57.29,1
1110,27,Beautiful statement dress,5,1,General Petite,Dresses,Dresses,209,94.49,1
877,37,Great basic with a twist,5,51,General Petite,Tops,Knits,601,76.05,1
1008,24,Cute but too large,4,0,General,Bottoms,Skirts,692,61.13,1
1081,46,"Love the fabric and colors, but...",3,1,General Petite,Dresses,Dresses,785,91.73,0
816,44,So cute but buttons pop off,3,1,General,Tops,Blouses,1015,66.47,0
829,33,"Cute patterns, but gaps at buttons",4,29,General Petite,Tops,Blouses,447,47.9,1
829,36,Amazing!,5,20,General,Tops,Blouses,745,47.9,1
850,48,Weird color and fit,2,0,General Petite,Tops,Blouses,1789,49.55,0
1078,19,No title provided,5,1,General,Dresses,Dresses,777,93.72,1
869,39,No title provided,4,0,General Petite,Tops,Knits,788,66.54,1
820,44,Love this top,5,2,General Petite,Tops,Blouses,624,53.36,1
768,28,Love these pants!,5,3,Intimates,Intimate,Lounge,505,139.4,1
936,55,No title provided,3,2,General Petite,Tops,Sweaters,250,76.18,0
189,34,"Comfy and cute, high quality socks",5,4,Intimates,Intimate,Legwear,684,44.01,1
1078,84,Closet staple,5,0,General Petite,Dresses,Dresses,418,93.72,1
1081,34,"Super classy, with an almost perfect fit",4,1,General Petite,Dresses,Dresses,671,91.73,1
1030,37,I ordered up 2 sizes,5,0,General,Bottoms,Jeans,228,97.28,1
1086,66,Well designed,5,13,General Petite,Dresses,Dresses,522,97.04,1
862,50,No title provided,4,0,General Petite,Tops,Knits,578,73.64,1
870,37,No title provided,4,1,General,Tops,Knits,568,72.25,1
998,39,So nice for fall,4,2,General,Bottoms,Skirts,499,62.88,1
1125,32,An investment piece,5,1,General Petite,Jackets,Outerwear,293,126.14,1
1022,57,So happy i treated myself!,5,2,General Petite,Bottoms,Jeans,734,86.44,1
1081,58,Love it except...,4,0,General Petite,Dresses,Dresses,827,91.73,1
188,40,No title provided,5,0,Intimates,Intimate,Legwear,792,91.8,1
1094,58,Put-together and comfortable,5,3,General Petite,Dresses,Dresses,536,91.47,1
1020,72,No title provided,4,5,General Petite,Bottoms,Skirts,1014,60.91,1
829,32,Beautiful!,5,0,General Petite,Tops,Blouses,750,47.9,1
24,27,"Fun and gorgeous suit, but not for me",4,0,Intimates,Intimate,Swim,422,66.25,1
870,59,"High-end, throw and go sweatshirt",4,1,General,Tops,Knits,751,72.25,1
936,56,Stylish sweater,5,0,General Petite,Tops,Sweaters,502,76.18,1
899,50,Really oddly shaped sweater!,3,0,General,Tops,Fine Gauge,689,37.31,0
1126,35,Special pattern unique design,5,0,General,Jackets,Outerwear,248,124.66,1
868,62,No title provided,3,3,General,Tops,Knits,596,68.12,0
1117,34,Perfect cape for hourglasses,5,1,General,Jackets,Outerwear,565,98.51,1
974,57,Quilted jacket,3,2,General Petite,Jackets,Jackets,1072,125.76,1
1070,39,Nope - not for muscular thighs,3,0,General,Bottoms,Pants,664,81.61,0
868,50,Love it...,5,10,General,Tops,Knits,122,68.12,1
942,36,Girl scout smock,3,1,General,Tops,Sweaters,852,69.35,0
916,54,Unique,4,16,General Petite,Tops,Fine Gauge,776,49.22,1
867,41,Great top,5,0,General,Tops,Knits,446,74.79,1
877,26,Nice top,4,0,General Petite,Tops,Knits,539,76.05,1
142,19,No title provided,5,1,Intimates,Intimate,Legwear,283,93.43,1
895,19,Comfortable cardigan,4,0,General Petite,Tops,Fine Gauge,772,42.2,1
835,27,"Beautiful details, but not quite right",3,0,General Petite,Tops,Blouses,653,52.93,0
867,49,Perfect fitting white top,5,0,General Petite,Tops,Knits,405,74.79,1
1086,62,Even cute belted!,5,0,General,Dresses,Dresses,631,97.04,1
1049,55,No title provided,4,0,General,Bottoms,Pants,362,93.2,1
831,63,Love this top,5,1,General Petite,Tops,Blouses,492,47.37,1
850,45,Cute lightweight tunic,4,5,General,Tops,Blouses,490,49.55,1
829,52,True to size - like it so much i bought 2,5,2,General Petite,Tops,Blouses,605,47.9,1
886,34,No title provided,5,1,General Petite,Tops,Knits,647,75.86,1
1110,67,"Super cute, horrible slip",2,17,General,Dresses,Dresses,1782,94.49,0
867,36,Beautiful,5,0,General Petite,Tops,Knits,585,74.79,1
529,36,I could live in these.,5,1,General,Bottoms,Shorts,795,29.13,1
1035,47,Disappointed,3,0,General Petite,Bottoms,Jeans,791,98.29,0
588,25,No title provided,2,0,General,Bottoms,Shorts,1621,39.61,0
1094,35,Versatile!,4,1,General,Dresses,Dresses,754,91.47,1
645,37,Staple cami,5,0,Intimates,Intimate,Intimates,787,46.34,1
1002,53,"Upholstery material, dry clean only! runs small.",2,1,General,Bottoms,Skirts,547,58.5,0
936,41,Quality sweater,5,5,General Petite,Tops,Sweaters,380,76.18,1
935,46,"Soft, comfy, perfect fit for xl",5,0,General,Tops,Sweaters,741,72.15,1
1121,35,Perfect for fall,5,0,General,Jackets,Outerwear,417,109.42,1
1078,55,Nice winter dress,5,0,General Petite,Dresses,Dresses,703,93.72,1
1072,41,"Description way off, but beautiful dress",5,1,General Petite,Dresses,Dresses,512,99.14,1
774,44,Comfy casual dress,4,1,Intimates,Intimate,Lounge,913,108.12,1
1078,31,Flowy and comfy,5,0,General Petite,Dresses,Dresses,181,93.72,1
802,66,Not sure,4,0,Intimates,Intimate,Lounge,450,91.0,1
1022,32,Great fit but do stretch out,4,6,General Petite,Bottoms,Jeans,800,86.44,1
1047,39,No title provided,5,0,General,Bottoms,Pants,424,80.12,1
835,50,Gorgeous print,4,2,General,Tops,Blouses,757,52.93,1
1060,44,Terrible,1,13,General,Bottoms,Pants,820,75.43,0
834,26,No title provided,5,0,General Petite,Tops,Blouses,644,49.52,1
895,39,Vintage picnic style for the win,5,0,General,Tops,Fine Gauge,766,42.2,1
1059,72,"Lovely pants, bad fit",3,3,General,Bottoms,Pants,653,80.22,1
883,34,Classy and cute,4,0,General,Tops,Knits,650,78.22,1
820,26,Gorgeous detail,5,0,General,Tops,Blouses,371,53.36,1
863,60,Yikes!!!!!! $58 wasted!!!!!,1,14,General,Tops,Knits,2761,70.52,0
1116,63,No title provided,2,5,General,Jackets,Outerwear,492,112.45,0
834,54,No title provided,3,16,General,Tops,Blouses,790,49.52,1
823,45,"Too much fabric, shoulders won't stay down",2,0,General,Tops,Blouses,1018,47.13,0
1078,53,Pretty,4,0,General Petite,Dresses,Dresses,492,93.72,1
1110,55,Simple and cute,5,2,General,Dresses,Dresses,293,94.49,1
1086,23,Comfy and flattering,5,0,General,Dresses,Dresses,343,97.04,1
1078,28,"Nice print, not flattering for me",3,1,General,Dresses,Dresses,362,93.72,0
960,38,Beautiful fall vest,5,7,General,Jackets,Jackets,218,120.35,1
867,45,No title provided,5,0,General Petite,Tops,Knits,180,74.79,1
820,60,"It is not white color, it looks beige indoors",1,2,General,Tops,Blouses,3393,53.36,0
579,26,Super cute & comfy!,5,1,General,Bottoms,Shorts,347,43.04,1
815,43,Definitely try on before buying,3,5,General,Tops,Blouses,739,47.28,0
838,42,Beautiful - if you're pregnant with twins.,2,14,General,Tops,Blouses,489,45.19,0
1110,46,Beautiful dress. small in the bust,4,0,General Petite,Dresses,Dresses,441,94.49,1
872,34,Perfect basic,5,17,General Petite,Tops,Knits,733,73.48,1
1025,39,Cute but very tight,3,2,General,Bottoms,Jeans,1107,83.99,0
1110,39,Larkhill swing part deaux,5,1,General,Intimate,Dresses,682,94.49,1
1094,37,Bautiful lines,5,2,General,Dresses,Dresses,551,91.47,1
1075,65,Perfect,5,0,General Petite,Dresses,Dresses,743,88.95,1
939,29,Was looking forward to receiving this,3,0,General,Tops,Sweaters,1133,77.82,0
1080,26,Not for short people,3,1,General,Dresses,Dresses,220,92.12,0
868,38,Love,5,0,General,Tops,Knits,487,68.12,1
1035,41,I'd recommend!,4,1,General,Bottoms,Jeans,569,98.29,1
927,35,Elegant comfort,5,0,General,Tops,Sweaters,382,78.48,1
835,53,Swanky fun!,5,0,General,Tops,Blouses,685,52.93,1
880,44,"Runs large, order 1 size smaller",5,0,General,Tops,Knits,719,75.0,1
872,37,No title provided,4,0,General,Tops,Knits,167,73.48,1
940,35,Beautiful but fuzzy,4,13,General,Tops,Sweaters,490,77.06,0
573,38,Great flowy dress to combat the summer heat!,5,2,General Petite,Trend,Trend,232,62.52,1
867,63,"Bulky, unflattering",2,4,General,Tops,Knits,1181,74.79,0
829,29,Great top,5,1,General,Tops,Blouses,438,47.9,1
909,34,No title provided,4,5,General Petite,Tops,Fine Gauge,477,44.64,1
1081,38,Lightweight and flowy,5,44,General Petite,Dresses,Dresses,222,91.73,1
1059,53,Will pass on these,2,28,General,Bottoms,Pants,713,80.22,0
879,56,A structured t shirt finally! tts for most!,5,19,General Petite,Tops,Knits,280,73.13,1
870,47,"Boxy, short and unflattering",2,0,General Petite,Tops,Knits,320,72.25,0
1094,38,Bummer,2,0,General,Dresses,Dresses,661,91.47,0
1008,25,No title provided,5,0,General,Bottoms,Skirts,662,61.13,1
1078,23,Love this dress,5,4,General,Dresses,Dresses,647,93.72,1
872,60,Comfortable nicer t-shirt,5,1,General,Tops,Knits,303,73.48,1
1080,32,Bohemian chic,3,0,General,Dresses,Dresses,241,92.12,1
825,67,No title provided,4,1,General,Tops,Blouses,412,51.28,1
844,47,No title provided,4,1,General,Tops,Blouses,748,58.97,1
1011,38,No title provided,5,1,General,Bottoms,Skirts,262,67.37,1
1055,64,Loved them but...,4,2,General,Bottoms,Pants,679,81.0,1
863,65,Great color,5,0,General,Tops,Knits,752,70.52,1
866,23,Weird seams,2,3,General,Tops,Knits,1176,77.38,0
936,33,"Cozy, flattering, and practical",5,1,General,Tops,Sweaters,232,76.18,1
1131,24,A coat with a great silhouette and personality,5,0,General Petite,Jackets,Outerwear,447,134.76,1
521,32,Beware - not enough bottom coverage!,2,2,Intimates,Intimate,Swim,991,72.53,0
933,41,There's wool in this! whimper!,5,1,General Petite,Tops,Sweaters,303,80.9,1
1110,47,"Quality dress and gorgeous fabric, but frumpy fit",3,1,General,Dresses,Dresses,614,94.49,1
1078,52,Fun dress,5,1,General,Dresses,Dresses,369,93.72,1
836,46,Love pattern,4,0,General,Tops,Blouses,536,52.71,1
927,35,So cute,5,1,General Petite,Tops,Sweaters,537,78.48,1
945,22,Perfect,5,7,General,Tops,Sweaters,542,79.07,1
1081,48,Love this dress!,5,3,General,Dresses,Dresses,533,91.73,1
898,56,Warm wool,5,0,General Petite,Tops,Fine Gauge,591,37.43,1
861,35,Cute tee,5,0,General,Tops,Knits,453,72.0,1
824,40,A great pick for summer,4,1,General,Tops,Blouses,667,50.91,1
817,69,Easy breezy and pretty!,5,2,General Petite,Tops,Blouses,262,48.62,1
886,36,Cute top with right undershirt,5,10,General,Tops,Knits,758,75.86,1
1080,58,No title provided,5,1,General Petite,Dresses,Dresses,152,92.12,1
90,58,Stretched out upon receipt,1,0,Intimates,Intimate,Legwear,3254,95.25,0
872,51,Soft and romantic,5,2,General Petite,Tops,Knits,715,73.48,1
983,34,Great little jacket,5,0,General,Jackets,Jackets,356,143.4,1
1078,57,Great casual dress,5,3,General,Dresses,Dresses,628,93.72,1
945,68,Disappointing,1,1,General,Tops,Sweaters,2054,79.07,0
1078,32,Had to return,2,2,General Petite,Dresses,Dresses,821,93.72,0
358,29,Good support,5,1,Intimates,Intimate,Intimates,631,43.6,1
993,47,Meh,1,3,General Petite,Bottoms,Skirts,2845,58.25,0
1086,31,Comfortable cool,5,4,General Petite,Dresses,Dresses,606,97.04,1
863,61,"Great, great summer tee!",5,4,General Petite,Tops,Knits,632,70.52,1
1011,33,Sweater wrap midi skirt,2,2,General,Bottoms,Skirts,431,67.37,0
867,47,Hanging in my closet,5,0,General Petite,Tops,Knits,449,74.79,1
678,41,Beautiful pants!,5,0,Intimates,Intimate,Sleep,644,30.24,1
1051,38,Best for tall folks,3,5,General Petite,Bottoms,Pants,233,78.63,1
41,34,Everyday tights,5,0,Intimates,Intimate,Legwear,615,97.62,1
1072,23,Great for all seasons,5,0,General Petite,Dresses,Dresses,622,99.14,1
945,64,Love but itchy for me,5,0,General,Tops,Sweaters,287,79.07,1
866,36,Very flattering!,5,32,General Petite,Tops,Knits,550,77.38,1
1008,47,Lovely and comfy,5,8,General,Bottoms,Skirts,683,61.13,1
1078,26,Love the long tassels,5,0,General,Dresses,Dresses,408,93.72,1
719,86,Nice summer dress,5,0,Intimates,Intimate,Lounge,652,89.44,1
872,39,"Beautiful details, runs long",4,0,General,Tops,Knits,703,73.48,1
569,53,Pretty bad in real life,1,9,General,Trend,Trend,1444,83.6,0
1066,39,No title provided,5,0,General,Bottoms,Pants,645,73.42,1
975,24,Lovely!,5,1,General,Jackets,Jackets,468,128.22,1
1077,39,"Amazing, but runs sooo small!!",3,0,General Petite,Dresses,Dresses,562,91.1,1
850,46,Terrible quality of material,1,0,General Petite,Tops,Blouses,3166,49.55,0
1020,47,Great fabric but really bad shape,1,6,General,Bottoms,Skirts,1468,60.91,0
829,36,No title provided,2,3,General,Tops,Blouses,867,47.9,0
933,43,Could work for another body type,3,3,General Petite,Tops,Sweaters,815,80.9,1
860,59,Fancy and fun,5,0,General Petite,Tops,Knits,668,70.15,1
1077,33,No title provided,5,1,General,Dresses,Dresses,449,91.1,1
1008,74,Great twist on a pencil skirt,5,0,General,Bottoms,Skirts,773,61.13,1
952,48,Perfect!,5,3,General Petite,Tops,Sweaters,612,79.08,1
282,41,Love these shorts!,5,4,General,Bottoms,Shorts,576,34.65,1
1094,29,Runs a bit large,4,1,General Petite,Dresses,Dresses,183,91.47,1
534,23,Can't wait to wear it!,4,0,Intimates,Intimate,Swim,367,46.56,1
1117,43,Not as pictured and described,2,0,General,Jackets,Outerwear,1247,98.51,0
1150,53,Tried on few dresses to find right size!,4,2,General,Dresses,Dresses,203,97.46,1
1126,36,No title provided,5,0,General,Jackets,Outerwear,652,124.66,1
829,42,Cute but short,4,0,General,Tops,Blouses,162,47.9,1
1078,34,No title provided,4,0,General Petite,Dresses,Dresses,956,93.72,0
832,40,Frayed bottom hem.....,3,3,General,Tops,Blouses,701,53.46,0
863,44,Love this shirt!!,5,0,General,Tops,Knits,782,70.52,1
864,38,Beautiful; blue looser than black.,5,2,General,Tops,Knits,613,70.18,1
622,37,Great versatile tank,5,0,Intimates,Intimate,Lounge,682,99.03,1
993,47,No title provided,5,4,General,Bottoms,Skirts,668,58.25,1
1072,35,Love this dress!,5,0,General,Dresses,Dresses,633,99.14,1
875,33,Really beautiful material,5,0,General,Tops,Knits,658,72.72,1
872,36,A staple!,5,4,General Petite,Tops,Knits,624,73.48,1
829,41,Cute!,4,2,General Petite,Tops,Blouses,671,47.9,1
829,34,"Fun, colorful top",4,1,General,Tops,Blouses,313,47.9,1
867,36,Super cute t,5,0,General,Tops,Knits,353,74.79,1
1072,53,No title provided,4,0,General,Dresses,Dresses,207,99.14,1
999,34,Love it!,5,0,General,Bottoms,Skirts,507,59.03,1
840,39,Love,5,0,General Petite,Tops,Blouses,466,53.82,1
984,35,So comfortable and chic,5,0,General Petite,Jackets,Jackets,719,120.15,1
1077,47,Beautiful shirt dress,5,20,General,Dresses,Dresses,375,91.1,1
867,33,Flattering!,4,1,General Petite,Tops,Knits,884,74.79,1
1081,46,Lovely but not for me,4,1,General,Dresses,Dresses,551,91.73,1
1104,52,Please make more like this one!,5,22,General Petite,Dresses,Dresses,482,96.28,1
975,55,Amazing,5,1,General Petite,Jackets,Jackets,683,128.22,1
1094,71,Dress is fabulous but......,1,2,General Petite,Dresses,Dresses,1873,91.47,0
1081,54,Cute and easy,4,1,General Petite,Dresses,Dresses,538,91.73,1
1094,25,Engagement photo,5,18,General,Dresses,Dresses,461,91.47,1
895,47,Great detail,4,0,General Petite,Tops,Fine Gauge,556,42.2,1
380,32,No title provided,5,0,Intimates,Intimate,Swim,466,44.11,1
1059,63,No title provided,3,0,General,Bottoms,Pants,600,80.22,0
1092,52,"Transitional, versitile, and well-made dress",5,17,General,Dresses,Dresses,727,97.49,1
868,33,Pretty top,3,2,General,Tops,Knits,1183,68.12,0
868,38,Great top!,5,0,General,Tops,Knits,707,68.12,1
994,35,No title provided,5,0,General Petite,Bottoms,Skirts,678,53.82,1
872,26,No title provided,5,0,General,Tops,Knits,279,73.48,1
984,40,Perfect denim jacket,5,1,General,Jackets,Jackets,602,120.15,1
828,34,No title provided,5,0,General,Tops,Blouses,633,48.45,1
1052,41,Bunched elastic,4,0,General,Bottoms,Pants,547,72.58,1
836,29,Unflattering,2,4,General Petite,Tops,Blouses,890,52.71,0
1020,61,I love this skirt!,5,1,General Petite,Bottoms,Skirts,668,60.91,1
884,44,No title provided,4,2,General Petite,Tops,Knits,282,58.42,1
872,30,Perfect black blouse,5,0,General,Tops,Knits,526,73.48,1
1095,50,Busty petites rejoice (1),4,15,General Petite,Dresses,Dresses,616,93.07,1
1082,68,Disappointed,1,0,General,Dresses,Dresses,3245,92.41,0
865,44,Frumpy,2,0,General,Tops,Knits,1523,71.54,0
1033,53,Finally!! the perfect boyfriend jean,5,0,General,Bottoms,Jeans,510,92.45,1
835,56,"Why floreat? so perfect, yet so wrong!",3,25,General Petite,Tops,Blouses,714,52.93,0
868,53,My go to,5,0,General,Tops,Knits,145,68.12,1
917,42,No title provided,3,1,General,Tops,Fine Gauge,531,33.69,1
927,20,Love this sweater!,5,1,General Petite,Tops,Sweaters,187,78.48,1
552,29,Amazing unique,5,1,General,Trend,Trend,377,68.2,1
1009,39,Bought on the spot!,5,4,General,Bottoms,Skirts,752,57.29,1
873,32,Really cute peplum top!,4,3,General,Tops,Knits,933,75.3,1
1033,39,Great jeans for tall ladies,5,0,General,Bottoms,Jeans,220,92.45,1
949,38,Beautifully cut lightweight coat,5,1,General,Tops,Sweaters,594,72.49,1
831,40,Super comfy,5,0,General,Tops,Blouses,390,47.37,1
939,41,Beautiful sweater,5,2,General Petite,Tops,Sweaters,392,77.82,1
843,43,Easy summer top,5,2,General,Tops,Blouses,149,57.67,1
18,42,Disappointing quality,1,0,General Petite,Bottoms,Jeans,3043,132.73,0
873,26,Warm weather winter,5,0,General,Tops,Knits,514,75.3,1
880,40,Stylish sweatshirt,5,6,General Petite,Tops,Knits,646,75.0,1
1080,29,Cute,4,1,General,Dresses,Dresses,414,92.12,1
868,19,Super cute top,4,3,General,Tops,Knits,785,68.12,1
1009,42,Great transition to fall,4,0,General Petite,Bottoms,Skirts,269,57.29,1
1033,56,Warm grey,4,0,General,Bottoms,Jeans,164,92.45,1
864,31,Stunning - but not for the faint of heart.,5,3,General,Tops,Knits,687,70.18,1
936,25,Awkward fit,3,0,General Petite,Tops,Sweaters,1086,76.18,0
825,31,Favorite new plaid,5,3,General,Tops,Blouses,359,51.28,1
836,38,Triangles aren't my shape,2,0,General Petite,Tops,Blouses,1364,52.71,0
1081,47,"Love this dress. if they make more, i'll buy more",5,0,General,Dresses,Dresses,299,91.73,1
1068,51,No title provided,3,2,General Petite,Bottoms,Pants,1307,76.56,1
907,47,No title provided,1,2,General Petite,Tops,Fine Gauge,1928,42.56,0
862,42,Great black turtleneck,5,0,General Petite,Tops,Knits,248,73.64,1
127,46,Too big/so soft,3,0,General Petite,Intimate,Lounge,806,72.56,1
914,32,Cute!,5,0,General,Tops,Fine Gauge,270,39.07,1
1094,31,Pretty frock..,4,0,General,Dresses,Dresses,982,91.47,1
831,50,Beautiful blouse,5,1,General Petite,Tops,Blouses,671,47.37,1
823,41,Long enough for tall women,4,0,General,Tops,Blouses,632,47.13,1
1002,54,Beautiful but....,2,2,General,Bottoms,Skirts,615,58.5,0
1096,41,Channeling laura ingalls wilder,3,0,General,Dresses,Dresses,514,90.16,0
967,59,"Very cute, but...",4,6,General,Jackets,Jackets,202,129.05,1
877,50,Fun sweatshirt,4,3,General,Tops,Knits,239,76.05,1
996,30,Soooo comfy!,5,0,General Petite,Bottoms,Skirts,461,60.63,1
877,35,No title provided,5,2,General Petite,Tops,Knits,824,76.05,1
828,60,Too sheer,2,7,General,Tops,Blouses,839,48.45,0
862,52,Feels like comfy pajamas,5,0,General Petite,Tops,Knits,570,73.64,1
825,47,Sad :(,2,0,General,Tops,Blouses,1760,51.28,0
993,48,Excellent,5,2,General,Bottoms,Skirts,638,58.25,1
1086,37,Perfect dress for the fall!,5,2,General,Dresses,Dresses,387,97.04,1
872,38,No title provided,4,0,General,Tops,Knits,421,73.48,1
936,68,Shapeless and itchy sweater,2,14,General Petite,Tops,Sweaters,1606,76.18,0
1081,53,Love this dress,5,0,General Petite,Dresses,Dresses,558,91.73,0
1078,53,Beautiful colors,4,0,General,Dresses,Dresses,940,93.72,1
945,26,No title provided,5,0,General,Tops,Sweaters,196,79.07,1
940,36,No title provided,4,0,General,Tops,Sweaters,492,77.06,1
147,48,No title provided,5,2,Intimates,Intimate,Sleep,590,26.48,1
831,24,Awful,1,5,General,Tops,Blouses,710,47.37,0
1111,56,Very unfortunate,1,3,General,Dresses,Dresses,2067,104.78,0
964,31,Cute and comfy,5,0,General,Jackets,Jackets,263,125.65,1
872,28,Great t-shirt for everyday use,5,3,General Petite,Tops,Knits,708,73.48,1
865,70,"Love,love,love!!",5,0,General,Tops,Knits,498,71.54,1
943,50,Just beautiful!,5,1,General,Tops,Sweaters,651,102.74,1
1110,55,Feel like a million bucks in this dress!,5,2,General Petite,Dresses,Dresses,578,94.49,1
1022,37,Love these jeans!,5,3,General,Bottoms,Jeans,229,86.44,1
818,58,Cute top for summer,5,1,General,Tops,Blouses,266,50.65,1
1095,41,European flair,5,0,General,Dresses,Dresses,662,93.07,1
343,29,No title provided,5,1,Intimates,Intimate,Layering,214,72.76,1
1078,50,Love this dress!,5,0,General,Dresses,Dresses,774,93.72,1
1078,31,We need more vintage retailer style.,4,3,General Petite,Dresses,Dresses,515,93.72,1
1072,65,No title provided,5,1,General Petite,Dresses,Dresses,273,99.14,1
1121,49,Cute! but not a coat,4,3,General,Jackets,Outerwear,1009,109.42,1
944,47,Too much fabric,1,1,General Petite,Tops,Sweaters,3271,78.3,0
739,32,No title provided,4,7,Intimates,Intimate,Lounge,273,133.28,1
872,43,New go to tee,5,0,General,Tops,Knits,831,73.48,1
829,36,Pretry top,5,0,General,Tops,Blouses,325,47.9,1
828,37,So soft!,5,2,General Petite,Tops,Blouses,194,48.45,1
974,27,"Really soft, great jacket. not navy blue",5,5,General,Jackets,Jackets,489,125.76,1
1086,26,Love this!!!,5,6,General Petite,Dresses,Dresses,642,97.04,1
1083,62,Beautiful but overpriced,4,0,General,Dresses,Dresses,325,93.86,1
944,32,No title provided,5,0,General,Tops,Sweaters,673,78.3,1
1036,38,No title provided,2,0,General,Bottoms,Jeans,1079,104.34,0
1104,45,Perfect comfy black dress,5,0,General,Dresses,Dresses,376,96.28,1
820,38,Buy this!,5,0,General,Tops,Blouses,802,53.36,1
1110,29,Gorgeous,5,0,General,Dresses,Dresses,281,94.49,1
1054,42,Had high hopes,2,0,General,Bottoms,Pants,687,63.35,0
823,31,The perfect white top,5,1,General Petite,Tops,Blouses,710,47.13,1
872,66,Darling!,5,2,General,Tops,Knits,463,73.48,1
1125,51,Gorgeous coat,5,0,General Petite,Jackets,Outerwear,229,126.14,1
1020,50,Great design and fabric,5,7,General Petite,Bottoms,Skirts,225,60.91,1
460,41,Surprised by how much i like it,5,0,General,Bottoms,Shorts,527,45.02,1
1083,25,This dress makes me look 20 years younger,5,2,General,Dresses,Dresses,704,93.86,1
878,35,Cute!,4,0,General,Tops,Knits,299,69.9,1
1086,41,Beautiful dress!,5,14,General,Dresses,Dresses,704,97.04,1
907,74,Adorable!,5,6,General,Tops,Fine Gauge,327,42.56,1
863,39,Soft and comfy,5,0,General,Tops,Knits,826,70.52,1
834,40,Lovely top,5,0,General Petite,Tops,Blouses,197,49.52,1
314,21,No title provided,5,0,Intimates,Intimate,Swim,257,62.9,1
82,70,Glorious,5,0,Intimates,Intimate,Lounge,539,148.83,1
862,40,Great shirt but runs large,5,7,General Petite,Tops,Knits,541,73.64,1
1080,24,So short,3,0,General,Dresses,Dresses,484,92.12,0
870,30,No title provided,5,0,General,Tops,Knits,359,72.25,1
868,29,Nice shirt,5,5,General,Tops,Knits,291,68.12,1
1110,36,Fun and flowy,5,8,General,Dresses,Dresses,738,94.49,1
1081,43,Amazing design and unique style!,5,8,General Petite,Dresses,Dresses,528,91.73,1
1094,60,Disappointing,2,0,General Petite,Dresses,Dresses,1575,91.47,0
1001,34,No title provided,4,0,General,Bottoms,Skirts,789,60.71,1
109,39,I didn't realize this (used to) come in black...,4,2,Intimates,Intimate,Layering,697,54.22,1
883,65,Not sure,2,1,General Petite,Tops,Knits,253,78.22,0
451,54,Constantly needs adjusting,4,2,General Petite,Intimate,Lounge,668,66.6,0
869,37,Another fantastic top by meadow rue,5,2,General,Tops,Knits,375,66.54,1
1110,65,It's very cute,3,1,General Petite,Dresses,Dresses,925,94.49,0
1051,38,Soooooo comfortable,5,0,General Petite,Bottoms,Pants,702,78.63,1
1075,32,The most beautiful clothing item i own,5,1,General Petite,Dresses,Dresses,224,88.95,1
1081,62,Bummer!,2,2,General,Dresses,Dresses,1209,91.73,0
867,36,Lovely,4,0,General Petite,Tops,Knits,352,74.79,1
829,43,Small through shoulders,3,0,General,Tops,Blouses,256,47.9,0
862,76,No title provided,2,0,General Petite,Tops,Knits,763,73.64,0
1035,42,Not so flattering on the backside,2,0,General,Bottoms,Jeans,338,98.29,0
1104,41,Absolutely love this,5,8,General,Dresses,Dresses,340,96.28,1
1078,35,Super comfortable and cute,5,2,General,Dresses,Dresses,121,93.72,1
1009,31,Love,5,1,General,Bottoms,Skirts,846,57.29,1
1110,52,Perfect for the spring/summer,5,0,General,Dresses,Dresses,141,94.49,1
382,30,No title provided,5,0,Intimates,Intimate,Swim,518,50.94,1
1026,37,Planning on living in these!,5,6,General,Bottoms,Jeans,193,96.69,1
984,41,Looks great on the photo but was too big for me,1,0,General,Jackets,Jackets,2080,120.15,0
832,23,Unique design,4,1,General,Tops,Blouses,322,53.46,1
868,64,No title provided,4,0,General Petite,Tops,Knits,181,68.12,1
889,54,Quite soft but prone to pilling,4,0,General,Tops,Fine Gauge,883,47.1,1
865,23,Great shirt,5,0,General,Tops,Knits,169,71.54,1
932,43,Runs large,3,0,General,Tops,Sweaters,1069,96.24,1
985,45,My new fave!,5,4,General,Jackets,Jackets,579,128.35,1
872,23,Love!,5,0,General Petite,Tops,Knits,518,73.48,1
942,34,No title provided,2,1,General,Tops,Sweaters,1315,69.35,0
1099,44,True black & white staple,5,2,General,Dresses,Dresses,240,86.93,1
1087,87,No title provided,4,0,General Petite,Dresses,Dresses,484,91.71,1
860,44,No title provided,5,0,General,Tops,Knits,277,70.15,1
1086,42,Wanted to love but doesn't work,3,0,General,Dresses,Dresses,1280,97.04,0
604,32,Love these! exactly what i was looking for,5,1,General,Bottoms,Shorts,173,28.98,1
1097,37,Fun summer dress.,4,10,General,Dresses,Dresses,598,91.88,1
872,32,Indigo love!!,5,3,General Petite,Tops,Knits,614,73.48,1
1077,47,"Rich, beautiful colors, very low neckline",4,1,General,Dresses,Dresses,615,91.1,1
1081,49,Super comfortable,5,0,General Petite,Dresses,Dresses,630,91.73,1
1078,25,Cute and fun!,5,0,General,Dresses,Dresses,404,93.72,1
1078,55,Great dress!,4,0,General,Dresses,Dresses,943,93.72,1
1078,39,Cute summer dress!,4,0,General,Dresses,Dresses,120,93.72,1
1025,31,Not entirely as described,3,0,General Petite,Bottoms,Jeans,667,83.99,0
1094,35,Runs a little big for hd,4,0,General,Dresses,Dresses,662,91.47,1
1078,38,Makes you instantly feel like betty grable!,5,0,General Petite,Dresses,Dresses,334,93.72,1
865,37,Runs big,2,0,General,Tops,Knits,410,71.54,0
992,73,Too small,2,7,General,Bottoms,Skirts,1571,63.68,0
854,62,Sweet on embroidery,5,0,General,Tops,Knits,321,73.19,1
871,47,No title provided,1,14,General,Tops,Knits,2073,79.98,0
829,43,Pleasantly surprised by this black gem,5,0,General Petite,Tops,Blouses,286,47.9,1
1094,39,"Stretchy, soft",5,29,General,Dresses,Dresses,754,91.47,1
1078,45,Great dress,5,2,General,Dresses,Dresses,356,93.72,1
1072,56,So pretty!,4,0,General Petite,Dresses,Dresses,876,99.14,1
977,49,Fun and uniquely dramatically elegant,5,3,General Petite,Jackets,Jackets,356,118.57,1
1070,32,Best dress pant ever!,5,0,General,Bottoms,Pants,207,81.61,1
936,64,Love it!,4,0,General Petite,Tops,Sweaters,323,76.18,1
984,32,Several ways to wear,3,0,General,Jackets,Jackets,429,120.15,1
1033,69,Great jean - just runs big and stretches out,4,0,General Petite,Bottoms,Jeans,900,92.45,1
867,52,Cute top!,4,1,General,Tops,Knits,897,74.79,1
1094,23,Comfy and unique!,5,0,General Petite,Dresses,Dresses,328,91.47,1
861,23,Adorable top!,5,2,General Petite,Tops,Knits,263,72.0,1
877,54,Comfy but classy,5,0,General,Tops,Knits,786,76.05,1
824,47,"Unique, detailed - lovely!",4,0,General Petite,Tops,Blouses,405,50.91,1
895,35,Fabulous fabulous fabulous,5,0,General Petite,Tops,Fine Gauge,304,42.2,1
860,62,"Unusual, cool, fun top",5,0,General Petite,Tops,Knits,741,70.15,1
1104,44,Mixed bag,3,0,General Petite,Dresses,Dresses,177,96.28,0
969,83,Beautiful basic for rainy days,5,0,General Petite,Jackets,Jackets,494,133.46,1
833,55,Beautiful embroidered purple tank,5,2,General Petite,Tops,Blouses,182,49.96,1
1077,53,No title provided,5,8,General,Dresses,Dresses,755,91.1,0
940,61,Pilly,4,0,General,Tops,Sweaters,295,77.06,1
1095,36,Could be great-on someone else!,3,2,General Petite,Dresses,Dresses,710,93.07,1
1068,33,Absolutely beautiful!,5,11,General,Bottoms,Pants,432,76.56,1
829,66,Sweetest print,4,6,General Petite,Tops,Blouses,637,47.9,1
850,37,Cute,5,3,General Petite,Tops,Blouses,675,49.55,1
861,47,Great top!,5,0,General,Tops,Knits,664,72.0,1
286,40,Wowser,5,1,Intimates,Intimate,Swim,584,79.04,1
945,32,No title provided,4,0,General,Tops,Sweaters,373,79.07,1
494,38,Adorable,3,5,General,Bottoms,Shorts,858,42.94,0
1059,34,Cute pant,5,0,General,Bottoms,Pants,190,80.22,1
1022,45,Jeans are the best!!!,5,0,General,Bottoms,Jeans,490,86.44,1
865,34,Cream colored,2,0,General,Tops,Knits,662,71.54,1
144,29,No title provided,5,0,Intimates,Intimate,Legwear,632,97.09,1
1078,46,Extremely awkward,1,9,General,Dresses,Dresses,3600,93.72,0
1098,34,Gorgeous dress,5,1,General,Dresses,Dresses,739,98.21,1
1081,45,Pretty patchwork!,5,8,General,Dresses,Dresses,829,91.73,1
1084,49,Color,4,0,General,Dresses,Dresses,742,94.59,1
1059,56,No title provided,4,1,General,Bottoms,Pants,980,80.22,1
1094,34,Not as depicted,1,13,General Petite,Dresses,Dresses,423,91.47,0
986,52,Perfection,5,4,General,Jackets,Jackets,229,125.48,1
834,39,Nice and feminine flowy top,5,11,General Petite,Tops,Blouses,439,49.52,1
1072,53,Pretty tunic,5,1,General,Dresses,Dresses,694,99.14,1
404,36,Cute suit but order a size (or two!) up!,4,4,Intimates,Intimate,Swim,333,72.87,1
867,29,Elevated basic,5,0,General Petite,Tops,Knits,368,74.79,1
829,34,Little house on the prairie top,2,0,General Petite,Tops,Blouses,520,47.9,1
1020,49,Love the flow and hem on this skirt,5,11,General,Bottoms,Skirts,566,60.91,1
865,38,Cute...,4,0,General,Tops,Knits,376,71.54,1
860,46,Wish it was longer length,3,0,General,Tops,Knits,652,70.15,0
868,40,Cute casual top,4,2,General,Tops,Knits,299,68.12,1
872,54,Great light weight sweater!,5,0,General,Tops,Knits,791,73.48,1
1033,45,Cute pants,4,5,General Petite,Bottoms,Jeans,775,92.45,1
985,26,Fun spring accessory,5,0,General Petite,Jackets,Jackets,420,128.35,1
719,32,Beautiful flowy vacation dress,4,0,Intimates,Intimate,Lounge,679,89.44,1
877,48,Cute shirt,5,1,General,Tops,Knits,494,76.05,1
1074,60,Just makes me feel happy!,5,6,General,Dresses,Dresses,284,100.37,1
840,73,On its way back to retailer,1,1,General,Tops,Blouses,1493,53.82,0
1028,41,New favorite jeans!!,5,3,General,Bottoms,Jeans,206,79.71,1
859,45,No title provided,5,0,General,Tops,Knits,667,66.13,1
642,67,Comfort and style in one pant!,5,1,Intimates,Intimate,Lounge,145,115.57,1
865,33,Love this top!,5,0,General,Tops,Knits,499,71.54,1
1059,38,Not got us curvy girls,4,1,General,Bottoms,Pants,151,80.22,1
1035,43,Pleasant surprise,5,4,General,Bottoms,Jeans,613,98.29,1
829,58,A wardrobe must have,5,0,General,Tops,Blouses,485,47.9,1
834,70,This tunic fits perfectly!,5,0,General,Tops,Blouses,406,49.52,1
820,40,Perfect party top,5,1,General,Tops,Blouses,406,53.36,1
1002,58,Versital and comfortable,5,0,General,Bottoms,Skirts,744,58.5,1
850,63,Almost,2,7,General,Tops,Blouses,446,49.55,0
1064,46,I wanted to love it.,3,0,General,Bottoms,Pants,1081,90.43,0
828,29,Wonderful fall button-down,4,0,General,Tops,Blouses,628,48.45,1
868,34,Nice shirt but runs wide,4,0,General,Tops,Knits,234,68.12,1
862,31,No title provided,2,0,General Petite,Tops,Knits,1049,73.64,0
829,44,Amazing. must have top!,5,3,General Petite,Tops,Blouses,435,47.9,1
717,70,Comfortable,4,1,General,Bottoms,Shorts,1016,53.77,1
862,43,No title provided,5,0,General,Tops,Knits,375,73.64,1
240,25,"Cute print, but didn't fit quite right",4,1,Intimates,Intimate,Swim,455,73.62,0
1080,34,Foiled once again by my petite-ness,3,2,General,Dresses,Dresses,822,92.12,1
829,55,Love this top!!,5,1,General,Tops,Blouses,674,47.9,1
1096,67,Feminine professional look,5,5,General,Dresses,Dresses,745,90.16,1
872,83,Pretty but runs huge!,3,11,General,Tops,Knits,522,73.48,1
862,37,Beautiful and flattering,5,0,General Petite,Tops,Knits,544,73.64,1
828,30,"Cute fabric, but odd cut",3,0,General,Tops,Blouses,414,48.45,0
1110,39,Perfection!,5,0,General Petite,Dresses,Dresses,640,94.49,1
863,42,Gorgeous!,5,2,General Petite,Tops,Knits,748,70.52,1
828,83,So wanted to love.....,1,16,General,Tops,Blouses,2895,48.45,0
828,57,Falls to the back.,4,0,General,Tops,Blouses,448,48.45,1
862,34,Love this!,5,0,General Petite,Tops,Knits,410,73.64,1
1033,53,No title provided,5,0,General,Bottoms,Jeans,131,92.45,1
826,35,Too flowy,2,0,General Petite,Tops,Blouses,1055,47.75,0
1111,31,"Bold color, trendy dress",5,0,General,Dresses,Dresses,188,104.78,1
815,68,"Very pretty, but . . .",4,0,General,Tops,Blouses,113,47.28,1
1121,29,Classy stylish coat,4,2,General,Jackets,Outerwear,747,109.42,1
1088,60,"Soft, but faded",3,4,General,Dresses,Dresses,1101,77.19,0
1059,65,Great summer pant!,4,8,General,Bottoms,Pants,1029,80.22,1
1081,43,Fun breeze,4,3,General Petite,Dresses,Dresses,956,91.73,1
833,45,Pretty but,4,15,General,Tops,Blouses,795,49.96,1
282,48,Great casual short,5,22,General,Bottoms,Shorts,784,34.65,1
1095,24,"Casual, cute, easy",5,0,General,Dresses,Dresses,264,93.07,1
850,60,Not so flattering top,3,0,General Petite,Tops,Blouses,832,49.55,0
1086,39,"Love, but zipper broke 1st wear",4,3,General Petite,Dresses,Dresses,545,97.04,1
996,48,Lovely coins in a fountain,5,1,General Petite,Bottoms,Skirts,182,60.63,1
144,65,Love the color!,5,3,Intimates,Intimate,Legwear,616,97.09,1
869,24,Soft and flattering,5,2,General,Tops,Knits,699,66.54,1
461,23,Perfect cover-up,5,0,Intimates,Intimate,Swim,575,43.85,1
829,36,Cute,4,0,General,Tops,Blouses,455,47.9,1
936,22,Loved it!,5,0,General Petite,Tops,Sweaters,351,76.18,1
1110,49,Fun swingy black dress,4,0,General,Dresses,Dresses,986,94.49,1
1081,34,No title provided,5,4,General Petite,Dresses,Dresses,710,91.73,1
1078,50,Love this dress!!,5,0,General Petite,Dresses,Dresses,263,93.72,1
1083,53,Best for staright figures,4,3,General,Dresses,Dresses,851,93.86,1
1110,31,"Cute dress, quality is only ok",4,0,General,Dresses,Dresses,258,94.49,1
862,42,"Cute, flattering and comfortable",4,2,General,Tops,Knits,320,73.64,1
1094,42,Very flattering!,5,0,General,Dresses,Dresses,563,91.47,1
1098,68,No title provided,4,0,General Petite,Dresses,Dresses,290,98.21,1
1110,50,Bulky,2,1,General,Dresses,Dresses,1837,94.49,0
890,43,No title provided,5,0,General,Tops,Fine Gauge,257,37.31,1
909,45,"So soft, but sheds so much!",4,0,General,Tops,Fine Gauge,882,44.64,1
983,65,Trendy alternative to jean jacket.,5,0,General,Jackets,Jackets,734,143.4,1
903,49,"So soft, but the pieces don't fit",3,0,General Petite,Tops,Fine Gauge,590,42.72,0
862,30,Love this top,5,2,General Petite,Tops,Knits,440,73.64,1
474,62,No title provided,5,0,General,Bottoms,Shorts,693,52.96,1
1088,56,No title provided,5,1,General,Dresses,Dresses,677,77.19,1
1110,63,No title provided,5,0,General,Dresses,Dresses,163,94.49,1
975,30,Beautiful jacket and well made....,5,0,General Petite,Jackets,Jackets,505,128.22,0
861,65,Very soft fabric but size down,4,1,General,Tops,Knits,821,72.0,1
895,30,Sent to me damaged,2,0,General,Tops,Fine Gauge,633,42.2,1
1094,24,A head turner!,5,0,General,Dresses,Dresses,581,91.47,1
872,39,Super soft way to change up a basic outfit!,5,0,General,Tops,Knits,809,73.48,1
834,25,"Simple, classic top",5,0,General,Tops,Blouses,248,49.52,1
863,67,Super cute and comfy,5,0,General Petite,Tops,Knits,126,70.52,1
1086,38,Very flattering!,5,12,General,Dresses,Dresses,459,97.04,1
834,35,Flattering,5,0,General,Tops,Blouses,276,49.52,1
873,58,Flattering shape,5,0,General,Tops,Knits,683,75.3,1
1098,32,So disappointed :(,3,0,General,Dresses,Dresses,837,98.21,0
427,35,Loooooooove it,5,2,Intimates,Intimate,Lounge,838,58.03,1
966,33,Happy :)),5,0,General,Jackets,Jackets,333,114.3,1
836,65,Cute but ...,3,0,General,Tops,Blouses,249,52.71,0
1081,52,Runs really small,2,57,General Petite,Dresses,Dresses,515,91.73,0
975,45,Love this jacket!!!,5,1,General Petite,Jackets,Jackets,219,128.22,1
813,28,Cute and comfy,4,0,Intimates,Intimate,Sleep,909,23.62,1
965,34,Perfect for work,5,7,General,Jackets,Jackets,194,117.52,1
823,34,Not so flattering.,2,0,General,Tops,Blouses,940,47.13,0
1083,36,Seriously wonderful dress!,5,11,General,Dresses,Dresses,795,93.86,1
873,57,No title provided,5,1,General,Tops,Knits,236,75.3,1
1083,43,Another beautiful byron lars,5,0,General,Dresses,Dresses,373,93.86,1
1059,50,Very unflattering!,2,1,General,Bottoms,Pants,1700,80.22,0
936,34,Cute layering option for fall,4,3,General,Tops,Sweaters,297,76.18,1
988,30,Cute but some major flaws,3,10,General,Bottoms,Skirts,1067,56.33,0
1081,48,Comfort and style,4,0,General Petite,Dresses,Dresses,861,91.73,1
830,35,Recommend with one comment,4,0,General,Tops,Blouses,376,48.89,1
1037,41,Unique black pants,4,0,General,Bottoms,Jeans,186,83.76,1
872,51,Vibrant red color,5,1,General,Tops,Knits,591,73.48,1
1080,39,"Red ""evanthe"" dress",4,1,General,Dresses,Dresses,761,92.12,1
1037,41,Awesome retro cords!,5,0,General,Bottoms,Jeans,698,83.76,1
1080,39,Zipper broke when tried on but,4,9,General Petite,Dresses,Dresses,350,92.12,1
1099,43,Love this dress!!!,5,0,General Petite,Dresses,Dresses,358,86.93,1
1076,46,Didn't fit right,4,2,General Petite,Dresses,Dresses,657,101.83,1
1081,33,No title provided,5,10,General Petite,Dresses,Dresses,238,91.73,1
833,53,Just beautiful,5,8,General,Tops,Blouses,355,49.96,1
283,37,Very flattering shirt,5,0,Intimates,Intimate,Lounge,633,122.48,1
828,53,Loved this shirt - but only in navy,5,17,General,Tops,Blouses,438,48.45,1
251,34,No title provided,3,0,Intimates,Intimate,Lounge,1007,119.01,1
1085,50,Runs very small,3,2,General,Dresses,Dresses,1231,97.95,0
625,49,"Vintage beauty, but runs short",4,0,Intimates,Intimate,Swim,641,62.65,1
1094,56,Love,5,0,General Petite,Dresses,Dresses,416,91.47,1
829,56,This one falls short,3,8,General Petite,Tops,Blouses,907,47.9,0
835,34,Great for layering at work,4,0,General,Tops,Blouses,870,52.93,1
1083,22,No title provided,5,0,General,Dresses,Dresses,186,93.86,1
1059,52,Dress them up or down,5,5,General,Bottoms,Pants,354,80.22,1
864,47,No title provided,1,0,General,Tops,Knits,2217,70.18,0
933,48,Oh so soft!,5,4,General Petite,Tops,Sweaters,656,80.9,1
937,66,Keeper,5,3,General,Tops,Sweaters,265,68.37,1
639,47,No title provided,5,7,General Petite,Intimate,Lounge,206,86.25,1
866,62,No title provided,4,2,General,Tops,Knits,517,77.38,1
1094,44,Black and white is adorable,5,1,General,Dresses,Dresses,700,91.47,1
1047,63,More than a jogger,5,0,General Petite,Bottoms,Pants,215,80.12,1
1098,54,No title provided,4,0,General Petite,Dresses,Dresses,236,98.21,1
947,38,Great sweater!,4,3,General,Tops,Sweaters,651,95.98,1
1079,41,No title provided,5,0,General,Dresses,Dresses,646,89.22,1
1095,27,No title provided,5,2,General Petite,Dresses,Dresses,182,93.07,1
820,38,Retailer from the days of yore and yesteryear,5,1,General,Tops,Blouses,507,53.36,1
1085,22,Awesome flare!,5,1,General Petite,Dresses,Dresses,195,97.95,1
860,64,So adorable!,5,12,General,Tops,Knits,756,70.15,1
1056,28,Perfect pant,5,1,General,Bottoms,Pants,548,74.82,1
1078,62,Bought every color,5,0,General,Dresses,Dresses,613,93.72,1
1110,23,Beautiful!,5,0,General Petite,Dresses,Dresses,188,94.49,1
964,37,Very versatile,5,2,General,Jackets,Jackets,485,125.65,1
1084,39,"Pretty, thinner fabric than expected",4,0,General,Dresses,Dresses,361,94.59,1
1083,32,Showstopper!,5,0,General,Dresses,Dresses,719,93.86,1
940,34,Wanted to love this,1,1,General,Tops,Sweaters,2727,77.06,0
1083,50,No title provided,4,4,General,Dresses,Dresses,641,93.86,1
1066,60,No title provided,4,8,General Petite,Bottoms,Pants,667,73.42,1
916,37,In love,5,5,General,Tops,Fine Gauge,716,49.22,1
1098,48,"Unique style, with comfy fit",5,0,General,Dresses,Dresses,756,98.21,1
867,34,No title provided,5,0,General,Tops,Knits,160,74.79,1
835,56,Gorgeous top!,5,0,General,Tops,Blouses,788,52.93,1
1086,37,"Beautiful, light",4,6,General,Dresses,Dresses,997,97.04,1
844,19,"Cute design, poor quality",3,4,General,Tops,Blouses,1249,58.97,0
936,42,Beautiful coat,5,0,General,Tops,Sweaters,461,76.18,1
1068,64,Great pants but huge,4,0,General,Bottoms,Pants,654,76.56,1
1104,28,Fit weird,3,1,General Petite,Dresses,Dresses,885,96.28,0
1024,54,Cute and trendy,5,0,General,Bottoms,Jeans,766,89.76,1
1094,36,Lovely,4,1,General Petite,Dresses,Dresses,320,91.47,1
863,58,Cute tee,4,4,General,Tops,Knits,344,70.52,1
1008,43,Gorgeous!,5,0,General Petite,Bottoms,Skirts,120,61.13,1
828,32,Order a size down,4,13,General,Tops,Blouses,512,48.45,1
1107,47,Runs way too large - so bummed to return!,3,0,General Petite,Dresses,Dresses,918,89.65,1
1022,57,Perfect pair!!,5,0,General,Bottoms,Jeans,161,86.44,1
895,20,Absolutely lovely,5,0,General Petite,Tops,Fine Gauge,618,42.2,1
1008,66,Great skirt,5,1,General,Bottoms,Skirts,489,61.13,1
1082,29,Ripped before i could even wear it,1,3,General,Dresses,Dresses,732,92.41,0
868,39,Works if you're broad shouldered,3,22,General,Tops,Knits,710,68.12,1
960,46,Vest love!,5,0,General,Jackets,Jackets,429,120.35,1
1078,28,No title provided,5,0,General Petite,Dresses,Dresses,796,93.72,1
1078,26,This dress is perfect for summer!,5,0,General,Dresses,Dresses,431,93.72,1
938,34,No title provided,4,0,General Petite,Tops,Sweaters,708,63.51,1
1081,29,Meh...,3,1,General,Dresses,Dresses,309,91.73,0
1009,31,Gorgeous and happy,5,3,General,Bottoms,Skirts,532,57.29,1
1008,33,Great skirt,5,4,General,Bottoms,Skirts,256,61.13,1
1094,44,Just wow!,5,5,General,Dresses,Dresses,485,91.47,1
375,48,Casual and slimming,5,0,Intimates,Intimate,Lounge,274,97.48,1
921,41,Best suited as a beach cover-up,3,3,General,Tops,Sweaters,1205,73.65,1
833,51,Bright but boxy,5,4,General,Tops,Blouses,795,49.96,1
275,34,Like wearing a hug,5,0,Intimates,Intimate,Lounge,482,114.54,1
1110,38,Way too big,3,1,General,Dresses,Dresses,722,94.49,1
124,63,A little disappointing... :(,3,0,Intimates,Intimate,Sleep,265,34.44,0
862,77,Will not stay down,1,0,General,Tops,Knits,528,73.64,0
831,55,Retailer like it used to be!,5,0,General,Tops,Blouses,378,47.37,1
872,31,Details and versatility,5,0,General Petite,Tops,Knits,419,73.48,1
717,26,Fun & easy shorts!,5,0,General,Bottoms,Shorts,685,53.77,1
909,46,Great best sweater,4,0,General Petite,Tops,Fine Gauge,850,44.64,1
1094,39,Bof (blah),3,1,General,Dresses,Dresses,1083,91.47,1
829,59,Pretty detail,4,1,General Petite,Tops,Blouses,477,47.9,1
520,39,Ok for the price,4,7,Intimates,Intimate,Layering,501,101.42,1
1078,36,The best,5,2,General,Dresses,Dresses,258,93.72,1
1100,39,Ok,4,0,General Petite,Dresses,Dresses,578,101.02,1
873,27,Perfect shirt for all occasions,5,1,General,Tops,Knits,754,75.3,1
866,35,"Very cute, challenging fit",3,5,General,Tops,Knits,1054,77.38,0
778,42,"Beautiful print, so comfy!",5,0,Intimates,Intimate,Lounge,497,109.52,1
1047,58,Bought the neutral today,4,1,General Petite,Bottoms,Pants,336,80.12,1
878,31,Super soft,5,0,General,Tops,Knits,468,69.9,1
865,30,Great top for a great price!,5,2,General Petite,Tops,Knits,587,71.54,1
897,29,I want to love it!,3,2,General,Tops,Fine Gauge,941,40.52,1
335,35,No title provided,5,3,General Petite,Intimate,Lounge,400,93.02,1
903,68,Light for the south,5,3,General Petite,Tops,Fine Gauge,724,42.72,1
155,40,Cozy,4,0,Intimates,Intimate,Legwear,870,62.77,1
963,33,"Good idea, looks so cheap",2,1,General,Jackets,Jackets,1402,85.48,0
857,37,No title provided,5,6,General,Tops,Knits,254,75.61,1
854,36,Very cute!!,5,3,General Petite,Tops,Knits,377,73.19,1
836,34,Great twist on a classic,4,0,General Petite,Tops,Blouses,672,52.71,1
824,21,Terrible,1,0,General Petite,Tops,Blouses,765,50.91,0
927,61,Perfect fall sweater,5,0,General,Tops,Sweaters,481,78.48,1
820,55,No title provided,5,0,General,Tops,Blouses,430,53.36,1
1110,48,Keep throwing it on!,5,1,General,Dresses,Dresses,632,94.49,1
584,44,No title provided,4,1,Intimates,Intimate,Swim,561,76.08,1
1056,32,Love these,5,0,General Petite,Bottoms,Pants,611,74.82,1
867,28,So soft!,5,0,General Petite,Tops,Knits,473,74.79,1
940,33,Everything i'd hoped.,5,7,General,Tops,Sweaters,346,77.06,1
838,65,If you love cotton and feminine details...,5,10,General,Tops,Blouses,762,45.19,1
941,52,Versitile tank,4,0,General,Tops,Sweaters,531,73.85,1
879,59,No title provided,5,1,General,Tops,Knits,809,73.13,1
917,46,Very unique top,4,0,General,Tops,Fine Gauge,297,33.69,1
1078,54,"Overall great dress, runs small",4,0,General Petite,Dresses,Dresses,518,93.72,1
190,39,Super cute & comfy,5,3,General Petite,Intimate,Lounge,452,79.81,1
1033,47,Disappointing,3,3,General,Bottoms,Jeans,612,92.45,0
1060,59,Flattering!,5,0,General,Bottoms,Pants,544,75.43,1
833,39,"Love the color, but not the fit",3,1,General,Tops,Blouses,438,49.96,1
815,43,So feminine!,5,2,General Petite,Tops,Blouses,390,47.28,1
842,26,Nice top but fabric not that good,3,0,General,Tops,Blouses,405,50.25,0
927,35,Disappointed,3,0,General Petite,Tops,Sweaters,398,78.48,0
1111,27,Love love love!,5,4,General Petite,Dresses,Dresses,629,104.78,1
836,31,"Cute idea, bad cut",3,14,General Petite,Tops,Blouses,782,52.71,0
936,69,"Fantastic piece - very timeless, great color",5,2,General,Tops,Sweaters,225,76.18,1
1033,43,A great look but not as shown online.,4,1,General Petite,Bottoms,Jeans,406,92.45,1
1009,42,Love it,4,0,General,Bottoms,Skirts,247,57.29,1
1149,33,Makes me feel feminine,5,2,General Petite,Dresses,Dresses,481,79.48,1
1074,42,Beautiful fabric,2,2,General,Dresses,Dresses,862,100.37,1
862,63,Perfect all seasons,5,0,General,Tops,Knits,397,73.64,1
1052,25,"Yes to love, yes to life, yes to these pants",5,0,General,Bottoms,Pants,517,72.58,1
831,34,Great piece,5,1,General,Tops,Blouses,526,47.37,1
1086,40,No title provided,5,5,General Petite,Dresses,Dresses,141,97.04,1
1078,26,Fun day dress,4,2,General,Dresses,Dresses,293,93.72,1
1121,42,Beautiful but odd sizing,2,3,General,Jackets,Outerwear,1725,109.42,0
1078,25,This is a gorgeous dress. the blue is beautiful,5,3,General,Dresses,Dresses,260,93.72,1
840,26,Perfect seasonal transition top,5,1,General,Tops,Blouses,356,53.82,1
986,40,Beautiful but won't last!,1,1,General,Jackets,Jackets,2331,125.48,0
895,56,Beautiful cardy,4,0,General,Tops,Fine Gauge,286,42.2,1
850,37,Comfortable style,5,0,General,Tops,Blouses,574,49.55,1
857,46,Red version in xl is perfect,5,0,General,Tops,Knits,467,75.61,1
1053,33,Not for petites,4,0,General,Bottoms,Pants,392,78.71,1
1110,36,A stunner,5,0,General,Dresses,Dresses,796,94.49,1
1049,38,No title provided,2,3,General,Bottoms,Pants,1529,93.2,0
1039,39,Not the same jean,2,0,General,Bottoms,Jeans,1872,101.23,0
1078,60,Adorable girly dress,5,5,General,Dresses,Dresses,361,93.72,1
965,41,No title provided,5,1,General,Jackets,Jackets,97,117.52,1
1094,26,Disappointing,2,20,General Petite,Dresses,Dresses,280,91.47,0
871,35,Plan to size way up,2,11,General,Tops,Knits,1801,79.98,0
829,46,"Size 16 cut inconsistently, too small",1,3,General,Tops,Blouses,3140,47.9,0
537,54,Great quality; on the warmer side,4,3,General,Bottoms,Shorts,391,31.94,1
1162,41,Love,5,0,Intimates,Intimate,Lounge,626,110.31,1
850,54,No title provided,1,0,General,Tops,Blouses,923,49.55,1
984,45,Perfect jean jacket,5,1,General Petite,Jackets,Jackets,235,120.15,1
868,43,No title provided,5,1,General,Tops,Knits,503,68.12,1
1036,38,Lovely jean,5,3,General,Bottoms,Jeans,674,104.34,1
1033,45,Super comfortable and stylish,5,0,General Petite,Bottoms,Jeans,418,92.45,1
984,66,This jacket has it all.....,5,26,General,Jackets,Jackets,253,120.15,1
1110,56,Not a swing dress,5,0,General,Dresses,Dresses,531,94.49,1
837,35,Nice but....,3,1,General,Tops,Blouses,635,55.15,1
569,64,No title provided,1,13,General,Trend,Trend,3337,83.6,0
861,41,Cute spin on a basic tee,5,5,General,Tops,Knits,816,72.0,1
1022,48,These are a hit!,5,3,General,Bottoms,Jeans,296,86.44,1
907,57,Love it but.....,3,0,General,Tops,Fine Gauge,974,42.56,1
849,26,Very pretty but very small,4,1,General Petite,Tops,Blouses,750,69.42,1
872,34,No title provided,5,3,General Petite,Tops,Knits,514,73.48,1
996,74,Darker in person,4,3,General Petite,Bottoms,Skirts,526,60.63,1
829,43,No title provided,5,0,General,Tops,Blouses,630,47.9,1
1009,44,Petite sizing?,4,39,General,Bottoms,Skirts,454,57.29,1
872,54,"Soft, fun, gorgeous",5,7,General Petite,Tops,Knits,445,73.48,1
270,41,Gorgeous!,5,0,Intimates,Intimate,Swim,440,58.78,1
984,27,New favorite,5,1,General Petite,Jackets,Jackets,628,120.15,1
867,23,Pretty but boxy,4,0,General Petite,Tops,Knits,625,74.79,1
895,51,Not for short wasted imo,3,0,General Petite,Tops,Fine Gauge,173,42.2,0
1078,39,Into the west,5,3,General,Dresses,Dresses,503,93.72,1
855,53,Cute top,4,2,General Petite,Tops,Knits,629,76.66,1
376,51,Beautiful for 1 day,3,9,Intimates,Intimate,Lounge,1172,132.93,0
1078,41,Love it!,5,1,General,Dresses,Dresses,748,93.72,1
873,60,Cute black t-shirt,4,4,General Petite,Tops,Knits,449,75.3,1
823,43,Great if you are thin!,2,0,General,Tops,Blouses,423,47.13,0
1075,53,Nice summer piece,5,8,General Petite,Dresses,Dresses,368,88.95,1
996,37,Flairs out at bottom,3,2,General,Bottoms,Skirts,249,60.63,0
861,46,Great fit & colors & style!,4,0,General,Tops,Knits,453,72.0,1
1081,23,Absolutely gorgeous,4,0,General Petite,Dresses,Dresses,908,91.73,1
1096,22,Love,5,0,General,Dresses,Dresses,771,90.16,1
862,64,Easy tank and perfect price!,5,3,General,Tops,Knits,283,73.64,1
949,67,Lovely top,5,14,General,Tops,Sweaters,790,72.49,1
1034,24,Stop reading this and just buy them!,5,2,General Petite,Bottoms,Jeans,389,83.54,1
1042,37,Really cute!,5,1,General,Bottoms,Pants,191,95.1,1
1009,31,Girls with hips - size up!,4,4,General Petite,Bottoms,Skirts,318,57.29,1
40,39,Pretty and feminine,5,0,Intimates,Intimate,Intimates,730,72.05,1
872,63,Quality questionable,3,0,General,Tops,Knits,939,73.48,0
1135,66,Simply amazing,5,0,General,Trend,Trend,581,69.39,1
308,35,"Great fit, comfortable, flashy",5,3,Intimates,Intimate,Lounge,499,128.44,1
237,38,Beautiful suit,5,0,Intimates,Intimate,Swim,265,55.45,1
860,57,Not impressed,3,0,General,Tops,Knits,261,70.15,0
868,38,No title provided,5,8,General,Tops,Knits,534,68.12,1
933,41,Gorgeous with a great fit,5,0,General,Tops,Sweaters,248,80.9,1
895,31,Enormous,1,6,General Petite,Tops,Fine Gauge,1221,42.2,0
1065,46,On the fence,3,16,General,Bottoms,Pants,779,58.47,1
1025,65,Truly worth every penny!,5,0,General,Bottoms,Jeans,317,83.99,1
868,66,Is this top for 2 people?,3,0,General,Tops,Knits,813,68.12,0
1098,38,So cute but tight!,3,3,General Petite,Dresses,Dresses,966,98.21,0
1078,42,No title provided,1,26,General Petite,Dresses,Dresses,2470,93.72,0
839,48,Shirt looks better than in the photo,4,2,General,Tops,Blouses,305,50.7,1
974,48,Stylish jacket but runs small,5,0,General Petite,Jackets,Jackets,274,125.76,1
936,24,Amazing fit!,5,4,General Petite,Tops,Sweaters,169,76.18,1
868,35,Comfortable casual tank,3,1,General,Tops,Knits,1244,68.12,1
820,37,Shrunk terribly!,2,3,General,Tops,Blouses,348,53.36,0
501,41,No title provided,5,3,Intimates,Intimate,Sleep,342,39.36,1
1083,26,No title provided,4,4,General,Dresses,Dresses,560,93.86,1
1088,37,A winner for me,4,2,General Petite,Dresses,Dresses,527,77.19,1
1086,53,Cute but thin,3,10,General,Dresses,Dresses,498,97.04,1
438,23,No title provided,3,8,General,Bottoms,Shorts,938,58.81,0
927,45,Unique and beautiful but no pockets!,5,1,General Petite,Tops,Sweaters,344,78.48,1
875,66,My dreams were dashed...,3,0,General,Tops,Knits,459,72.72,0
1095,30,Runs true to size,4,1,General,Dresses,Dresses,321,93.07,1
460,48,Too narrow for this romper,3,0,General,Bottoms,Shorts,1034,45.02,1
1081,34,No title provided,5,0,General,Dresses,Dresses,142,91.73,1
1020,30,Blue and white for the win!,5,3,General,Bottoms,Skirts,413,60.91,1
1008,35,Softest fabric ever,5,0,General,Bottoms,Skirts,776,61.13,1
850,52,"Love, love, love this tunic!",5,1,General,Tops,Blouses,214,49.55,1
964,28,Very cute until washed!,5,2,General Petite,Jackets,Jackets,820,125.65,1
350,33,Man shorts,1,9,General,Bottoms,Shorts,938,43.34,0
949,33,Cool sweater vest,5,0,General Petite,Tops,Sweaters,292,72.49,1
863,47,I wish they would redo,2,10,General,Tops,Knits,390,70.52,0
862,57,Fit is slimming,5,1,General,Tops,Knits,672,73.64,1
611,29,Flattering romper,4,3,General Petite,Bottoms,Pants,196,77.38,1
860,50,Totally see-through!,3,5,General,Tops,Knits,930,70.15,0
1078,43,"Cute, versatile dress",4,1,General,Dresses,Dresses,467,93.72,1
1081,27,Great dress,5,5,General Petite,Dresses,Dresses,543,91.73,1
1046,41,Nice design but high maintenance fabric,3,1,General,Bottoms,Pants,543,77.37,0
1094,30,Sexy comfort!,4,1,General,Dresses,Dresses,256,91.47,1
1116,54,Cute but super small,4,1,General,Jackets,Outerwear,456,112.45,1
823,39,"Pretty in picture; but, disappointing in reality",3,0,General,Tops,Blouses,181,47.13,0
873,59,Comfy,4,0,General,Tops,Knits,932,75.3,1
1078,26,Beautiful fit!,5,23,General,Dresses,Dresses,613,93.72,1
1087,52,Swimming in fabric,1,0,General Petite,Dresses,Dresses,1753,91.71,0
1131,36,Stylish jacket,3,2,General,Jackets,Outerwear,853,134.76,1
1078,33,Great transitional dress!,5,2,General Petite,Dresses,Dresses,410,93.72,1
936,54,Cute but poorly made,2,21,General,Tops,Sweaters,1037,76.18,0
1084,33,No title provided,5,3,General,Dresses,Dresses,740,94.59,1
877,30,Great!,5,4,General Petite,Tops,Knits,767,76.05,1
1081,46,Pretty & comfy dress,4,2,General,Dresses,Dresses,794,91.73,1
641,52,Pretty cover up,4,8,General Petite,Intimate,Lounge,576,99.49,1
1081,41,No title provided,5,15,General,Dresses,Dresses,343,91.73,1
1008,62,This skirt looks better in person,4,0,General,Bottoms,Skirts,507,61.13,1
860,40,Gorgeous top!,5,0,General,Tops,Knits,710,70.15,1
1056,42,Versatile pant,5,0,General Petite,Bottoms,Pants,171,74.82,1
862,43,More beautiful in person,5,1,General Petite,Tops,Knits,235,73.64,1
1076,49,Sexy and comfortable,5,0,General,Dresses,Dresses,504,101.83,1
1082,57,Another winner from isabella sinclair,5,10,General,Dresses,Dresses,755,92.41,1
866,58,No title provided,1,2,General Petite,Tops,Knits,2590,77.38,0
829,38,Very flattering fit,5,2,General Petite,Tops,Blouses,450,47.9,1
867,45,Gorgeous sweater!,5,0,General Petite,Tops,Knits,813,74.79,1
243,26,Favorite pjs,5,0,Intimates,Intimate,Sleep,3590,18.51,1
868,26,Purchase immediately,5,3,General,Tops,Knits,576,68.12,1
1054,27,Chic harem pants,5,0,General,Bottoms,Pants,556,63.35,1
1068,45,Not for tall people,4,2,General,Bottoms,Pants,767,76.56,1
1104,35,"I like this piece, but read on for a few notes",3,2,General,Dresses,Dresses,552,96.28,1
862,46,Looks great on me,5,0,General,Tops,Knits,718,73.64,1
829,37,Very bulky at the bottom,2,2,General,Tops,Blouses,1303,47.9,0
834,43,No title provided,5,0,General,Tops,Blouses,150,49.52,1
1085,22,"Super cute, great for a wedding",5,1,General Petite,Dresses,Dresses,120,97.95,1
1078,56,Love it!,5,0,General Petite,Dresses,Dresses,310,93.72,1
820,46,Bravo!,5,0,General,Tops,Blouses,391,53.36,1
997,49,Beautiful!,5,0,General Petite,Bottoms,Skirts,327,61.18,1
1074,41,Fall dress,4,0,General,Dresses,Dresses,676,100.37,1
167,30,The best shorts!,5,0,General,Bottoms,Shorts,272,39.55,1
1077,23,Not for the uber-curvy,3,1,General,Dresses,Dresses,239,91.1,1
1078,47,No title provided,5,0,General Petite,Dresses,Dresses,471,93.72,1
863,44,No title provided,4,11,General Petite,Tops,Knits,179,70.52,1
854,56,"Very cute, but tight sleeves",4,0,General,Tops,Knits,545,73.19,1
996,39,No title provided,4,1,General Petite,Bottoms,Skirts,621,60.63,1
1066,26,Super flattering,5,0,General,Bottoms,Pants,208,73.42,1
1044,75,No title provided,4,0,General,Bottoms,Pants,369,75.37,1
828,41,Not for the broad shouldered,4,9,General,Tops,Blouses,632,48.45,0
868,33,Just ok,3,1,General,Tops,Knits,800,68.12,0
1098,61,Looks like a babydoll dress,3,0,General,Dresses,Dresses,702,98.21,0
316,28,Unfortunate!!,3,1,General,Bottoms,Shorts,642,41.54,0
855,57,Comfy go-to cardigan,5,0,General,Tops,Knits,620,76.66,1
993,37,Great color combo and fabric,4,0,General,Bottoms,Skirts,463,58.25,1
903,44,Sending this one back,1,5,General Petite,Tops,Fine Gauge,3429,42.72,0
895,56,No title provided,5,0,General Petite,Tops,Fine Gauge,776,42.2,1
875,50,Super cute,5,1,General,Tops,Knits,194,72.72,1
857,36,No title provided,3,0,General Petite,Tops,Knits,1106,75.61,0
1022,36,No title provided,5,0,General,Bottoms,Jeans,794,86.44,1
1071,62,Cute & simple,4,4,General Petite,Dresses,Dresses,461,59.89,1
1092,42,Too much fabric...horrible design,1,2,General Petite,Dresses,Dresses,924,97.49,0
1056,59,Great travel pant!,5,1,General,Bottoms,Pants,671,74.82,1
1110,59,Disappointed,3,1,General,Dresses,Dresses,1159,94.49,0
1033,34,Look great on my wife,5,1,General,Bottoms,Jeans,820,92.45,1
936,58,Very flattering,5,1,General,Tops,Sweaters,718,76.18,1
895,41,Perfect ruffle pullover,5,0,General,Tops,Fine Gauge,210,42.2,1
875,60,Pretty top,5,0,General,Tops,Knits,465,72.72,1
829,54,No title provided,5,3,General Petite,Tops,Blouses,240,47.9,1
682,61,"Not skirted, but has nylon over shorts",4,3,Intimates,Intimate,Lounge,915,89.78,1
999,36,Great maxi,4,2,General,Bottoms,Skirts,828,59.03,1
824,42,"Did not like the fit, but beautiful colors",2,0,General,Tops,Blouses,1768,50.91,0
440,53,Soft but,4,1,Intimates,Intimate,Lounge,413,73.48,1
907,45,No title provided,5,0,General Petite,Tops,Fine Gauge,781,42.56,1
1131,54,No title provided,5,4,General Petite,Jackets,Outerwear,668,134.76,1
1031,64,Love the fit but not the length,4,1,General,Bottoms,Jeans,694,100.38,1
1066,41,Love these,5,0,General Petite,Bottoms,Pants,853,73.42,1
1116,53,Awesome,5,0,General,Jackets,Outerwear,228,112.45,1
1059,43,Standout pants,5,0,General,Bottoms,Pants,645,80.22,1
829,37,Perfect tunic,5,2,General,Tops,Blouses,339,47.9,1
1103,38,Feminine beauty,3,0,General,Dresses,Dresses,1126,116.9,0
1030,45,"Nice, but still on the fence",4,0,General,Bottoms,Jeans,853,97.28,1
1077,37,Beautiful dress!,4,0,General,Dresses,Dresses,211,91.1,1
1104,32,Unflattering,1,0,General Petite,Dresses,Dresses,1429,96.28,0
854,39,No title provided,4,0,General Petite,Tops,Knits,949,73.19,1
315,38,No title provided,4,0,Intimates,Intimate,Swim,712,65.39,1
117,34,Mixed feelings,4,0,Intimates,Intimate,Legwear,843,73.98,1
1081,62,Leaves much to be desired...,3,2,General,Dresses,Dresses,880,91.73,0
938,35,"Great consept, didn't work on me",3,17,General Petite,Tops,Sweaters,235,63.51,0
1068,52,Must have linen pant!!!!!!,5,1,General,Bottoms,Pants,598,76.56,1
833,46,Pretty but sheer,5,2,General,Tops,Blouses,570,49.96,1
1075,46,M/l too big for a plus size girl,3,0,General Petite,Dresses,Dresses,1250,88.95,0
863,51,No title provided,3,2,General,Tops,Knits,1021,70.52,0
820,48,Wonderful shirt!,5,11,General Petite,Tops,Blouses,690,53.36,1
1084,48,"Love, love, love!",5,4,General Petite,Dresses,Dresses,544,94.59,1
1096,27,Absolutely stunning--if you get the right size,5,0,General,Dresses,Dresses,756,90.16,1
1050,36,Light and comfy,4,0,General,Bottoms,Pants,876,83.06,1
1001,39,Lovely classic,5,0,General,Bottoms,Skirts,288,60.71,1
1083,38,A poor quality dress,2,4,General Petite,Dresses,Dresses,1642,93.86,0
862,49,Basic with a twist,4,0,General,Tops,Knits,683,73.64,1
1111,58,No title provided,5,0,General,Dresses,Dresses,590,104.78,1
833,38,Gorgeous blouse; runs small,4,2,General,Tops,Blouses,598,49.96,1
1082,57,No title provided,4,14,General,Dresses,Dresses,842,92.41,1
893,58,So comfy and cozy!,5,0,General,Tops,Fine Gauge,422,34.44,1
867,48,Love layers,5,0,General,Tops,Knits,616,74.79,1
1080,36,"Nice fabric, poor design",2,0,General Petite,Dresses,Dresses,454,92.12,0
872,46,Fun,5,0,General,Tops,Knits,123,73.48,1
1066,48,Recommend but not for me,3,0,General,Bottoms,Pants,656,73.42,1
1061,38,Comfortable!,5,0,General,Bottoms,Pants,730,81.45,1
863,34,Maybe if it was $30,3,2,General Petite,Tops,Knits,271,70.52,0
862,67,Pretty top,4,0,General Petite,Tops,Knits,752,73.64,1
886,54,Super cute,4,2,General,Tops,Knits,314,75.86,1
1022,45,Great fit but not for a 45 year old,4,0,General,Bottoms,Jeans,533,86.44,1
1082,49,No title provided,1,0,General Petite,Dresses,Dresses,1183,92.41,0
1151,38,No title provided,5,4,General,Dresses,Dresses,558,85.74,1
939,39,Versatile and flattering,5,0,General Petite,Tops,Sweaters,169,77.82,1
1056,41,Perfect chinos!,5,5,General,Bottoms,Pants,701,74.82,1
952,56,Shapeless,2,1,General,Tops,Sweaters,812,79.08,0
861,53,Tie back tunic,1,0,General,Tops,Knits,1420,72.0,0
898,47,"Crazy long , but pretty",5,0,General,Tops,Fine Gauge,376,37.43,1
1098,34,Lovely dress if you are small chested,3,0,General,Dresses,Dresses,1046,98.21,1
1022,54,Thin and no longer the same ag quality,2,22,General,Bottoms,Jeans,764,86.44,0
1095,24,Lovely but not for me,4,0,General,Dresses,Dresses,590,93.07,1
1094,34,Not good,1,0,General,Dresses,Dresses,1646,91.47,0
573,39,A-mazing!!!!!,5,4,General Petite,Trend,Trend,489,62.52,1
878,69,No title provided,3,15,General Petite,Tops,Knits,643,69.9,0
1080,24,Great petite maxi,5,2,General,Dresses,Dresses,657,92.12,1
1092,46,"Gorgeous print, but unflattering fit",3,0,General,Dresses,Dresses,914,97.49,0
880,28,Runs huge!,3,0,General,Tops,Knits,751,75.0,0
1121,25,The best,5,0,General,Jackets,Outerwear,313,109.42,1
1060,28,Needs some work,3,1,General Petite,Bottoms,Pants,957,75.43,1
1126,32,Beautiful coat but thin fabric,4,0,General Petite,Jackets,Outerwear,303,124.66,1
873,64,No title provided,3,1,General Petite,Tops,Knits,199,75.3,1
1078,62,Fun for the upcoming holidays,5,1,General,Dresses,Dresses,759,93.72,1
985,49,It's a keeper,5,0,General Petite,Jackets,Jackets,232,128.35,1
854,46,Easy and breezy,5,6,General,Tops,Knits,598,73.19,1
1048,45,Another confusing review,5,1,General Petite,Bottoms,Pants,422,83.29,1
895,42,Good value,4,0,General,Tops,Fine Gauge,628,42.2,1
840,33,No title provided,3,0,General Petite,Tops,Blouses,1016,53.82,0
833,53,No title provided,5,0,General Petite,Tops,Blouses,431,49.96,1
833,43,Size down!,2,0,General,Tops,Blouses,1587,49.96,0
878,56,Disappointed,1,2,General Petite,Tops,Knits,2288,69.9,0
927,65,Super cute,5,1,General,Tops,Sweaters,266,78.48,1
1081,64,Touch it!,5,2,General Petite,Dresses,Dresses,275,91.73,1
1094,45,"For curvy or tall, not for the waist challenged",3,5,General,Dresses,Dresses,298,91.47,0
1078,49,"Cute, but not cute enough for me.",4,0,General,Dresses,Dresses,158,93.72,1
1095,33,Cute summer dress,4,0,General Petite,Dresses,Dresses,268,93.07,1
836,44,Great design- beware the thin material!,4,1,General Petite,Tops,Blouses,855,52.71,1
1110,34,No title provided,4,0,General Petite,Dresses,Dresses,451,94.49,1
952,64,Adorable!,5,0,General Petite,Tops,Sweaters,238,79.08,1
819,33,Perfect for fall layering,5,3,General,Tops,Blouses,474,51.78,1
991,32,Cheap,3,1,General,Bottoms,Skirts,818,60.92,0
1082,32,I wanted to love this,3,0,General,Dresses,Dresses,525,92.41,0
1038,53,Cool and fun!,5,0,General Petite,Bottoms,Jeans,792,75.47,1
861,40,Felt too maternity,2,4,General,Tops,Knits,1417,72.0,0
1081,22,Fabulous dress!!!!!!!!!!!,5,1,General Petite,Dresses,Dresses,681,91.73,1
1049,49,Great all-around pants!,5,1,General Petite,Bottoms,Pants,533,93.2,1
872,61,Great purchase,5,18,General Petite,Tops,Knits,544,73.48,1
863,50,No title provided,5,0,General,Tops,Knits,656,70.52,1
935,66,Love this vest,5,0,General,Tops,Sweaters,226,72.15,1
937,34,Perfect for cool summer evenings,5,4,General,Tops,Sweaters,456,68.37,1
1081,56,Gorgeous peasant dress,5,6,General,Dresses,Dresses,362,91.73,1
909,55,Beautiful soft sweater,5,0,General,Tops,Fine Gauge,580,44.64,1
343,53,Love it!,5,1,Intimates,Intimate,Layering,371,72.76,1
1075,54,No title provided,5,2,General,Dresses,Dresses,277,88.95,1
1081,19,No title provided,5,1,General,Dresses,Dresses,322,91.73,1
1047,56,Great native palm pants,5,0,General Petite,Bottoms,Pants,733,80.12,1
1121,82,Navy femininity,5,1,General,Jackets,Outerwear,595,109.42,1
1081,24,"Almost perfect, but the top is unflattering.",3,0,General Petite,Dresses,Dresses,1232,91.73,0
1081,25,Versatile dress,5,0,General Petite,Dresses,Dresses,522,91.73,1
860,72,Love this tank!,5,1,General,Tops,Knits,455,70.15,1
867,45,Around the clock and in every color,5,0,General Petite,Tops,Knits,229,74.79,1
863,37,Ruffle adds just the right flirty touch,4,0,General,Tops,Knits,518,70.52,1
1099,68,Pretty but sheer,4,1,General,Dresses,Dresses,402,86.93,1
1098,33,Adorable!!! however...,3,1,General,Dresses,Dresses,751,98.21,0
1020,50,Cute and practical skirt,5,0,General,Bottoms,Skirts,270,60.91,1
817,78,Buy this top!!!,5,3,General Petite,Tops,Blouses,804,48.62,1
829,54,Love this top,5,0,General Petite,Tops,Blouses,754,47.9,1
868,38,Cute top with some caveats,4,21,General,Tops,Knits,438,68.12,1
1078,62,Patch work dress,5,3,General Petite,Dresses,Dresses,165,93.72,1
850,57,Manette clipdot blouse,4,0,General Petite,Tops,Blouses,898,49.55,1
869,22,Love it!!,5,1,General,Tops,Knits,688,66.54,1
1089,40,Unique and fun,5,0,General Petite,Dresses,Dresses,702,99.69,1
829,41,Feminine & fun,5,0,General,Tops,Blouses,357,47.9,1
878,49,Comfortable,3,3,General,Tops,Knits,794,69.9,1
829,28,Love this shirt,5,0,General,Tops,Blouses,201,47.9,1
881,39,Sad but true,2,0,General,Tops,Knits,896,74.78,0
1008,38,No title provided,5,2,General Petite,Bottoms,Skirts,719,61.13,1
1080,65,"Silky drape, super pretty design",4,0,General,Dresses,Dresses,143,92.12,1
1068,55,Raspberry jumpsuit,5,12,General Petite,Bottoms,Pants,231,76.56,1
862,32,Great casual top,5,0,General,Tops,Knits,365,73.64,1
863,29,No title provided,4,0,General,Tops,Knits,197,70.52,1
1077,42,New favorite lbd,4,1,General Petite,Dresses,Dresses,594,91.1,1
1084,31,Beautiful but a little too 80s,4,2,General,Dresses,Dresses,928,94.59,1
786,35,No title provided,4,0,Intimates,Intimate,Sleep,712,25.36,1
1055,51,No title provided,5,3,General Petite,Bottoms,Pants,768,81.0,1
116,59,No title provided,5,1,Intimates,Intimate,Sleep,369,47.15,1
1002,48,Great style and fit,4,1,General,Bottoms,Skirts,461,58.5,1
1068,46,Amazing comfortable pants!,5,0,General,Bottoms,Pants,540,76.56,1
850,34,Avoid if you're curvy...,2,0,General,Tops,Blouses,291,49.55,0
959,38,Debating if i should keep it,4,2,General,Jackets,Jackets,802,81.95,1
820,53,I love it!,5,2,General Petite,Tops,Blouses,468,53.36,1
1086,54,"A good ""go-to"" dress",5,3,General,Dresses,Dresses,305,97.04,1
1077,57,No title provided,5,27,General,Dresses,Dresses,761,91.1,1
892,39,So soft and figure-flattering,5,0,General,Tops,Fine Gauge,646,58.46,1
823,53,Better in person,4,9,General,Tops,Blouses,406,47.13,1
1164,32,No title provided,5,0,Intimates,Intimate,Layering,590,99.94,1
1078,43,This dress makes me happy,4,0,General Petite,Dresses,Dresses,298,93.72,1
1095,39,Color not as pictured,2,0,General,Dresses,Dresses,1025,93.07,0
823,52,Light & airy,4,0,General,Tops,Blouses,371,47.13,1
302,38,No title provided,5,0,Intimates,Intimate,Swim,239,49.66,1
1059,39,Amazing,5,19,General,Bottoms,Pants,739,80.22,1
879,32,No title provided,5,5,General,Tops,Knits,780,73.13,1
895,38,No title provided,5,12,General,Tops,Fine Gauge,451,42.2,1
1078,82,Unique and comfortable,5,0,General,Dresses,Dresses,752,93.72,1
835,26,High hopes,3,7,General,Tops,Blouses,266,52.93,0
1072,39,Fuzzy pink perfection,5,0,General,Dresses,Dresses,776,99.14,1
831,27,My absolute favorite top,5,7,General,Tops,Blouses,514,47.37,1
862,39,Adorbs,5,8,General Petite,Tops,Knits,345,73.64,1
904,66,Great drape!,5,0,General Petite,Tops,Fine Gauge,520,44.4,1
964,24,No title provided,3,0,General,Jackets,Jackets,293,125.65,0
866,32,I really wanted to like this top,4,2,General Petite,Tops,Knits,953,77.38,1
693,51,Awkward fit,2,0,General Petite,Intimate,Lounge,1260,141.37,0
715,40,No title provided,5,0,Intimates,Intimate,Lounge,291,104.27,1
1086,51,Simple classic,4,10,General,Dresses,Dresses,297,97.04,1
1059,29,Awesome!!!,5,1,General,Bottoms,Pants,248,80.22,1
875,27,Pretty details,4,0,General,Tops,Knits,743,72.72,1
872,53,No title provided,5,14,General,Tops,Knits,137,73.48,1
933,26,Loved it on the model...,2,1,General,Tops,Sweaters,1034,80.9,0
1110,27,Great fall dress,4,0,General Petite,Dresses,Dresses,263,94.49,1
829,36,Best of maeve,4,1,General,Tops,Blouses,900,47.9,1
1066,53,Unfortunately for me but good for someone else...,3,1,General,Bottoms,Pants,697,73.42,1
872,33,Linen tee,5,2,General Petite,Tops,Knits,462,73.48,1
1150,53,Cute drop waist cotton dress,5,8,General,Dresses,Dresses,473,97.46,1
1039,38,For curvy girls!,4,0,General,Bottoms,Jeans,526,101.23,1
838,46,Wanted to love...,1,1,General,Tops,Blouses,3349,45.19,0
1081,36,Very loose,3,4,General Petite,Dresses,Dresses,1256,91.73,0
879,31,"Comfy, versatile top",5,0,General Petite,Tops,Knits,156,73.13,1
1078,52,Beautiful quality of fabric and style,5,1,General,Dresses,Dresses,154,93.72,1
873,56,So fun to wear,5,2,General,Tops,Knits,390,75.3,1
1020,32,Cute but runs huge,4,4,General Petite,Bottoms,Skirts,320,60.91,1
1094,40,Could have been better...,2,0,General Petite,Dresses,Dresses,295,91.47,0
835,66,So good,5,2,General,Tops,Blouses,285,52.93,1
886,52,No title provided,5,6,General Petite,Tops,Knits,594,75.86,1
1033,61,Sooo flattering,5,5,General Petite,Bottoms,Jeans,471,92.45,1
975,24,Way too big,1,3,General Petite,Jackets,Jackets,3271,128.22,0
899,51,Great fall piece,5,2,General,Tops,Fine Gauge,752,37.31,1
1056,48,Second pair of these,4,0,General Petite,Bottoms,Pants,882,74.82,1
1110,46,Violetta dress,5,0,General,Dresses,Dresses,486,94.49,1
1094,32,Great dress,5,2,General,Dresses,Dresses,463,91.47,1
131,37,"Great design, but poor quality",3,0,General,Bottoms,Shorts,960,32.86,0
1150,62,Heavy fabric,2,2,General,Dresses,Dresses,1117,97.46,0
817,36,Cute but billowy,4,4,General Petite,Tops,Blouses,553,48.62,1
1087,45,Not for broad shoulders,3,0,General Petite,Dresses,Dresses,510,91.71,0
865,37,Great details. no liner.,4,11,General,Tops,Knits,599,71.54,1
571,40,Swingy and light,4,3,General,Trend,Trend,888,90.47,1
1094,35,Carefree cute!,5,0,General,Dresses,Dresses,303,91.47,1
1083,32,Beautiful dress,5,1,General,Dresses,Dresses,612,93.86,1
931,39,Adorable and easy to combine w/bottoms,4,1,General,Tops,Sweaters,780,91.37,1
864,37,Lacy & flowy,4,0,General,Tops,Knits,229,70.18,1
1059,48,Great pants,5,0,General,Bottoms,Pants,534,80.22,1
1008,38,"Vibrant, effortless, beautiful",5,4,General,Bottoms,Skirts,368,61.13,1
1080,55,Cute,4,0,General,Dresses,Dresses,387,92.12,1
829,54,Love retailer's tunics,5,0,General,Tops,Blouses,680,47.9,1
873,41,Adore! but the white *is* sheer,4,0,General Petite,Tops,Knits,397,75.3,1
528,62,Totally adorable,5,2,General,Bottoms,Shorts,244,44.11,1
1008,29,Love this skirt!,5,0,General Petite,Bottoms,Skirts,574,61.13,1
867,45,Love this tunic!,5,1,General Petite,Tops,Knits,640,74.79,1
871,43,Well made but go a size up,3,4,General,Tops,Knits,261,79.98,0
872,60,Cute top,4,1,General,Tops,Knits,752,73.48,1
861,41,Adorable but see through,3,12,General Petite,Tops,Knits,1102,72.0,1
1004,51,Great fall staple,5,2,General Petite,Bottoms,Skirts,109,59.69,1
934,56,Gorgeous and comfy,5,0,General,Tops,Sweaters,393,83.86,1
895,35,Very pretty and comfortable,5,0,General,Tops,Fine Gauge,658,42.2,1
1033,55,Jean of my dreams!,5,2,General,Bottoms,Jeans,779,92.45,1
937,31,Strange cut,3,0,General,Tops,Sweaters,1223,68.37,0
862,36,Gorgeous top!,5,11,General,Tops,Knits,625,73.64,1
1075,63,No title provided,5,1,General Petite,Dresses,Dresses,749,88.95,1
1095,42,A tad disappointing...,2,10,General Petite,Dresses,Dresses,1582,93.07,0
1056,24,"Cute capris, fit great",4,0,General Petite,Bottoms,Pants,796,74.82,1
336,42,From work-out to errands,5,10,Intimates,Intimate,Lounge,477,62.75,1
1110,52,Beautiful,5,31,General Petite,Dresses,Dresses,342,94.49,1
967,56,Great plaid!,4,1,General,Jackets,Jackets,811,129.05,1
364,70,"Beautiful cardigan, poorly designed...",3,3,General Petite,Intimate,Lounge,1056,101.11,0
1089,31,Loved it,5,3,General Petite,Dresses,Dresses,320,99.69,1
1060,35,Be warned: these pants snag on everything,1,3,General Petite,Bottoms,Pants,921,75.43,0
862,59,Cute shirt,5,0,General,Tops,Knits,439,73.64,1
936,49,No title provided,4,0,General,Tops,Sweaters,606,76.18,1
876,37,No title provided,5,0,General,Tops,Knits,258,72.01,1
909,49,Gorgeous!,5,0,General Petite,Tops,Fine Gauge,549,44.64,1
1095,48,"Easy, breezy style",4,4,General Petite,Dresses,Dresses,350,93.07,1
1037,34,Not flattering for my body type,2,1,General,Bottoms,Jeans,1003,83.76,0
872,51,"Gorgeous colors, beautiful design",5,7,General,Tops,Knits,764,73.48,1
828,39,Not for me,2,0,General,Tops,Blouses,1489,48.45,0
936,54,No title provided,2,2,General Petite,Tops,Sweaters,1713,76.18,0
1093,37,Dazzling!,5,4,General Petite,Dresses,Dresses,681,119.27,1
1081,39,Great dress,4,0,General Petite,Dresses,Dresses,373,91.73,1
861,44,Strike a pose,5,4,General,Tops,Knits,112,72.0,1
1022,50,Ag farrah,5,0,General,Bottoms,Jeans,280,86.44,1
1080,40,No title provided,5,0,General Petite,Dresses,Dresses,761,92.12,1
1081,61,Fun dress,5,0,General Petite,Dresses,Dresses,776,91.73,1
1122,61,Beautiful but short,4,2,General Petite,Jackets,Outerwear,221,135.18,1
1094,39,No title provided,5,0,General Petite,Dresses,Dresses,460,91.47,1
480,47,Versatile shorts,5,1,General,Bottoms,Shorts,310,28.57,1
617,39,Wow!!!,5,4,Intimates,Intimate,Swim,489,64.33,1
895,38,Washers  beware,4,0,General,Tops,Fine Gauge,491,42.2,1
1077,44,Too baggy,2,0,General Petite,Dresses,Dresses,1578,91.1,0
855,36,Perfect summer tee,5,3,General,Tops,Knits,684,76.66,1
1086,29,No title provided,5,0,General,Dresses,Dresses,591,97.04,1
936,83,No title provided,5,0,General Petite,Tops,Sweaters,382,76.18,1
1035,34,These stretch out horribly,2,3,General,Bottoms,Jeans,406,98.29,0
1033,44,No title provided,5,4,General Petite,Bottoms,Jeans,169,92.45,1
1094,30,Fit and flattering,5,1,General Petite,Dresses,Dresses,673,91.47,1
1110,44,Hourglass figure gals rejoice,5,2,General Petite,Dresses,Dresses,711,94.49,1
169,39,Excellent product,5,3,Intimates,Intimate,Legwear,562,75.22,1
1082,39,Nice ivory vintag-y,4,25,General,Dresses,Dresses,472,92.41,1
1094,25,"Great quality, but not for my age",3,0,General Petite,Dresses,Dresses,919,91.47,0
883,24,"Cool tank, but may need courage to wear.",2,3,General Petite,Tops,Knits,1841,78.22,0
864,32,Simple and easy,5,0,General Petite,Tops,Knits,233,70.18,1
1022,54,Love these jeans!,5,0,General,Bottoms,Jeans,198,86.44,1
880,45,Joliette,4,2,General,Tops,Knits,394,75.0,1
1104,32,Soft and sexy,5,0,General,Dresses,Dresses,192,96.28,1
1078,27,My new favorite summer dress,5,1,General Petite,Dresses,Dresses,490,93.72,1
1100,62,Everyone loves this dress!,5,1,General,Dresses,Dresses,630,101.02,1
854,42,I love tiny!,5,1,General,Tops,Knits,660,73.19,1
823,27,"Gorgeous, unique top",4,0,General,Tops,Blouses,625,47.13,1
260,28,No title provided,3,1,Intimates,Intimate,Lounge,333,96.31,1
835,56,Better in real life,5,0,General,Tops,Blouses,249,52.93,1
886,46,Everyday winter t updated,5,2,General Petite,Tops,Knits,401,75.86,1
1080,74,"Beautiful, vintage feel, delicate beadwork",5,9,General Petite,Dresses,Dresses,230,92.12,1
966,46,Love it!,5,4,General,Jackets,Jackets,673,114.3,1
867,38,Not what i expected,3,1,General,Tops,Knits,747,74.79,1
836,38,No title provided,4,0,General Petite,Tops,Blouses,222,52.71,1
903,28,Boxy,2,1,General,Tops,Fine Gauge,392,42.72,0
1104,38,"Pretty, just not a keeper",4,1,General Petite,Dresses,Dresses,844,96.28,0
1089,40,Not so sure about it,3,0,General,Dresses,Dresses,263,99.69,1
1095,31,Great attention to detail,4,0,General Petite,Dresses,Dresses,702,93.07,1
273,39,Terrible buy,1,10,Intimates,Intimate,Sleep,834,45.66,0
246,55,Cute and sporty,2,1,Intimates,Intimate,Swim,927,57.15,0
829,34,Beautiful fabric great for spring,4,4,General,Tops,Blouses,738,47.9,1
1092,51,No title provided,3,0,General,Dresses,Dresses,387,97.49,0
833,35,"Fresh fit, great colors",5,0,General,Tops,Blouses,590,49.96,1
996,42,Feminine and fresh,5,1,General,Bottoms,Skirts,435,60.63,1
835,35,Maybe swing is for me!,5,17,General,Tops,Blouses,623,52.93,1
460,41,Not as expected,2,0,General,Bottoms,Shorts,653,45.02,0
855,41,Great sweater,5,1,General,Tops,Knits,495,76.66,1
1077,60,No title provided,4,3,General Petite,Dresses,Dresses,664,91.1,1
1189,33,Comfortable,4,0,General,Bottoms,Jeans,689,109.22,1
1110,39,Time machine dress,5,1,General,Dresses,Dresses,479,94.49,1
1116,60,5 star perfection,5,5,General,Jackets,Outerwear,773,112.45,1
1040,38,Great fall jeans!,5,0,General,Bottoms,Jeans,620,89.51,1
867,36,Cute but no,2,1,General Petite,Tops,Knits,1685,74.79,0
995,44,Lovely skirt with interesting design,4,0,General Petite,Bottoms,Skirts,429,62.21,1
1094,20,Beautiful special occasion dress,5,1,General,Dresses,Dresses,719,91.47,1
974,56,Awesome jacket,5,0,General,Jackets,Jackets,589,125.76,1
878,41,Comfy and fun!,5,11,General,Tops,Knits,579,69.9,1
862,35,Extra fabric in back adds a lot,5,6,General,Tops,Knits,260,73.64,1
1081,57,Fun summer dress!,5,0,General,Dresses,Dresses,754,91.73,1
1066,54,Perfect pants,5,0,General,Bottoms,Pants,217,73.42,1
167,47,Pricey for shorts but worth it,5,0,General,Bottoms,Shorts,197,39.55,1
860,30,Comfy but sexy,5,0,General,Tops,Knits,511,70.15,1
1059,40,Unique and well made,5,0,General Petite,Bottoms,Pants,778,80.22,1
850,36,Wanted to love...,2,35,General Petite,Tops,Blouses,1813,49.55,0
1078,25,Adorable!,5,0,General,Dresses,Dresses,463,93.72,1
1103,43,No title provided,3,3,General,Dresses,Dresses,532,116.9,0
858,28,Thin layering turtleneck,3,0,General Petite,Tops,Knits,846,73.83,0
1070,48,"Brown is darker than expected, xsp is perfect",5,0,General,Bottoms,Pants,395,81.61,1
1099,54,"Beautiful, versatile dress",5,0,General Petite,Dresses,Dresses,647,86.93,1
1081,39,Size dooooown!,5,10,General,Dresses,Dresses,767,91.73,1
1076,54,I loved it!,5,1,General,Dresses,Dresses,687,101.83,1
547,42,Great staple!,5,1,Intimates,Intimate,Layering,770,62.15,1
886,58,Beautifully different!,5,18,General Petite,Tops,Knits,768,75.86,1
836,38,Feminie and structured,5,7,General Petite,Tops,Blouses,733,52.71,1
860,39,Enormous....,2,0,General,Tops,Knits,756,70.15,0
1082,38,"Lovely colors in a relaxed, beautiful dress",5,1,General,Dresses,Dresses,329,92.41,1
212,34,Beautiful. great quality. low cut bottom :/,5,1,Intimates,Intimate,Swim,778,58.8,1
876,46,Fun sweatshirt,5,0,General Petite,Tops,Knits,601,72.01,1
936,24,Disappointed,3,0,General,Tops,Sweaters,717,76.18,0
904,47,Fits like a giant tent,1,4,General Petite,Tops,Fine Gauge,3324,44.4,0
1059,39,Great fit,5,0,General Petite,Bottoms,Pants,718,80.22,1
369,36,Not comfortable because of itchy tags,1,1,Intimates,Intimate,Intimates,3394,55.68,0
939,42,Love boiled wool,5,15,General Petite,Tops,Sweaters,542,77.82,1
858,45,No title provided,3,5,General,Tops,Knits,970,73.83,0
945,35,Nice fit - super cute,5,4,General,Tops,Sweaters,622,79.07,1
1094,39,Takes 20 minutes to put on,2,2,General,Dresses,Dresses,1634,91.47,0
860,43,Adorable,3,0,General,Tops,Knits,621,70.15,1
1037,43,Fun and versatile,5,0,General,Bottoms,Jeans,271,83.76,1
940,54,Beautiful poncho,5,0,General,Tops,Sweaters,424,77.06,1
830,58,Love but a little too much flow,3,0,General,Tops,Blouses,948,48.89,1
878,67,Pleasantly surprised,4,6,General,Tops,Knits,744,69.9,1
662,27,Stunning!,5,2,Intimates,Intimate,Lounge,441,112.04,1
927,50,Great fall coat,4,0,General,Tops,Sweaters,650,78.48,1
206,39,Can't resist hot air balloons!,5,2,Intimates,Intimate,Sleep,729,35.62,1
865,27,Perfect for fall,5,1,General,Tops,Knits,586,71.54,1
1044,52,No title provided,5,0,General,Bottoms,Pants,583,75.37,1
868,48,Really cute and comfortable top,5,0,General,Tops,Knits,236,68.12,1
249,57,Didn't work out,3,0,General Petite,Intimate,Lounge,310,126.5,1
840,55,Cute,4,5,General,Tops,Blouses,713,53.82,1
1033,52,Super cute!,5,2,General,Bottoms,Jeans,270,92.45,1
940,37,"Beautiful, warm sweater!",5,0,General,Tops,Sweaters,427,77.06,1
1094,57,Runs quite large,3,15,General,Dresses,Dresses,809,91.47,1
1078,35,Pretty dress!,5,0,General,Dresses,Dresses,612,93.72,1
252,27,Perfection,5,0,Intimates,Intimate,Swim,250,63.81,1
678,49,Easy & comfortable...perfect for the heat,5,0,Intimates,Intimate,Sleep,749,30.24,1
1077,62,Sizing issues,3,0,General,Dresses,Dresses,624,91.1,0
840,68,"Runs big, order one size down",4,0,General,Tops,Blouses,586,53.82,1
1068,61,Not good for curvy girls,3,2,General,Bottoms,Pants,1020,76.56,0
543,68,No title provided,5,1,General,Bottoms,Shorts,623,25.57,1
1121,48,"Cute, swingy skirted trench coat",4,3,General,Jackets,Outerwear,843,109.42,1
996,40,Flattering skirt,5,0,General,Bottoms,Skirts,182,60.63,1
868,62,No title provided,5,3,General,Tops,Knits,605,68.12,1
394,45,"Fits tts, comfortable and flattering",5,2,Intimates,Intimate,Swim,552,60.95,1
899,39,Great sweater,5,0,General,Tops,Fine Gauge,374,37.31,1
824,56,"Cute design, good quality but baggy & unflattering",3,4,General Petite,Tops,Blouses,755,50.91,0
868,53,"Cute top, but...",4,0,General,Tops,Knits,359,68.12,0
616,51,Disco-ball-summer-cover!,5,2,Intimates,Intimate,Lounge,164,144.43,1
1028,44,Way way too long,3,2,General,Bottoms,Jeans,1034,79.71,0
1078,36,Wrong color and too big,2,0,General,Dresses,Dresses,372,93.72,0
1099,56,So many compliments,5,0,General Petite,Dresses,Dresses,275,86.93,1
1095,27,"Runs small, stiff top",4,0,General Petite,Dresses,Dresses,160,93.07,0
895,53,Wished it fit,3,1,General,Tops,Fine Gauge,845,42.2,1
1068,62,In love!,5,4,General Petite,Bottoms,Pants,375,76.56,1
1093,47,This gown is stunning!!,4,4,General,Dresses,Dresses,412,119.27,1
174,52,Beautiful but a very difficult fit,3,0,Intimates,Intimate,Swim,958,60.57,0
1020,62,No title provided,4,2,General,Bottoms,Skirts,530,60.91,1
1030,25,Amazing jeans,5,0,General,Bottoms,Jeans,428,97.28,1
1094,41,No title provided,2,6,General,Dresses,Dresses,1180,91.47,0
1202,32,Fabulously easy dress,5,0,General Petite,Dresses,Dresses,839,77.24,1
1015,30,No title provided,5,1,General,Bottoms,Skirts,459,57.5,1
1022,38,Ag,5,0,General,Bottoms,Jeans,552,86.44,1
1059,47,Good pants,4,0,General,Bottoms,Pants,587,80.22,1
834,48,Fun work shirt,4,2,General,Tops,Blouses,714,49.52,1
868,21,Closet essential,5,0,General,Tops,Knits,687,68.12,1
917,42,Comfortable & stylish,5,0,General,Tops,Fine Gauge,770,33.69,1
1008,46,Eclat midi skirt,3,0,General Petite,Bottoms,Skirts,1126,61.13,1
863,58,Great fit!,5,1,General,Tops,Knits,359,70.52,1
1099,28,Disappointed in the fit,2,2,General,Dresses,Dresses,678,86.93,0
1011,31,Feminine,4,0,General,Bottoms,Skirts,872,67.37,1
828,29,Cute,4,4,General,Tops,Blouses,379,48.45,1
1068,40,So pleased!,5,1,General Petite,Bottoms,Pants,231,76.56,1
831,83,Stunning!,5,7,General Petite,Tops,Blouses,722,47.37,1
1094,29,Great dress!,5,0,General,Dresses,Dresses,289,91.47,1
190,67,So comfy yet stylish,5,0,General Petite,Intimate,Lounge,202,79.81,1
1070,27,Love these leggings,4,0,General,Bottoms,Pants,261,81.61,1
933,23,The one that didn't get away! :),5,0,General,Tops,Sweaters,771,80.9,1
873,55,Versatile,4,0,General,Tops,Knits,207,75.3,1
1080,28,"So soft, great fit",4,7,General,Dresses,Dresses,285,92.12,1
829,54,No title provided,2,4,General,Tops,Blouses,513,47.9,1
264,29,My favorite invisible socks,5,0,Intimates,Intimate,Legwear,615,121.36,1
860,48,Perfect shirt,5,37,General,Tops,Knits,728,70.15,1
380,53,Beware of the mint striped pattern,3,8,Intimates,Intimate,Swim,471,44.11,0
1123,35,Different but didn't work out,4,0,General,Jackets,Outerwear,607,135.82,1
1047,33,Tall girl's dream,5,1,General Petite,Bottoms,Pants,319,80.12,1
1078,39,"Cute, shorter, went with regualr size",5,3,General,Dresses,Dresses,191,93.72,1
863,36,Fun top,5,0,General Petite,Tops,Knits,263,70.52,1
862,53,Pretty...,3,0,General,Tops,Knits,1324,73.64,1
877,37,Not like the pic,1,2,General,Tops,Knits,2274,76.05,0
872,45,Lots of compliments,5,0,General,Tops,Knits,451,73.48,1
1008,28,"Love the look, not the fit!",3,16,General Petite,Bottoms,Skirts,262,61.13,0
735,39,No title provided,3,12,General Petite,Intimate,Lounge,900,61.95,0
122,37,So cozy,5,0,Intimates,Intimate,Sleep,287,41.52,1
1025,40,No title provided,5,1,General,Bottoms,Jeans,592,83.99,1
895,39,No title provided,5,0,General,Tops,Fine Gauge,523,42.2,1
886,36,No title provided,4,1,General,Tops,Knits,514,75.86,1
822,31,Cute top,5,0,General,Tops,Blouses,483,42.99,1
1060,62,"Came dirty, but nice fit...",4,0,General Petite,Bottoms,Pants,865,75.43,1
1066,35,No title provided,5,0,General,Bottoms,Pants,492,73.42,1
863,37,No title provided,5,16,General,Tops,Knits,344,70.52,1
1095,37,Pretty!,5,2,General Petite,Dresses,Dresses,274,93.07,1
1098,62,Gorgeous but overpriced,4,35,General,Dresses,Dresses,334,98.21,1
1174,47,Chic and unique,5,0,Intimates,Intimate,Swim,764,53.39,1
868,32,No title provided,3,0,General,Tops,Knits,632,68.12,0
868,27,So cozy,5,1,General,Tops,Knits,559,68.12,1
827,26,Too billowy,3,0,General Petite,Tops,Blouses,345,51.41,0
1020,34,Wonderful but going back,5,5,General Petite,Bottoms,Skirts,210,60.91,1
527,60,Pretty bathing suit,4,1,Intimates,Intimate,Swim,828,62.55,1
936,39,Roomy yet flattering,5,1,General Petite,Tops,Sweaters,437,76.18,1
1022,30,Great fit!,5,1,General,Bottoms,Jeans,648,86.44,1
1095,56,No title provided,4,0,General,Dresses,Dresses,778,93.07,1
1116,47,No title provided,4,0,General,Jackets,Outerwear,259,112.45,1
907,44,No title provided,5,0,General,Tops,Fine Gauge,718,42.56,1
862,38,Love it!,5,0,General,Tops,Knits,732,73.64,1
1095,37,"Pretty, comfy, casual, dressy",5,0,General,Dresses,Dresses,333,93.07,1
288,48,Beautiful and comfortable!,5,1,Intimates,Intimate,Intimates,262,61.37,1
854,40,Size way down,4,1,General Petite,Tops,Knits,794,73.19,1
1077,26,"Comfortable, casual and classic",4,1,General,Dresses,Dresses,748,91.1,1
872,39,Material not what i exoected,4,0,General,Tops,Knits,766,73.48,0
1060,38,No title provided,5,5,General Petite,Bottoms,Pants,445,75.43,1
867,50,Very easy to wear,5,0,General,Tops,Knits,687,74.79,1
883,32,"Beautiful top, runs wide",4,3,General,Tops,Knits,962,78.22,1
829,45,Loved this online,2,8,General,Tops,Blouses,792,47.9,0
1075,41,Stumpy arms,2,0,General Petite,Dresses,Dresses,1681,88.95,0
862,23,This product is great for all occasions,5,0,General,Tops,Knits,508,73.64,1
835,35,No title provided,3,2,General Petite,Tops,Blouses,654,52.93,1
886,30,Great top,5,1,General Petite,Tops,Knits,437,75.86,1
1039,24,No title provided,3,2,General,Bottoms,Jeans,1119,101.23,0
939,35,Great jacket,5,2,General,Tops,Sweaters,541,77.82,1
868,57,No title provided,5,0,General,Tops,Knits,688,68.12,1
1094,32,Killer dress,5,0,General Petite,Dresses,Dresses,210,91.47,1
895,51,Great poncho,5,0,General,Tops,Fine Gauge,254,42.2,1
865,33,"Beautiful top, fits a little large",4,0,General,Tops,Knits,444,71.54,1
1077,52,Very high waisted,4,3,General Petite,Dresses,Dresses,825,91.1,1
1024,52,Stylish  and fun,3,4,General,Bottoms,Jeans,255,89.76,1
1123,52,Beautiful jacket - feels like leather,5,0,General,Jackets,Outerwear,581,135.82,1
833,50,More beautiful in person,4,1,General,Tops,Blouses,740,49.96,1
836,36,So sad!,2,2,General,Tops,Blouses,1281,52.71,0
945,36,Love it!,5,0,General,Tops,Sweaters,733,79.07,1
861,62,Cute tee,4,1,General,Tops,Knits,264,72.0,1
1078,35,Pretty and flowy,3,0,General,Dresses,Dresses,1199,93.72,1
895,56,Pretty and flowy,4,0,General,Tops,Fine Gauge,875,42.2,1
1081,53,"Lovely dress, small top, different color",4,3,General Petite,Dresses,Dresses,249,91.73,1
996,29,Comfy and versatile,4,0,General Petite,Bottoms,Skirts,937,60.63,1
828,46,Sexy,5,1,General,Tops,Blouses,760,48.45,1
975,62,Lovely soft light jacket,5,0,General,Jackets,Jackets,686,128.22,1
1081,28,Flattering fit and color,4,0,General Petite,Dresses,Dresses,205,91.73,1
984,68,No title provided,5,3,General,Jackets,Jackets,599,120.15,1
828,46,Slim great material,4,4,General,Tops,Blouses,673,48.45,1
854,23,Beautiful,5,1,General,Tops,Knits,366,73.19,1
861,42,Perfect tee but beware of blue!!,5,1,General,Tops,Knits,168,72.0,1
830,41,No title provided,5,0,General,Tops,Blouses,813,48.89,1
1135,49,Gorgeous; consider sizing up,5,6,General,Trend,Trend,562,69.39,1
1038,48,Great buy!,5,0,General,Bottoms,Jeans,640,75.47,1
1046,46,Disappointed,2,0,General Petite,Bottoms,Pants,398,77.37,0
433,47,Beautiful print,5,3,General,Bottoms,Shorts,192,43.38,1
1095,51,Cute dress for everyday,5,1,General Petite,Dresses,Dresses,266,93.07,1
862,39,Soft and easy,5,0,General,Tops,Knits,553,73.64,1
1104,39,Flattering dress,5,0,General Petite,Dresses,Dresses,249,96.28,1
520,39,Awesome tank or layering piece!,4,0,Intimates,Intimate,Layering,755,101.42,1
1102,57,No title provided,3,11,General Petite,Dresses,Dresses,220,108.94,1
1030,41,Cute jeans,5,2,General,Bottoms,Jeans,269,97.28,1
895,31,Loved so much i bought 2,5,11,General Petite,Tops,Fine Gauge,584,42.2,1
868,32,Cute tee too much fabric,5,2,General,Tops,Knits,303,68.12,1
855,30,Even more beautiful in real life,5,0,General,Tops,Knits,216,76.66,1
1095,45,Almost perfect,4,2,General,Dresses,Dresses,579,93.07,1
595,57,Adorable,5,1,Intimates,Intimate,Lounge,500,103.52,1
861,43,Thin and blah,1,6,General,Tops,Knits,2238,72.0,0
1077,29,No title provided,4,0,General Petite,Dresses,Dresses,893,91.1,1
392,44,Best swim skirt ever...please offer more options,5,2,Intimates,Intimate,Swim,667,57.23,1
872,33,Pretty,5,2,General,Tops,Knits,268,73.48,1
1081,37,Great comfortable casual dress,5,0,General Petite,Dresses,Dresses,532,91.73,1
872,40,Cute design but unflattering fit,2,0,General Petite,Tops,Knits,1180,73.48,0
868,29,Soft blouse,5,14,General,Tops,Knits,739,68.12,1
850,42,Beautiful swing top,5,5,General,Tops,Blouses,709,49.55,1
1099,48,I like it. (maybe.),4,4,General Petite,Dresses,Dresses,678,86.93,1
1059,58,"Fun, true to size",4,3,General,Bottoms,Pants,421,80.22,1
862,33,No title provided,1,0,General,Tops,Knits,1377,73.64,0
1080,38,What's with the length?,3,11,General Petite,Dresses,Dresses,301,92.12,1
835,53,Got two colors!,5,0,General,Tops,Blouses,429,52.93,1
907,35,Fun arm detail,4,0,General,Tops,Fine Gauge,275,42.56,1
169,29,Super itchy!,1,0,Intimates,Intimate,Legwear,3051,75.22,0
1035,35,"Nice jeans, wish they had belt loops!",3,0,General,Bottoms,Jeans,1218,98.29,1
860,49,Nice...but not true white,4,0,General,Tops,Knits,559,70.15,1
123,62,These pants make me want to smile,5,1,Intimates,Intimate,Sleep,272,33.79,1
868,32,Super cute,5,2,General,Tops,Knits,563,68.12,1
394,37,Amazing bikini bottoms,5,8,Intimates,Intimate,Swim,175,60.95,1
868,33,No title provided,5,0,General,Tops,Knits,373,68.12,1
1009,35,No title provided,3,1,General,Bottoms,Skirts,619,57.29,0
1121,56,Lots of pros; one small frustration,4,0,General,Jackets,Outerwear,831,109.42,1
1059,51,Sizing off,4,2,General,Bottoms,Pants,857,80.22,1
820,37,Pretty - but tight arms!,3,0,General Petite,Tops,Blouses,246,53.36,1
907,41,Great different fall sweater,4,0,General,Tops,Fine Gauge,678,42.56,1
1094,32,You need this!,5,1,General,Dresses,Dresses,672,91.47,1
1037,21,Great pants,5,0,General,Bottoms,Jeans,830,83.76,1
869,34,Loose comfy shirt,3,0,General,Tops,Knits,809,66.54,1
1094,41,Cute!,5,34,General Petite,Dresses,Dresses,447,91.47,1
860,26,Gorgeous top,5,0,General Petite,Tops,Knits,412,70.15,1
1072,43,No title provided,4,7,General Petite,Dresses,Dresses,480,99.14,1
8,33,Love this suit!,5,0,Intimates,Intimate,Swim,841,63.72,1
952,35,Perfect,5,0,General,Tops,Sweaters,534,79.08,1
936,83,In love,5,0,General,Tops,Sweaters,194,76.18,1
1080,44,"Beautiful dress, runs a bit big",4,1,General,Dresses,Dresses,466,92.12,1
1107,70,Misrepresented in picture,2,4,General Petite,Dresses,Dresses,1674,89.65,0
862,59,Great piece!,5,0,General,Tops,Knits,574,73.64,1
875,50,Surprisingly flattering,5,0,General,Tops,Knits,422,72.72,1
833,55,Beautiful!,5,8,General,Tops,Blouses,419,49.96,1
1078,45,Beautiful dress,5,23,General,Dresses,Dresses,662,93.72,1
945,39,Fun and gorgeous,5,0,General,Tops,Sweaters,329,79.07,1
995,41,Poorly executed,2,11,General,Bottoms,Skirts,1104,62.21,0
865,40,No title provided,4,0,General,Tops,Knits,754,71.54,1
1081,27,It was ok,3,0,General Petite,Dresses,Dresses,1000,91.73,0
936,60,Stylish,5,0,General Petite,Tops,Sweaters,285,76.18,1
705,34,So cute!,5,0,General,Bottoms,Shorts,628,26.66,1
1146,66,Odd fit,3,10,General,Trend,Trend,845,75.11,1
836,58,Lovely fall top,5,7,General,Tops,Blouses,495,52.71,1
830,49,Lovely if you don't have curves!,4,4,General,Tops,Blouses,306,48.89,1
940,51,My love is back!,5,5,General,Tops,Sweaters,491,77.06,1
1044,49,Completely cute!,5,4,General,Bottoms,Pants,733,75.37,1
1059,42,"Super cute, form fitting, good neutral",4,10,General,Bottoms,Pants,913,80.22,1
912,46,Riley tunic,4,6,General,Tops,Fine Gauge,1040,45.79,1
829,64,So cute!,5,15,General Petite,Tops,Blouses,210,47.9,1
1095,48,Beautiful dress,4,1,General Petite,Dresses,Dresses,260,93.07,1
873,54,Fun,5,3,General,Tops,Knits,224,75.3,1
1107,58,Great dress!,5,0,General Petite,Dresses,Dresses,486,89.65,1
1078,33,Interesting,4,3,General,Dresses,Dresses,741,93.72,0
1059,44,Love it!,5,2,General,Bottoms,Pants,227,80.22,1
1077,24,Comfortable and classy,4,4,General,Dresses,Dresses,203,91.1,1
872,39,Another great top,5,3,General Petite,Tops,Knits,565,73.48,1
144,26,No title provided,5,0,Intimates,Intimate,Legwear,238,97.09,1
1089,38,No title provided,2,0,General,Dresses,Dresses,1065,99.69,0
774,78,No title provided,4,2,Intimates,Intimate,Lounge,931,108.12,1
867,37,Beautiful top,5,0,General Petite,Tops,Knits,489,74.79,1
1091,62,Great for athletic bodies,5,0,General,Dresses,Dresses,503,96.01,1
1003,31,"Loved, but returned",4,0,General,Bottoms,Skirts,783,60.38,1
1033,32,Lovely gray crops,5,1,General Petite,Bottoms,Jeans,432,92.45,1
872,41,"Dressy look, t-shirt feel",5,0,General,Tops,Knits,732,73.48,1
1126,71,Incredible find!,5,1,General Petite,Jackets,Outerwear,351,124.66,1
936,21,Pretty but not for me,3,1,General Petite,Tops,Sweaters,1133,76.18,1
1094,65,"So cute, runs large!!!",5,3,General,Dresses,Dresses,187,91.47,1
945,54,Salt and pepper,3,0,General,Tops,Sweaters,538,79.07,0
862,56,Great & easy sweater,4,0,General Petite,Tops,Knits,975,73.64,1
872,40,"Very comfortable and cute, too!",5,1,General,Tops,Knits,820,73.48,1
927,36,Soft and substantial,5,6,General,Tops,Sweaters,136,78.48,1
1094,39,Flattering and rich colors,4,5,General Petite,Dresses,Dresses,740,91.47,1
1068,47,Regular woman can look like a model in this one,5,3,General Petite,Bottoms,Pants,451,76.56,1
927,31,Make sure you handwash or dry clean only,1,2,General,Tops,Sweaters,910,78.48,0
823,57,Beautiful tunic,4,2,General,Tops,Blouses,505,47.13,1
903,62,Chic layer,5,25,General Petite,Tops,Fine Gauge,191,42.72,1
860,34,This surprised me,5,0,General Petite,Tops,Knits,651,70.15,1
831,64,Gorgeous spring blouse!,5,3,General,Tops,Blouses,609,47.37,1
872,51,Beautiful summer top,5,1,General,Tops,Knits,166,73.48,1
877,46,Great tee for summer,5,2,General Petite,Tops,Knits,660,76.05,1
1078,36,Best fitting dress,5,8,General,Dresses,Dresses,210,93.72,1
169,20,Comfortable,5,0,Intimates,Intimate,Legwear,680,75.22,1
1099,26,"Flattering, vintage feel",4,1,General Petite,Dresses,Dresses,736,86.93,1
868,36,So comfortable and airy,5,0,General,Tops,Knits,761,68.12,1
1022,48,Love these jeans!,5,0,General,Bottoms,Jeans,575,86.44,1
862,40,Great top,5,0,General,Tops,Knits,305,73.64,1
896,46,Love the print,4,2,General,Tops,Fine Gauge,410,43.21,1
862,55,So soft and great length!,4,2,General,Tops,Knits,614,73.64,1
936,68,No title provided,4,0,General,Tops,Sweaters,344,76.18,1
895,40,Very flattering but feels oversized,5,0,General,Tops,Fine Gauge,346,42.2,1
872,66,"Great, versatile t-shirt",5,1,General,Tops,Knits,686,73.48,1
867,25,Comfortable & sexy,5,0,General Petite,Tops,Knits,589,74.79,1
1078,48,Simple and stylish,4,0,General,Dresses,Dresses,998,93.72,1
1083,25,"Beautiful, well made dress but little flexibility",4,3,General,Dresses,Dresses,728,93.86,1
1155,20,Swim,4,0,Intimates,Intimate,Swim,981,65.46,1
872,43,No title provided,5,0,General Petite,Tops,Knits,352,73.48,1
1022,60,Love,5,0,General,Bottoms,Jeans,317,86.44,1
558,25,So soft!,4,1,Intimates,Intimate,Layering,489,73.65,1
818,52,Beautiful quality but runs quite small,4,2,General,Tops,Blouses,614,50.65,1
1095,58,Lovely fabric and design,3,0,General,Dresses,Dresses,697,93.07,1
322,33,Not true to size,4,3,Intimates,Intimate,Swim,664,74.29,1
1078,51,This is a cool dress with one issue...,4,2,General,Dresses,Dresses,514,93.72,1
872,38,Love this basic with a twist,4,0,General Petite,Tops,Knits,937,73.48,1
838,50,Classy and good quality!,5,0,General,Tops,Blouses,314,45.19,1
860,46,Not flatteuing,3,1,General,Tops,Knits,1043,70.15,0
945,32,Love!,5,1,General,Tops,Sweaters,175,79.07,1
1099,47,Better in person!,5,0,General Petite,Dresses,Dresses,240,86.93,1
472,35,Run large,5,1,General Petite,Bottoms,Pants,333,70.82,1
1001,68,Gorgeous,5,0,General,Bottoms,Skirts,759,60.71,1
942,53,Perfect weight,5,8,General Petite,Tops,Sweaters,271,69.35,1
872,48,Top of the season,4,0,General Petite,Tops,Knits,471,73.48,1
829,67,Must try on to appreciate.,5,2,General,Tops,Blouses,513,47.9,1
875,37,Nice flowy summer tank,4,0,General,Tops,Knits,737,72.72,1
1077,44,"Magically lovely, but examine before you buy",4,2,General Petite,Dresses,Dresses,274,91.1,1
830,51,Short wasted and fun,4,4,General,Tops,Blouses,432,48.89,1
1081,59,Flattering and comfortable,5,10,General,Dresses,Dresses,669,91.73,1
1126,54,Gorgeous & warm,5,3,General Petite,Jackets,Outerwear,576,124.66,1
838,41,Really wanted to like it,2,1,General,Tops,Blouses,572,45.19,0
1066,46,"Wonderful weight for summer, flattering",5,8,General,Bottoms,Pants,307,73.42,1
1059,45,Great pants!,5,0,General,Bottoms,Pants,363,80.22,1
1099,37,"So comfy, great cut, pockets, win for petites",5,0,General Petite,Dresses,Dresses,544,86.93,1
1089,54,This dress is gorgeous!,5,0,General,Dresses,Dresses,233,99.69,1
906,36,Not too thin; not too thick,5,0,General Petite,Tops,Fine Gauge,439,47.84,1
820,39,Fun fall tunic,4,28,General Petite,Tops,Blouses,342,53.36,1
1070,30,Good buy,5,0,General,Bottoms,Pants,383,81.61,1
996,66,Very flattering,5,4,General Petite,Bottoms,Skirts,716,60.63,1
831,44,Great blouse for any occasion,5,0,General Petite,Tops,Blouses,663,47.37,1
949,38,Sweater love!,5,10,General,Tops,Sweaters,799,72.49,1
1077,65,Photo friendly old school retailer dress,5,0,General,Dresses,Dresses,423,91.1,1
1094,56,Stunning,5,11,General,Dresses,Dresses,433,91.47,1
1083,41,Amazing dress!,5,0,General,Dresses,Dresses,214,93.86,1
850,50,Missing drawstring!,2,0,General Petite,Tops,Blouses,1851,49.55,1
1116,49,Very nice jacket for petites,4,0,General,Jackets,Outerwear,150,112.45,1
1060,34,Gorgeous flowing pants,5,0,General Petite,Bottoms,Pants,517,75.43,1
790,53,Perfect!,5,5,Intimates,Intimate,Lounge,468,74.8,1
862,59,Runs quite large,2,3,General,Tops,Knits,1228,73.64,0
824,46,"Strange cut, pretty idea",4,2,General,Tops,Blouses,251,50.91,0
1080,40,"Beautiful, flowy summer dress",4,10,General,Dresses,Dresses,465,92.12,1
843,52,Beautiful!!!   runs small,5,0,General,Tops,Blouses,609,57.67,1
833,39,Sold out,5,1,General,Tops,Blouses,749,49.96,1
1128,40,No title provided,5,6,General,Jackets,Outerwear,753,116.95,1
226,51,No title provided,2,0,Intimates,Intimate,Sleep,821,24.24,0
866,30,No title provided,4,0,General Petite,Tops,Knits,578,77.38,1
1077,39,Love - loose fit,5,17,General Petite,Dresses,Dresses,392,91.1,1
868,60,Lovely top for different body type than mine,4,1,General,Tops,Knits,845,68.12,1
1061,34,No title provided,5,0,General,Bottoms,Pants,771,81.45,1
863,59,Defective,3,0,General,Tops,Knits,609,70.52,1
1078,28,Great dress for ladies with smaller curves,2,1,General Petite,Dresses,Dresses,1088,93.72,0
1021,34,Gorgeous & well-made,5,0,General,Bottoms,Skirts,525,53.42,1
868,48,"Bright, fun blouse",4,1,General,Tops,Knits,911,68.12,1
249,37,No title provided,5,0,General Petite,Intimate,Lounge,650,126.5,1
1110,60,Cute but runs large,4,1,General,Dresses,Dresses,319,94.49,1
881,29,No title provided,3,0,General,Tops,Knits,504,74.78,0
872,35,No title provided,3,8,General Petite,Tops,Knits,757,73.48,0
876,43,"Great concept, but snags easily!",3,1,General,Tops,Knits,482,72.01,0
1068,46,Make a girl's shape look wow!,5,1,General,Bottoms,Pants,657,76.56,1
872,34,Love this shirt!,5,0,General,Tops,Knits,772,73.48,1
1077,29,Cute & unique,5,0,General Petite,Dresses,Dresses,528,91.1,1
357,64,"Really, really cute",5,7,General,Bottoms,Shorts,655,43.46,1
872,31,"Cute shirt, but not cute on my figure",3,0,General Petite,Tops,Knits,866,73.48,0
937,43,No title provided,5,0,General,Tops,Sweaters,671,68.37,1
942,45,Love the lace detail,4,0,General,Tops,Sweaters,794,69.35,1
417,31,"Great length, true to size despite initial snug",4,1,General,Bottoms,Shorts,771,37.07,1
819,51,No title provided,3,1,General,Tops,Blouses,1095,51.78,1
818,45,Disappointing blouse,1,2,General,Tops,Blouses,2490,50.65,0
1134,66,Beautiful vest!,5,6,General,Jackets,Outerwear,423,145.86,1
831,63,Beautiful top,5,7,General Petite,Tops,Blouses,275,47.37,1
868,75,This is this season's favorite brand for me.,5,0,General,Tops,Knits,579,68.12,1
929,44,Chunky/cute,4,5,General,Tops,Sweaters,526,90.13,1
1104,39,No title provided,4,0,General Petite,Dresses,Dresses,181,96.28,1
829,26,No title provided,5,0,General,Tops,Blouses,593,47.9,1
831,63,Very interesting design,5,0,General,Tops,Blouses,377,47.37,1
866,52,Flowy and comfy,4,3,General,Tops,Knits,413,77.38,1
850,37,Way too big on the bottom,1,0,General Petite,Tops,Blouses,2650,49.55,0
1070,38,Amazing pants/leggings,5,0,General,Bottoms,Pants,308,81.61,1
850,34,Fun top for all seasons,4,0,General,Tops,Blouses,415,49.55,1
1078,51,Loved the style but the fit was off,3,6,General,Dresses,Dresses,300,93.72,0
1059,40,Sweet trousers,5,0,General,Bottoms,Pants,755,80.22,1
916,51,Adorable!,5,1,General,Tops,Fine Gauge,468,49.22,1
1094,39,Entrancing,4,5,General Petite,Dresses,Dresses,523,91.47,1
1022,46,Flattering and comfortable,5,2,General,Bottoms,Jeans,636,86.44,1
839,44,No title provided,5,0,General,Tops,Blouses,626,50.7,1
824,42,Darker in person,4,7,General Petite,Tops,Blouses,837,50.91,1
864,50,Casual comfort,5,0,General,Tops,Knits,678,70.18,1
854,33,Ehhh...,3,3,General,Tops,Knits,591,73.19,0
927,55,Super cute,5,8,General,Tops,Sweaters,790,78.48,1
829,46,"Beautiful, stylish, goes with everything",5,6,General,Tops,Blouses,685,47.9,1
290,48,Warm and comfortable,4,0,Intimates,Intimate,Lounge,614,103.99,1
1059,60,"Great material, awkward length",3,0,General,Bottoms,Pants,833,80.22,0
907,35,"Cute design, itchy material",3,0,General Petite,Tops,Fine Gauge,1051,42.56,0
936,39,"Pretty, but buttons stand out too much.",4,2,General,Tops,Sweaters,340,76.18,1
826,41,Absolutely beautiful,5,0,General Petite,Tops,Blouses,414,47.75,1
825,26,Beautiful tunic!,5,0,General Petite,Tops,Blouses,457,51.28,1
1047,46,Cute but strange fit on me,3,0,General Petite,Bottoms,Pants,1250,80.12,0
1075,47,Way too big,3,0,General,Dresses,Dresses,623,88.95,0
1068,53,Love love love,5,1,General Petite,Bottoms,Pants,221,76.56,1
945,58,Great sweater vest...,5,1,General,Tops,Sweaters,254,79.07,1
836,26,Love this shirt,5,0,General,Tops,Blouses,252,52.71,1
831,32,Beautiful,5,0,General,Tops,Blouses,365,47.37,1
868,52,Fragile fabric,2,0,General,Tops,Knits,930,68.12,0
1078,38,Beautiful dress,4,4,General,Dresses,Dresses,828,93.72,1
667,42,"Loose, flowy top",5,0,General Petite,Intimate,Lounge,768,141.2,1
1078,31,Comfy and flattering,5,0,General,Dresses,Dresses,425,93.72,1
862,77,Petite proportions way off,2,2,General Petite,Tops,Knits,990,73.64,0
921,38,Amazing find!,5,0,General,Tops,Sweaters,380,73.65,1
861,46,Great shirt,5,0,General,Tops,Knits,313,72.0,1
863,42,Nice tee,5,0,General,Tops,Knits,371,70.52,1
967,42,Glam up any outfit,5,4,General,Jackets,Jackets,556,129.05,1
860,35,Better in person,5,0,General Petite,Tops,Knits,624,70.15,1
1078,57,Picture misleading,3,0,General Petite,Dresses,Dresses,994,93.72,0
1060,38,Not worth the $$,2,17,General Petite,Bottoms,Pants,397,75.43,0
895,47,Cutest sweater ever!,5,4,General,Tops,Fine Gauge,301,42.2,1
1008,40,This skirt is so beautiful,5,5,General,Bottoms,Skirts,518,61.13,1
1059,37,What a waste,1,0,General,Bottoms,Pants,1335,80.22,0
868,54,Super cute but fits like a petite,4,15,General,Tops,Knits,296,68.12,1
1077,65,Love it,5,0,General Petite,Dresses,Dresses,342,91.1,1
508,46,Perfect for hot summer nights!,5,7,Intimates,Intimate,Sleep,260,31.19,1
936,39,Beautiful,5,0,General Petite,Tops,Sweaters,805,76.18,1
1068,29,Great find,5,0,General Petite,Bottoms,Pants,692,76.56,1
834,28,Love love love,5,0,General,Tops,Blouses,785,49.52,1
1030,38,No title provided,2,1,General,Bottoms,Jeans,1479,97.28,0
895,67,No title provided,5,1,General Petite,Tops,Fine Gauge,333,42.2,1
1095,33,It fits!,4,6,General Petite,Dresses,Dresses,406,93.07,0
862,54,Cute top,3,16,General,Tops,Knits,374,73.64,1
872,24,"Loved it, but it didn't work for me.",4,9,General,Tops,Knits,697,73.48,1
820,45,Love this blouse!,5,0,General,Tops,Blouses,814,53.36,1
984,36,"Very nice, comfortable, great color",5,1,General Petite,Jackets,Jackets,378,120.15,1
891,27,**great for broad shouldered women**,5,0,General,Tops,Fine Gauge,176,51.27,1
1078,34,My new favorite dress,5,2,General,Dresses,Dresses,267,93.72,1
860,30,Love this tank!,5,2,General,Tops,Knits,427,70.15,1
829,64,Beautiful colors & fabric,4,3,General Petite,Tops,Blouses,897,47.9,1
1094,49,Nice work dress,4,1,General,Dresses,Dresses,524,91.47,1
1081,28,In love,5,0,General Petite,Dresses,Dresses,588,91.73,1
873,46,Love the jade green,5,0,General,Tops,Knits,221,75.3,1
1080,34,Beautiful and flowy,4,0,General,Dresses,Dresses,397,92.12,1
872,44,Odd neckline,1,0,General,Tops,Knits,2376,73.48,1
1022,60,Comfy stylish jeans,4,2,General,Bottoms,Jeans,315,86.44,1
965,36,Dressy casual,5,2,General,Jackets,Jackets,668,117.52,1
862,31,Shrinks! don't buy,1,0,General,Tops,Knits,2465,73.64,0
861,28,No title provided,3,0,General,Tops,Knits,480,72.0,1
1072,20,Beautiful,5,2,General,Dresses,Dresses,444,99.14,1
974,45,Perfection,5,6,General,Jackets,Jackets,248,125.76,1
975,57,"Poorly made, static, and too tight.",1,8,General Petite,Jackets,Jackets,626,128.22,0
828,60,Great staple piece!,5,5,General Petite,Tops,Blouses,641,48.45,1
862,26,Love,5,0,General,Tops,Knits,794,73.64,1
1082,44,Not for me...,3,2,General,Dresses,Dresses,868,92.41,1
1104,29,Perfect dress,5,1,General Petite,Dresses,Dresses,639,96.28,1
941,35,No title provided,5,1,General,Tops,Sweaters,563,73.85,1
873,48,Too long and shapeless,3,0,General,Tops,Knits,783,75.3,0
1082,30,No title provided,5,0,General Petite,Dresses,Dresses,342,92.41,1
815,52,Victorian in a good way,5,7,General Petite,Tops,Blouses,605,47.28,1
1094,34,Absolutely beautiful and comfortable,5,33,General Petite,Dresses,Dresses,711,91.47,1
1081,38,No title provided,5,0,General,Dresses,Dresses,293,91.73,1
838,39,Nice details,5,1,General,Tops,Blouses,146,45.19,1
835,35,"Gorgeous fabric, but fit is loose",4,5,General,Tops,Blouses,152,52.93,1
985,47,Excellent sweater jacket,5,2,General,Jackets,Jackets,393,128.35,1
850,48,Beautiful shirt,5,0,General,Tops,Blouses,760,49.55,1
1081,43,No title provided,5,1,General Petite,Dresses,Dresses,379,91.73,1
862,38,Cute tunic with interesting neckline,4,1,General,Tops,Knits,227,73.64,1
252,36,Perfect suit,5,4,Intimates,Intimate,Swim,540,63.81,1
927,48,"Thick, soft cashmere but style is not for me",4,3,General,Tops,Sweaters,636,78.48,1
850,46,Beautiful summer shirt; runs very large,4,4,General,Tops,Blouses,1006,49.55,1
1015,46,Wow!,5,0,General,Bottoms,Skirts,477,57.5,1
370,37,Great,5,4,Intimates,Intimate,Lounge,733,135.63,1
1099,48,"Soft, comfy, and a very casual",4,14,General Petite,Dresses,Dresses,905,86.93,1
1059,32,Ok pants,3,0,General,Bottoms,Pants,1256,80.22,1
1078,40,Navy striped dress,5,4,General Petite,Dresses,Dresses,361,93.72,1
867,60,It's huge.,2,2,General,Tops,Knits,1638,74.79,0
1035,51,Love these jeans!,5,0,General Petite,Bottoms,Jeans,419,98.29,1
864,36,Pretty and classic,5,0,General Petite,Tops,Knits,207,70.18,1
879,34,Great unique striped tee,5,0,General Petite,Tops,Knits,253,73.13,1
1009,34,No title provided,5,1,General,Bottoms,Skirts,598,57.29,1
1110,42,No title provided,5,29,General Petite,Dresses,Dresses,821,94.49,1
1049,39,Like but flaws for me,4,1,General,Bottoms,Pants,450,93.2,1
854,32,No title provided,5,0,General Petite,Tops,Knits,667,73.19,1
862,34,A pop of color and style,4,11,General Petite,Tops,Knits,776,73.64,1
839,45,Love it,5,1,General Petite,Tops,Blouses,197,50.7,1
1098,48,Beautiful but runs very large,4,1,General,Dresses,Dresses,817,98.21,0
623,33,Fabric pulls very easily!,3,5,Intimates,Intimate,Lounge,445,101.97,0
1056,59,Love these!,5,0,General Petite,Bottoms,Pants,575,74.82,1
603,51,Gorgeous shorts,3,0,General,Bottoms,Shorts,608,54.78,1
1008,48,Coolest skirt i've seen in a while,5,18,General Petite,Bottoms,Skirts,377,61.13,1
1092,47,No title provided,4,19,General Petite,Dresses,Dresses,604,97.49,1
818,57,Simple and pretty,5,1,General,Tops,Blouses,394,50.65,1
1078,42,Fabric quality,3,3,General Petite,Dresses,Dresses,751,93.72,0
1078,35,"Great print, awkward cut",3,3,General,Dresses,Dresses,724,93.72,0
875,44,Perfect fall piece,4,7,General,Tops,Knits,393,72.72,1
1121,38,Perfect!,5,1,General,Jackets,Outerwear,240,109.42,1
863,36,Go go gadget arms!,3,1,General Petite,Tops,Knits,442,70.52,0
1094,45,Cute dress... for summer!,4,0,General Petite,Dresses,Dresses,590,91.47,1
1116,46,Too bulky,1,1,General,Jackets,Outerwear,1950,112.45,0
873,49,Classic style with nice details,5,0,General,Tops,Knits,723,75.3,1
862,68,Will never be the same after washing,1,0,General,Tops,Knits,1026,73.64,0
1036,40,"Great quality, perfect jeans!!",5,2,General,Bottoms,Jeans,133,104.34,1
282,45,Love these!,5,3,General,Bottoms,Shorts,227,34.65,1
1081,68,Comfortable and casual,4,2,General Petite,Dresses,Dresses,981,91.73,1
1110,56,Gorgeous dress!,5,11,General Petite,Dresses,Dresses,677,94.49,1
877,31,No title provided,5,4,General,Tops,Knits,199,76.05,1
1022,57,So comfy!!,5,0,General,Bottoms,Jeans,750,86.44,1
1078,58,Classy cling,5,0,General,Dresses,Dresses,654,93.72,1
1089,42,Artsy and beautiful,5,2,General,Dresses,Dresses,772,99.69,1
965,47,It's cute,4,0,General,Jackets,Jackets,413,117.52,1
1092,47,Lovely and comfortable,5,0,General Petite,Dresses,Dresses,743,97.49,1
1066,32,Love these!,5,1,General Petite,Bottoms,Pants,420,73.42,1
861,32,"Cute, breezy, comfy",4,5,General,Tops,Knits,845,72.0,1
1087,46,I wish it looked like it did on the model,2,0,General Petite,Dresses,Dresses,1322,91.71,0
1087,24,Great maternity dress,5,0,General Petite,Dresses,Dresses,630,91.71,1
822,59,Breath of fresh air,5,1,General,Tops,Blouses,216,42.99,1
1110,34,No title provided,4,0,General,Dresses,Dresses,735,94.49,1
1044,68,"Very cute, but impossible to put on",3,6,General,Bottoms,Pants,923,75.37,0
1081,47,Easy summer dress,4,4,General Petite,Dresses,Dresses,337,91.73,1
861,60,The perfect tee!,5,8,General,Tops,Knits,382,72.0,1
1009,56,No title provided,5,1,General Petite,Bottoms,Skirts,680,57.29,1
1146,38,Great material,5,0,General,Trend,Trend,558,75.11,1
961,40,Best thing since sliced bread,5,0,General,Jackets,Jackets,235,148.93,1
867,66,Off fit,2,0,General,Tops,Knits,1813,74.79,0
872,67,Great for summer,4,2,General Petite,Tops,Knits,446,73.48,1
1094,39,Sweet and sexy at the same time,5,9,General,Dresses,Dresses,482,91.47,1
673,38,Paper thin,3,1,General Petite,Intimate,Lounge,1131,69.15,0
863,35,Completely disappointed!,4,5,General,Tops,Knits,873,70.52,0
1028,45,Great jeans!,5,0,General Petite,Bottoms,Jeans,381,79.71,1
1104,28,Obsessed,5,5,General Petite,Dresses,Dresses,541,96.28,1
861,26,Super comfy,5,11,General Petite,Tops,Knits,444,72.0,1
1116,43,For the woman who is vibrant and dynamic,5,1,General,Jackets,Outerwear,258,112.45,1
1094,54,"Interesting, gorgeous dress",5,0,General,Dresses,Dresses,490,91.47,1
1095,44,Unflattering and uncomfortable,3,5,General,Dresses,Dresses,330,93.07,0
829,66,Love it,5,8,General Petite,Tops,Blouses,450,47.9,1
1110,67,So pretty,5,3,General,Dresses,Dresses,458,94.49,1
1086,30,Perfect fall dress,5,0,General,Dresses,Dresses,708,97.04,1
879,35,Easy casual shirt,4,0,General Petite,Tops,Knits,945,73.13,1
719,58,So pretty,4,0,Intimates,Intimate,Lounge,810,89.44,1
841,24,Cute and versatile top,4,0,General,Tops,Blouses,648,41.58,1
950,38,Heavy and boxy,3,1,General,Tops,Sweaters,955,69.31,0
862,36,Worst blouse i've ordered....ever :(,1,43,General,Tops,Knits,2419,73.64,0
1083,72,Simple tunic with lots of transition possibilities,3,11,General Petite,Dresses,Dresses,1261,93.86,1
1074,39,Slayed,5,1,General,Dresses,Dresses,731,100.37,1
1110,49,Couldn't wait to see this in person!,5,1,General,Dresses,Dresses,437,94.49,1
1086,67,Very flattering!!,5,6,General Petite,Dresses,Dresses,318,97.04,1
833,46,Beautiful but lots of material,3,6,General Petite,Tops,Blouses,1234,49.96,0
1072,36,No title provided,5,0,General,Dresses,Dresses,621,99.14,1
867,56,Amazing,4,0,General,Tops,Knits,708,74.79,1
1049,31,Looking forward to wearing these fancy pants!,5,1,General Petite,Bottoms,Pants,212,93.2,1
1095,29,Fun sundress,5,5,General,Dresses,Dresses,287,93.07,1
833,44,Pretty top but too delicate,3,3,General,Tops,Blouses,497,49.96,0
1086,62,Exactly as pictured,4,2,General Petite,Dresses,Dresses,927,97.04,1
1110,41,"Good fit, ok material",3,0,General,Dresses,Dresses,418,94.49,1
941,64,A great long swtr w/ patch pockets!,5,6,General,Tops,Sweaters,808,73.85,0
941,45,Thick and cozy,4,0,General,Tops,Sweaters,380,73.85,1
1075,58,Bold!,4,7,General Petite,Dresses,Dresses,241,88.95,1
1035,42,Nice but a little skinny,4,0,General Petite,Bottoms,Jeans,1033,98.29,1
1016,67,Mission impossible,1,13,General,Bottoms,Skirts,3514,58.11,0
871,70,No title provided,2,0,General,Tops,Knits,615,79.98,0
829,50,Such a cute top!,4,0,General Petite,Tops,Blouses,440,47.9,1
861,49,Love it buy it!,5,1,General,Tops,Knits,542,72.0,1
1104,63,Sweet surprise,5,25,General Petite,Dresses,Dresses,346,96.28,1
824,36,Gooooorgeous,5,1,General Petite,Tops,Blouses,367,50.91,1
1035,34,Stretchs out,3,0,General Petite,Bottoms,Jeans,884,98.29,1
1072,59,"Classy dress, husband loved it!",5,0,General,Dresses,Dresses,138,99.14,1
169,38,No title provided,5,0,Intimates,Intimate,Legwear,323,75.22,1
1068,37,No title provided,4,0,General Petite,Bottoms,Pants,441,76.56,1
1094,54,Classy,5,0,General Petite,Dresses,Dresses,778,91.47,1
661,39,No title provided,5,6,General Petite,Intimate,Lounge,353,89.87,1
251,37,Wanted to love this!,5,8,Intimates,Intimate,Lounge,615,119.01,1
820,34,No title provided,5,1,General,Tops,Blouses,631,53.36,1
872,66,Cute and comfy,5,0,General Petite,Tops,Knits,608,73.48,1
862,65,Perfect tee!,5,0,General,Tops,Knits,796,73.64,1
829,36,Adorable top!,5,0,General Petite,Tops,Blouses,740,47.9,1
861,24,Comfortable t-shirt,5,0,General Petite,Tops,Knits,746,72.0,1
1061,47,Not for the tall...,4,1,General,Bottoms,Pants,421,81.45,1
1078,50,I love this dress so much i almost said a bad word,5,3,General,Dresses,Dresses,264,93.72,1
829,51,Its alright,2,1,General,Tops,Blouses,1112,47.9,0
1009,39,"Good idea, wrong color.",3,0,General Petite,Bottoms,Skirts,247,57.29,1
909,56,Easy flattery,4,5,General,Tops,Fine Gauge,639,44.64,1
820,60,No title provided,5,1,General,Tops,Blouses,243,53.36,1
1095,33,No bra unicorn dress!,4,0,General,Dresses,Dresses,835,93.07,1
868,44,No title provided,5,0,General Petite,Tops,Knits,541,68.12,1
863,48,Super soft!,5,0,General,Tops,Knits,484,70.52,1
1110,33,No title provided,3,0,General,Dresses,Dresses,360,94.49,1
867,34,Incredibly unflattering,1,1,General,Tops,Knits,3588,74.79,0
988,26,My heart broke a little when i received this skirt,2,3,General,Bottoms,Skirts,691,56.33,0
967,27,Staple item,5,0,General,Jackets,Jackets,456,129.05,1
1056,64,Great pants but be careful...,3,0,General Petite,Bottoms,Pants,259,74.82,1
1110,47,No title provided,5,13,General Petite,Dresses,Dresses,352,94.49,1
365,39,"So cute, but blue?",5,0,Intimates,Intimate,Lounge,451,142.75,1
862,49,Grabbed it in the store!,5,12,General Petite,Tops,Knits,217,73.64,1
1078,39,Autumn morning glory,5,21,General Petite,Dresses,Dresses,235,93.72,1
869,63,Beautiful garment,5,1,General Petite,Tops,Knits,712,66.54,1
777,48,Happy girl!,5,1,Intimates,Intimate,Lounge,416,70.27,1
394,38,Love it!,5,0,Intimates,Intimate,Swim,609,60.95,1
1062,19,Perfect jumpsuit!,5,3,General,Bottoms,Pants,701,58.81,1
878,41,Perfect sweatshirt,5,1,General,Tops,Knits,287,69.9,1
829,40,Close to perfect,5,1,General Petite,Tops,Blouses,184,47.9,1
862,26,Very good,4,2,General Petite,Tops,Knits,571,73.64,1
862,29,Beautiful top,5,3,General,Tops,Knits,750,73.64,1
875,58,Good summer datetop,5,0,General,Tops,Knits,507,72.72,1
863,31,Crazy cute!,5,0,General,Tops,Knits,260,70.52,1
1104,36,No title provided,5,1,General,Dresses,Dresses,667,96.28,1
1078,52,Lovely,4,0,General,Dresses,Dresses,766,93.72,1
1077,45,Love it,5,4,General Petite,Dresses,Dresses,505,91.1,1
1094,44,No title provided,5,4,General Petite,Dresses,Dresses,164,91.47,1
921,51,So much potential...,2,2,General,Tops,Sweaters,1677,73.65,0
1033,52,"Polished, a step up from average jeans",5,6,General Petite,Bottoms,Jeans,438,92.45,1
889,41,Disappointing,2,10,General,Tops,Fine Gauge,1821,47.1,0
75,28,So fun!,5,1,General,Bottoms,Shorts,248,28.63,1
1030,37,Runs large,4,0,General,Bottoms,Jeans,568,97.28,1
1095,49,Funky plaid!,5,4,General Petite,Dresses,Dresses,788,93.07,1
1081,35,This dress hit the spot...,5,0,General Petite,Dresses,Dresses,513,91.73,1
862,66,??so cute,5,3,General Petite,Tops,Knits,800,73.64,1
1153,82,Perfect lnd (little navy dress),5,4,General,Dresses,Dresses,227,94.86,1
463,32,Perfect,5,0,Intimates,Intimate,Layering,761,120.91,1
892,27,Wonderful wrap cardigan,5,0,General,Tops,Fine Gauge,468,58.46,1
1093,41,Just beautiful...,5,1,General Petite,Dresses,Dresses,453,119.27,1
1056,54,Most stylish chinos around,5,1,General,Bottoms,Pants,433,74.82,1
825,49,Runs small in the bust,3,5,General Petite,Tops,Blouses,991,51.28,0
872,48,Very impressed,5,1,General,Tops,Knits,316,73.48,1
830,36,Fun & different,4,1,General,Tops,Blouses,754,48.89,1
984,66,Perfect color and fit,5,0,General,Jackets,Jackets,570,120.15,1
898,50,I'd rather pay property taxes than buy this one!,2,7,General,Tops,Fine Gauge,495,37.43,0
879,25,I really wanted to like this,3,0,General,Tops,Knits,549,73.13,0
860,40,Unflattering,1,7,General,Tops,Knits,1810,70.15,0
823,33,Darling top,5,0,General,Tops,Blouses,584,47.13,1
858,28,Runs small,3,11,General Petite,Tops,Knits,604,73.83,0
1078,40,Adorable and comfortable,5,3,General,Dresses,Dresses,448,93.72,1
877,67,Best t-shirt,5,2,General,Tops,Knits,368,76.05,1
881,52,Perfect for party,4,0,General,Tops,Knits,438,74.78,1
1075,65,Lovely dress,4,0,General,Dresses,Dresses,850,88.95,1
1082,45,Cute....but,3,1,General,Dresses,Dresses,181,92.41,1
346,41,Beautiful color,4,1,Intimates,Intimate,Swim,187,75.67,1
861,66,Sporty and chic,5,1,General,Tops,Knits,549,72.0,1
240,43,No title provided,4,0,Intimates,Intimate,Swim,216,73.62,1
857,41,"My best retailer purchase, ever",5,0,General Petite,Tops,Knits,362,75.61,1
1078,46,Love it!,5,3,General,Dresses,Dresses,345,93.72,1
839,28,Pretty but very short,3,0,General,Tops,Blouses,646,50.7,0
1009,43,Great detailing,4,1,General,Bottoms,Skirts,420,57.29,1
1044,48,Even works for the petite,5,2,General,Bottoms,Pants,175,75.37,1
1047,39,No title provided,3,2,General Petite,Bottoms,Pants,252,80.12,0
877,33,Great fit!,5,0,General,Tops,Knits,415,76.05,1
1068,61,"Super soft, great fit",5,5,General,Bottoms,Pants,690,76.56,1
850,49,No title provided,4,0,General,Tops,Blouses,702,49.55,1
1081,56,Stunning dress,5,2,General Petite,Dresses,Dresses,711,91.73,1
1086,41,Surprisingly very flattering!,5,2,General Petite,Dresses,Dresses,800,97.04,1
881,36,"Cozy, but runs large",4,1,General,Tops,Knits,934,74.78,1
863,65,Indecisive,4,0,General,Tops,Knits,738,70.52,1
472,33,No title provided,5,5,General Petite,Bottoms,Pants,495,70.82,1
1122,62,Madly in love!,5,2,General,Jackets,Outerwear,134,135.18,1
861,41,I'm going to wear it a lot,4,2,General,Tops,Knits,486,72.0,1
895,32,No title provided,5,0,General,Tops,Fine Gauge,393,42.2,1
406,28,Didn't work for me,2,14,Intimates,Intimate,Swim,1044,45.68,0
936,49,Soooo soft!,5,1,General Petite,Tops,Sweaters,547,76.18,1
1094,29,Pretty,4,1,General Petite,Dresses,Dresses,338,91.47,1
1099,35,Lovely,5,0,General Petite,Dresses,Dresses,172,86.93,1
825,53,Not flattering on me,1,0,General,Tops,Blouses,1002,51.28,0
865,45,Finished touch in one piece,5,1,General,Tops,Knits,687,71.54,1
1078,63,No title provided,5,36,General,Dresses,Dresses,642,93.72,1
949,55,Love this sweater!!!!!,5,8,General,Tops,Sweaters,488,72.49,1
1030,45,Super cute. a wee bit small.,4,0,General,Bottoms,Jeans,854,97.28,1
940,44,Hip sweater,5,0,General,Tops,Sweaters,430,77.06,1
1110,42,Adorable dress,5,6,General,Dresses,Dresses,519,94.49,1
1191,59,Not really a honey,4,0,General,Bottoms,Pants,853,87.06,1
1099,41,Nice quality but boxy fit,2,5,General Petite,Dresses,Dresses,1494,86.93,0
862,35,Gorgeous sweater,5,0,General,Tops,Knits,612,73.64,1
1076,37,I really don't have enough bad things to say...,1,3,General,Dresses,Dresses,3005,101.83,0
921,47,Cool sweater,4,1,General,Tops,Sweaters,624,73.65,1
917,52,Edgy comfort,5,0,General,Tops,Fine Gauge,626,33.69,1
828,36,No title provided,4,2,General,Tops,Blouses,741,48.45,1
862,37,Comfy cozy top!,5,0,General,Tops,Knits,687,73.64,1
1037,60,Not worth it for the price,3,0,General,Bottoms,Jeans,600,83.76,0
1076,39,No title provided,5,0,General,Dresses,Dresses,175,101.83,1
1084,41,Beautiful and fun dress!,4,0,General Petite,Dresses,Dresses,575,94.59,1
1075,31,Perfect easy summer outfit,5,0,General,Dresses,Dresses,725,88.95,1
1008,38,Center pleat off center,1,0,General Petite,Bottoms,Skirts,2655,61.13,0
868,38,Nice top!,5,1,General,Tops,Knits,642,68.12,1
839,36,Elegant and feminine,5,0,General,Tops,Blouses,480,50.7,1
1042,67,Love the fit,5,6,General,Bottoms,Pants,303,95.1,1
576,51,Just what i expected!,4,0,General,Bottoms,Shorts,637,53.9,1
941,33,No way,1,0,General Petite,Tops,Sweaters,732,73.85,0
1091,44,Gorgeous,5,2,General,Dresses,Dresses,689,96.01,1
1009,51,Halfway lovely,3,4,General Petite,Bottoms,Skirts,1078,57.29,0
940,30,For a specific person,3,0,General,Tops,Sweaters,621,77.06,1
877,37,Easy and comfortable,4,9,General Petite,Tops,Knits,548,76.05,1
834,37,Super cute summer top,4,1,General Petite,Tops,Blouses,888,49.52,1
1094,36,Nod to mod,5,0,General Petite,Dresses,Dresses,433,91.47,1
866,52,No title provided,4,0,General,Tops,Knits,756,77.38,1
850,53,No title provided,4,0,General Petite,Tops,Blouses,297,49.55,1
868,30,Lovely but large!,4,1,General,Tops,Knits,465,68.12,1
1094,41,Too much,3,13,General,Dresses,Dresses,550,91.47,0
833,40,No title provided,2,0,General,Tops,Blouses,1824,49.96,0
1094,90,Gorgeous,5,0,General Petite,Dresses,Dresses,724,91.47,1
908,55,No title provided,4,1,General,Tops,Fine Gauge,398,52.12,1
1081,45,Fun summer frock,4,3,General,Dresses,Dresses,562,91.73,1
993,35,No title provided,3,0,General Petite,Bottoms,Skirts,1003,58.25,0
1030,48,No title provided,4,0,General,Bottoms,Jeans,411,97.28,1
895,46,Poncho x3,5,0,General,Tops,Fine Gauge,604,42.2,1
867,31,No title provided,3,0,General Petite,Tops,Knits,439,74.79,0
863,33,Great color and drape,4,0,General,Tops,Knits,898,70.52,1
860,37,Black or grey?,4,0,General Petite,Tops,Knits,348,70.15,1
830,43,No title provided,4,1,General,Tops,Blouses,821,48.89,1
867,79,Very flattering!,5,0,General,Tops,Knits,734,74.79,1
1094,28,Fits weird,2,1,General Petite,Dresses,Dresses,1064,91.47,0
1078,53,Elysian maxi dress,1,0,General Petite,Dresses,Dresses,405,93.72,0
936,37,No title provided,3,0,General Petite,Tops,Sweaters,226,76.18,0
1056,45,Awesome chinos,5,0,General Petite,Bottoms,Pants,788,74.82,1
1044,36,Highly recommend!,5,2,General,Bottoms,Pants,634,75.37,1
1094,62,Nice dress,5,2,General Petite,Dresses,Dresses,721,91.47,1
850,37,No title provided,5,0,General Petite,Tops,Blouses,691,49.55,1
829,45,No title provided,4,6,General,Tops,Blouses,421,47.9,1
909,41,No title provided,3,0,General,Tops,Fine Gauge,825,44.64,0
839,48,Buy this shirt before it sells out,5,0,General,Tops,Blouses,439,50.7,1
872,53,"Pretty, soft, sheer",2,0,General Petite,Tops,Knits,1401,73.48,0
829,60,Perfect top for work,4,0,General,Tops,Blouses,317,47.9,1
1033,46,Super cute,5,16,General,Bottoms,Jeans,755,92.45,1
907,47,No title provided,5,0,General,Tops,Fine Gauge,725,42.56,1
863,35,"Strange sizing, but fabulous color",3,2,General Petite,Tops,Knits,1036,70.52,1
998,61,Elegant skirt,4,4,General,Bottoms,Skirts,834,62.88,1
872,43,Fun tee!,5,1,General,Tops,Knits,288,73.48,1
830,54,Beautiful,5,2,General,Tops,Blouses,723,48.89,1
1030,41,Just like the photo!!,5,1,General,Bottoms,Jeans,760,97.28,1
830,31,Love it!,5,0,General Petite,Tops,Blouses,288,48.89,1
594,43,No title provided,5,1,Intimates,Intimate,Lounge,222,145.54,1
898,72,Love,5,0,General,Tops,Fine Gauge,448,37.43,1
380,35,Had high hopes but pattern is sewn crooked,2,1,Intimates,Intimate,Swim,955,44.11,0
895,33,Perfect for cooler weather!,5,2,General,Tops,Fine Gauge,358,42.2,1
1025,40,Best jeans ever,5,0,General Petite,Bottoms,Jeans,456,83.99,1
868,46,No title provided,4,0,General,Tops,Knits,290,68.12,1
818,49,Great shirt,4,0,General,Tops,Blouses,571,50.65,1
419,46,Dreamy pajama pants,5,1,General Petite,Intimate,Lounge,379,108.62,1
301,35,"Good, not great...",3,2,Intimates,Intimate,Swim,338,70.42,0
1078,40,"Beautiful dress, odd fit",3,0,General Petite,Dresses,Dresses,229,93.72,0
1081,62,Funny armholes,4,3,General Petite,Dresses,Dresses,220,91.73,1
1075,60,No no not for me,3,1,General Petite,Dresses,Dresses,381,88.95,1
745,33,Super soft and comfortable,5,0,Intimates,Intimate,Legwear,359,88.09,1
1056,45,Love the color!,5,0,General,Bottoms,Pants,227,74.82,1
215,47,"Good product, comfortable",4,2,Intimates,Intimate,Legwear,914,71.46,1
927,38,Soft but a bit maternity,4,8,General,Tops,Sweaters,345,78.48,1
1147,35,Unexpectedly wonderful,5,3,General,Trend,Trend,723,75.46,1
1126,31,Love this jacket,5,0,General Petite,Jackets,Outerwear,568,124.66,1
203,48,Comfy,4,5,Intimates,Intimate,Lounge,394,128.47,1
903,36,Feminine,5,0,General Petite,Tops,Fine Gauge,264,42.72,1
899,42,Bulky and itchy,3,2,General,Tops,Fine Gauge,1314,37.31,0
1037,30,Please make more pants like these!,5,3,General Petite,Bottoms,Jeans,547,83.76,1
1080,38,Love!,5,0,General,Dresses,Dresses,638,92.12,1
857,36,No title provided,5,0,General Petite,Tops,Knits,346,75.61,1
1078,30,No title provided,5,0,General Petite,Dresses,Dresses,645,93.72,1
862,65,No title provided,5,0,General Petite,Tops,Knits,635,73.64,1
1086,29,Not for the busty,3,0,General Petite,Dresses,Dresses,295,97.04,0
1190,42,Vegan leather,5,0,General Petite,Bottoms,Jeans,410,99.3,1
1042,23,Beautiful but roomy,5,3,General,Bottoms,Pants,313,95.1,1
941,56,"Beautiful color and tweed design, strange fit",3,0,General Petite,Tops,Sweaters,560,73.85,0
829,47,Great,5,2,General Petite,Tops,Blouses,763,47.9,1
1047,41,No title provided,3,0,General,Bottoms,Pants,455,80.12,1
829,38,Love this top,5,1,General Petite,Tops,Blouses,688,47.9,1
867,44,Absolutely adorable,5,3,General Petite,Tops,Knits,825,74.79,1
1055,36,Adorable culottes!,4,4,General Petite,Bottoms,Pants,879,81.0,1
100,44,Sizing is off,4,3,Intimates,Intimate,Intimates,332,39.71,1
864,60,As pictured,5,0,General,Tops,Knits,456,70.18,1
1092,60,So much detail!,5,2,General,Dresses,Dresses,564,97.49,1
1080,35,No title provided,2,0,General Petite,Dresses,Dresses,796,92.12,0
825,53,No title provided,5,1,General,Tops,Blouses,434,51.28,1
974,34,Not as small as other reviewers have said,5,1,General,Jackets,Jackets,411,125.76,1
829,51,All the buzz,5,0,General,Tops,Blouses,232,47.9,1
1083,64,Sad from ms designs,2,2,General,Dresses,Dresses,1121,93.86,0
875,41,Armholes too large,4,4,General,Tops,Knits,491,72.72,0
1078,37,At once matronly and sexy?,3,0,General,Dresses,Dresses,846,93.72,0
1016,60,Great casual skirt,5,0,General,Bottoms,Skirts,710,58.11,1
1110,38,Elegant sundress,5,1,General,Dresses,Dresses,557,94.49,1
1094,81,No title provided,2,3,General Petite,Dresses,Dresses,1757,91.47,0
1089,46,Comfortable and colorful dress,4,1,General,Dresses,Dresses,1006,99.69,1
872,35,Cute comfy casual,5,0,General,Tops,Knits,322,73.48,1
732,43,Unique little socks,4,0,Intimates,Intimate,Legwear,506,117.67,1
1094,53,Love this dress but not for me!,4,6,General,Dresses,Dresses,896,91.47,1
831,63,Pretty print!!!,5,2,General,Tops,Blouses,754,47.37,1
1119,39,No title provided,5,0,General,Jackets,Outerwear,556,153.93,1
1094,41,"Fun, feminine and functional",5,0,General Petite,Dresses,Dresses,390,91.47,1
872,50,I wear the top backwards!,4,5,General Petite,Tops,Knits,430,73.48,1
1115,71,No title provided,3,44,General,Jackets,Outerwear,1082,108.61,0
866,42,Swingy and cute but too wide,2,0,General Petite,Tops,Knits,796,77.38,0
1030,44,No title provided,5,0,General,Bottoms,Jeans,286,97.28,1
950,33,The brown/gray version is cropped,1,2,General,Tops,Sweaters,935,69.31,0
1081,45,"Really cute dress, if you can do the handkerchief",3,0,General Petite,Dresses,Dresses,750,91.73,1
909,56,Lovely sweater,5,1,General,Tops,Fine Gauge,609,44.64,1
937,41,Poorly placed ruffles,4,3,General,Tops,Sweaters,793,68.37,0
1033,41,Great fit,4,1,General,Bottoms,Jeans,290,92.45,1
820,35,Beyond cute,4,1,General Petite,Tops,Blouses,168,53.36,1
1033,50,No title provided,5,0,General,Bottoms,Jeans,244,92.45,1
861,69,No title provided,5,0,General Petite,Tops,Knits,300,72.0,1
1028,35,Great denim,5,2,General,Bottoms,Jeans,745,79.71,1
1028,55,The perfect jeans!,5,4,General,Bottoms,Jeans,559,79.71,1
1099,36,"Not silk, but a great dress",4,7,General Petite,Dresses,Dresses,368,86.93,1
395,32,Great fit,5,1,Intimates,Intimate,Swim,574,53.76,1
824,63,Beautiful,5,0,General,Tops,Blouses,604,50.91,1
865,46,No title provided,5,0,General,Tops,Knits,534,71.54,1
1072,51,Loved how the front looked.,4,0,General,Dresses,Dresses,934,99.14,1
1086,42,No title provided,5,5,General,Dresses,Dresses,189,97.04,1
1099,35,Better for busty ladies,4,0,General Petite,Dresses,Dresses,586,86.93,1
1095,34,"Tight in bust, sheer, and babydoll look",2,19,General,Dresses,Dresses,1641,93.07,0
1082,31,Has no shape,3,1,General,Dresses,Dresses,390,92.41,0
895,48,Great piece,5,1,General,Tops,Fine Gauge,468,42.2,1
895,66,Cutest vest,5,6,General,Tops,Fine Gauge,488,42.2,1
1008,54,Versatile skirt,5,3,General,Bottoms,Skirts,635,61.13,1
1056,53,Must have!,5,0,General,Bottoms,Pants,491,74.82,1
832,64,No title provided,3,7,General Petite,Tops,Blouses,637,53.46,0
1086,39,Perfect winter dress,5,4,General Petite,Dresses,Dresses,189,97.04,1
833,43,Pretty top,4,0,General Petite,Tops,Blouses,601,49.96,1
145,48,No title provided,5,10,Intimates,Intimate,Sleep,643,33.51,1
421,44,No title provided,1,0,General Petite,Intimate,Lounge,1717,76.22,0
877,62,Fun tee,4,0,General,Tops,Knits,647,76.05,1
877,31,No title provided,5,4,General Petite,Tops,Knits,567,76.05,1
1092,33,No title provided,5,0,General,Dresses,Dresses,294,97.49,1
818,62,Runs large,2,3,General,Tops,Blouses,1199,50.65,0
1004,28,Beautiful fall skirt,5,0,General Petite,Bottoms,Skirts,284,59.69,1
829,33,Flutter poplin top,3,0,General,Tops,Blouses,287,47.9,1
834,37,Black and white is navy?,4,2,General,Tops,Blouses,988,49.52,1
1094,37,Great for pregnancy,5,2,General,Dresses,Dresses,494,91.47,1
878,39,Very thin,3,2,General Petite,Tops,Knits,325,69.9,0
1110,66,Lots of compliments,4,0,General,Dresses,Dresses,854,94.49,1
873,43,Beautiful lace,5,3,General,Tops,Knits,405,75.3,1
822,34,No title provided,5,0,General Petite,Tops,Blouses,465,42.99,1
1077,47,Wonderful and easy dress,4,1,General,Dresses,Dresses,881,91.1,1
1077,32,Size up and you'll love it,4,0,General,Dresses,Dresses,473,91.1,1
1033,57,Low in the back.,4,23,General,Bottoms,Jeans,659,92.45,1
909,45,Beautiful,5,0,General,Tops,Fine Gauge,278,44.64,1
835,27,"Pretty, but boxy",4,0,General,Tops,Blouses,480,52.93,1
936,39,I call this green carpet,4,3,General Petite,Tops,Sweaters,833,76.18,1
1117,51,Cool but has it's flaws,4,2,General Petite,Jackets,Outerwear,158,98.51,1
774,35,Maybe for some...,3,2,Intimates,Intimate,Lounge,612,108.12,0
595,33,No title provided,5,1,Intimates,Intimate,Lounge,781,103.52,1
364,53,No title provided,4,0,General Petite,Intimate,Lounge,866,101.11,1
1078,62,"Love, love, love this dress...!",5,31,General Petite,Dresses,Dresses,668,93.72,1
1116,43,Stellar funky 70's look,5,2,General,Jackets,Outerwear,539,112.45,1
1009,36,Great color,5,1,General,Bottoms,Skirts,693,57.29,1
1153,37,Too big!,3,1,General,Dresses,Dresses,1035,94.86,1
1081,64,Better for taller women,3,0,General Petite,Dresses,Dresses,475,91.73,0
1078,28,Love this fabric!,5,0,General,Dresses,Dresses,442,93.72,1
1033,60,Best summer jeans!,5,3,General Petite,Bottoms,Jeans,642,92.45,1
1022,29,A lot of give in these,4,0,General,Bottoms,Jeans,448,86.44,1
864,52,It really is true to size,4,0,General,Tops,Knits,612,70.18,1
477,24,No title provided,5,2,Intimates,Intimate,Sleep,309,24.66,1
1081,59,The it dress,5,0,General Petite,Dresses,Dresses,472,91.73,1
830,63,No title provided,5,1,General,Tops,Blouses,772,48.89,1
1086,41,No title provided,5,0,General Petite,Dresses,Dresses,387,97.04,1
1082,60,Bohemian tartan palid,5,6,General Petite,Dresses,Dresses,317,92.41,1
867,42,"Cute, very long in person",4,2,General Petite,Tops,Knits,624,74.79,1
867,71,Quite versitile.,5,2,General Petite,Tops,Knits,678,74.79,1
1055,34,Ribbon cinched trousers,5,0,General,Bottoms,Pants,739,81.0,1
121,35,Deep 'v',4,21,Intimates,Intimate,Layering,855,110.76,1
1020,40,Love it!,5,2,General,Bottoms,Skirts,259,60.91,1
1020,55,Goes with anything,5,1,General,Bottoms,Skirts,361,60.91,1
1078,35,"Flattering, size up",4,0,General,Dresses,Dresses,287,93.72,1
850,23,Very cute,5,0,General Petite,Tops,Blouses,284,49.55,1
1022,66,Almost,4,0,General,Bottoms,Jeans,630,86.44,1
417,51,Stretchy,4,0,General,Bottoms,Shorts,700,37.07,1
907,49,"Nice basic piece, will get a lot of wear.",5,3,General,Tops,Fine Gauge,454,42.56,1
945,53,Ordinary for the price,1,12,General,Tops,Sweaters,2372,79.07,0
1094,41,Not for curvy girls,4,0,General,Dresses,Dresses,997,91.47,1
1094,32,Loved the colors,5,0,General,Dresses,Dresses,668,91.47,1
1086,42,This dress is not like in the photo irl,3,2,General,Dresses,Dresses,662,97.04,1
1078,43,"Wrinkly cotton, nice shape",3,0,General Petite,Dresses,Dresses,713,93.72,1
1078,29,Beautiful dress,5,0,General Petite,Dresses,Dresses,718,93.72,1
836,31,Not as pictured,2,6,General,Tops,Blouses,855,52.71,0
1094,52,Lovely!,4,6,General Petite,Dresses,Dresses,389,91.47,1
1056,43,Color bleeds and discolors the pant.,2,0,General,Bottoms,Pants,747,74.82,0
260,51,No title provided,5,4,Intimates,Intimate,Lounge,162,96.31,1
829,45,Super cute,5,0,General,Tops,Blouses,456,47.9,1
876,30,Runs a bit large,5,0,General,Tops,Knits,413,72.01,1
293,29,Unique detailing / boho,5,0,Intimates,Intimate,Swim,128,65.76,1
1078,54,Love this dress!,5,0,General Petite,Dresses,Dresses,826,93.72,1
823,47,Petite frames will love this!,1,0,General,Tops,Blouses,1844,47.13,0
1080,43,Playful and easy to wear,5,1,General,Dresses,Dresses,765,92.12,1
1089,34,Shimmering green classic cocktail dress,5,23,General,Dresses,Dresses,552,99.69,1
1035,42,The denim god's answered my prayers!,5,2,General Petite,Bottoms,Jeans,255,98.29,1
878,36,Perfect tunic,5,5,General,Tops,Knits,667,69.9,1
820,58,Cute top,5,16,General,Tops,Blouses,272,53.36,1
833,40,"Pretty, but...",4,5,General Petite,Tops,Blouses,978,49.96,1
985,50,Cute style,5,0,General Petite,Jackets,Jackets,573,128.35,1
1074,28,I love this dress,5,0,General Petite,Dresses,Dresses,791,100.37,1
1082,36,Love this dress!,5,3,General Petite,Dresses,Dresses,692,92.41,1
1054,26,No title provided,5,2,General,Bottoms,Pants,748,63.35,1
929,45,I really wanted to love this but...,3,12,General,Tops,Sweaters,315,90.13,0
1126,57,No title provided,5,0,General Petite,Jackets,Outerwear,678,124.66,1
1094,32,Curvy girls beware,3,0,General,Dresses,Dresses,773,91.47,0
681,53,"Nice, but colors not quite as pictured",4,1,Intimates,Intimate,Lounge,199,119.26,1
844,45,Strange cut,2,0,General,Tops,Blouses,889,58.97,0
417,47,Great design,3,1,General,Bottoms,Shorts,1098,37.07,1
1075,75,Super cute!!,5,0,General,Dresses,Dresses,171,88.95,1
121,32,"Lovely top, but too tight",4,0,Intimates,Intimate,Layering,407,110.76,0
862,37,Runs large...until you wash it,2,0,General,Tops,Knits,822,73.64,0
1086,35,Love this dress,5,0,General,Dresses,Dresses,185,97.04,1
830,35,No title provided,5,1,General,Tops,Blouses,489,48.89,1
1078,29,Perfect if you have curves,4,4,General,Dresses,Dresses,365,93.72,1
831,50,My favorite new blouse,5,3,General,Tops,Blouses,580,47.37,1
868,27,"Soft fabric and nice details, billowy design",4,3,General,Tops,Knits,947,68.12,1
875,37,Love,5,11,General,Tops,Knits,206,72.72,1
1083,61,No title provided,4,1,General,Dresses,Dresses,833,93.86,1
155,35,Comfortable leggings,4,4,Intimates,Intimate,Legwear,980,62.77,1
871,26,No title provided,5,4,General,Tops,Knits,501,79.98,1
895,52,Nice but too thin,2,3,General Petite,Tops,Fine Gauge,281,42.2,0
1085,40,Cute and elegant,5,3,General Petite,Dresses,Dresses,753,97.95,1
860,70,Not for me,2,0,General Petite,Tops,Knits,1036,70.15,0
1077,46,Love this dress,5,1,General Petite,Dresses,Dresses,612,91.1,1
1067,41,Beautiful,5,2,General Petite,Bottoms,Pants,809,52.57,1
921,38,Boho brilliance for below freezing temperatures,5,4,General,Tops,Sweaters,716,73.65,1
819,44,Regular size too voluminous...,3,5,General Petite,Tops,Blouses,878,51.78,1
595,35,Adorable and comfy,5,0,Intimates,Intimate,Lounge,363,103.52,1
1081,46,Stylish and comfy,4,1,General Petite,Dresses,Dresses,500,91.73,1
1084,26,"I really wanted to love this dress, but...",3,0,General,Dresses,Dresses,501,94.59,0
1033,64,Great fitting jeans,5,4,General,Bottoms,Jeans,733,92.45,1
864,53,Casual and cute!,5,11,General,Tops,Knits,820,70.18,1
1056,30,Love these,5,0,General,Bottoms,Pants,630,74.82,1
1099,53,Soft swing dress,4,1,General Petite,Dresses,Dresses,859,86.93,1
985,25,Perfect light jacket for fall/spring,5,0,General Petite,Jackets,Jackets,424,128.35,1
829,57,Love,5,1,General,Tops,Blouses,661,47.9,1
1094,36,No title provided,3,1,General Petite,Dresses,Dresses,1250,91.47,1
834,49,No title provided,5,0,General,Tops,Blouses,398,49.52,1
1087,26,No title provided,5,0,General,Dresses,Dresses,666,91.71,1
865,55,Cute quincy tee,4,0,General,Tops,Knits,416,71.54,1
1033,61,Love these jeans!,3,7,General,Bottoms,Jeans,1082,92.45,1
933,52,Extra sleeves?,2,0,General Petite,Tops,Sweaters,1419,80.9,0
1082,41,"Beautiful, versatile little white dress!",5,17,General,Dresses,Dresses,818,92.41,1
891,25,Perfect fall sweater,5,0,General,Tops,Fine Gauge,135,51.27,1
947,79,Sweater love!,5,1,General,Tops,Sweaters,558,95.98,1
1094,36,Super comfy dress,5,1,General,Dresses,Dresses,398,91.47,1
927,28,Love this top,5,0,General Petite,Tops,Sweaters,762,78.48,1
1104,29,No title provided,5,3,General Petite,Dresses,Dresses,505,96.28,1
886,38,Perfect...but,4,0,General,Tops,Knits,564,75.86,1
927,22,Falll in love,5,9,General Petite,Tops,Sweaters,294,78.48,1
878,36,Super cute!,5,3,General,Tops,Knits,498,69.9,1
1049,38,No title provided,5,0,General,Bottoms,Pants,762,93.2,1
102,34,No title provided,5,0,Intimates,Intimate,Intimates,330,67.54,1
975,64,Country classic,5,1,General,Jackets,Jackets,508,128.22,1
1053,57,Not as hoped,1,0,General Petite,Bottoms,Pants,2931,78.71,0
1022,39,No title provided,3,0,General,Bottoms,Jeans,485,86.44,0
960,60,Great navy blazy with extra flair,5,11,General,Jackets,Jackets,679,120.35,1
1080,53,Worth the wait,5,3,General Petite,Dresses,Dresses,681,92.12,1
677,53,If only it came in petite. . . .,5,3,Intimates,Intimate,Lounge,432,125.06,1
903,41,No title provided,5,1,General Petite,Tops,Fine Gauge,666,42.72,1
674,65,Light and breezie soft to touch,5,1,General Petite,Intimate,Lounge,314,89.78,1
1104,41,Best dress ever!,5,0,General,Dresses,Dresses,507,96.28,1
873,36,Cute easy tshirt,5,3,General,Tops,Knits,256,75.3,1
916,40,Super cute,4,0,General,Tops,Fine Gauge,500,49.22,1
850,24,Great shirt,5,2,General Petite,Tops,Blouses,196,49.55,1
829,65,A winner for sure.,5,6,General,Tops,Blouses,531,47.9,1
1020,30,Really small,2,5,General,Bottoms,Skirts,888,60.91,0
1110,27,This color is everything!,5,0,General,Dresses,Dresses,447,94.49,1
1110,39,Gorgeous print,5,3,General,Dresses,Dresses,226,94.49,1
862,43,Gorgeous but tent like,4,2,General,Tops,Knits,569,73.64,1
1081,42,Soft,5,0,General Petite,Dresses,Dresses,211,91.73,1
582,27,Classic,4,0,General,Bottoms,Shorts,727,32.32,1
873,25,No title provided,4,0,General,Tops,Knits,905,75.3,1
850,26,Very flattering,5,1,General Petite,Tops,Blouses,308,49.55,1
1077,44,Love this dress!,5,1,General,Dresses,Dresses,763,91.1,1
1078,36,"Pretty dress, bad fit",3,0,General Petite,Dresses,Dresses,732,93.72,1
1075,39,Huge and a bit grayish,2,0,General Petite,Dresses,Dresses,1614,88.95,0
375,34,Purchased coral and cream,5,8,Intimates,Intimate,Lounge,661,97.48,1
984,53,"Beautiful, unique piece!",5,26,General,Jackets,Jackets,686,120.15,1
1081,46,"Beautiful fabric, perfect fit",5,15,General,Dresses,Dresses,535,91.73,1
927,56,Baggy,3,3,General Petite,Tops,Sweaters,1207,78.48,0
1081,37,No title provided,4,18,General,Dresses,Dresses,345,91.73,1
1110,44,No title provided,5,0,General,Dresses,Dresses,464,94.49,1
1115,41,Really nice sweater coat,4,1,General,Jackets,Outerwear,986,108.61,1
1011,51,No title provided,1,0,General,Bottoms,Skirts,1113,67.37,0
1104,55,Summer's around the corner!,5,5,General,Dresses,Dresses,187,96.28,1
1080,54,No title provided,5,0,General Petite,Dresses,Dresses,337,92.12,1
1086,31,Looked perfect online - sad i had to return,2,1,General,Dresses,Dresses,858,97.04,0
862,46,Horrible front closure,3,0,General,Tops,Knits,748,73.64,0
1078,40,I found it unflattering,3,12,General,Dresses,Dresses,750,93.72,0
774,52,Not enough style,3,1,Intimates,Intimate,Lounge,939,108.12,0
1075,25,No title provided,3,0,General Petite,Dresses,Dresses,299,88.95,0
97,29,No title provided,4,0,Intimates,Intimate,Sleep,537,39.6,1
282,41,Great shorts!!!!,5,5,General,Bottoms,Shorts,778,34.65,1
129,39,Surprised by softness,5,0,Intimates,Intimate,Sleep,279,27.98,1
895,46,Beautiful sweater but odd fit,4,5,General,Tops,Fine Gauge,857,42.2,1
1078,41,Cute but not right for me,3,0,General,Dresses,Dresses,840,93.72,0
860,45,Beautiful color and style,4,0,General Petite,Tops,Knits,870,70.15,1
1001,37,Easy skirt,5,0,General,Bottoms,Skirts,625,60.71,1
282,51,Go to shorts!,5,0,General,Bottoms,Shorts,736,34.65,1
1098,41,Not so much....,3,1,General,Dresses,Dresses,1331,98.21,0
834,57,Great fit and flow,5,2,General Petite,Tops,Blouses,216,49.52,1
900,57,Tunic love,5,0,General,Tops,Fine Gauge,519,39.53,1
1087,36,The only fall dress you need,5,0,General Petite,Dresses,Dresses,462,91.71,1
1078,63,Great first romper,5,2,General,Dresses,Dresses,455,93.72,1
862,36,Perfect top,5,0,General,Tops,Knits,435,73.64,1
860,51,Love it!,5,0,General,Tops,Knits,676,70.15,1
862,48,Cute flowy tunic,5,0,General Petite,Tops,Knits,331,73.64,1
1083,28,Piece of art!,5,0,General,Dresses,Dresses,607,93.86,1
815,42,Truly outstanding,5,25,General,Tops,Blouses,709,47.28,1
1070,53,Great business casual or going out pants,5,0,General,Bottoms,Pants,846,81.61,1
1081,35,Perfect summer dress,4,0,General Petite,Dresses,Dresses,787,91.73,1
1047,36,Beautiful until washed,3,3,General Petite,Bottoms,Pants,701,80.12,0
1110,57,No title provided,5,27,General,Dresses,Dresses,610,94.49,1
1134,39,"Fabric was divine, but...",3,7,General,Jackets,Outerwear,1200,145.86,1
870,60,Something's wrong,1,1,General,Tops,Knits,3600,72.25,0
1078,39,Pop of posey,4,0,General,Dresses,Dresses,186,93.72,1
850,24,Very cute and flattering,5,0,General Petite,Tops,Blouses,192,49.55,1
936,30,No title provided,4,4,General Petite,Tops,Sweaters,743,76.18,1
1045,41,Yuck,2,0,General,Bottoms,Pants,602,71.62,0
872,42,No title provided,4,0,General,Tops,Knits,216,73.48,1
895,43,Fantastic fall sweater!,5,0,General Petite,Tops,Fine Gauge,343,42.2,1
1104,63,Cute dress,4,0,General Petite,Dresses,Dresses,759,96.28,1
829,30,Lovely idea that does not work,2,18,General Petite,Tops,Blouses,489,47.9,0
829,83,Beautiful beautiful top!,5,1,General Petite,Tops,Blouses,507,47.9,1
1077,67,Not for me,4,0,General,Dresses,Dresses,615,91.1,1
833,45,Beautiful blouse but....,3,0,General,Tops,Blouses,222,49.96,0
1092,41,Too peasanty,3,0,General,Dresses,Dresses,990,97.49,0
909,25,Luxurious,5,3,General,Tops,Fine Gauge,428,44.64,1
863,50,Good staple,4,0,General Petite,Tops,Knits,864,70.52,1
945,24,A purrfect find,5,0,General,Tops,Sweaters,276,79.07,1
1082,39,Great dress for day or night,5,3,General,Dresses,Dresses,806,92.41,1
833,40,"Beautiful, but a few caveats",4,11,General,Tops,Blouses,656,49.96,1
942,52,Cozy and warm,4,4,General,Tops,Sweaters,253,69.35,1
829,35,Surprisingly sweet,5,7,General Petite,Tops,Blouses,433,47.9,1
933,43,Love the pattern and color,4,0,General,Tops,Sweaters,958,80.9,1
876,59,Sunset orange - not raspberry,3,0,General Petite,Tops,Knits,1111,72.01,1
833,71,Easy breezy,5,2,General,Tops,Blouses,161,49.96,1
538,50,Very soft,5,1,Intimates,Intimate,Layering,768,56.47,1
855,35,Not as expected,2,0,General,Tops,Knits,1627,76.66,0
876,43,Stunning blouse,5,1,General,Tops,Knits,719,72.01,1
1080,62,Too much fabric,5,1,General,Dresses,Dresses,745,92.12,1
1084,50,Pretty but not for me :(,3,2,General,Dresses,Dresses,1188,94.59,1
831,40,"Beautiful top, but it shrank substantially!",3,17,General,Tops,Blouses,959,47.37,0
965,44,Should have read reviews,3,0,General Petite,Jackets,Jackets,380,117.52,0
1078,55,So pretty!,5,0,General Petite,Dresses,Dresses,770,93.72,1
864,59,Love love love,5,0,General,Tops,Knits,797,70.18,1
1095,53,Size up!,4,0,General Petite,Dresses,Dresses,244,93.07,1
1104,39,Not for my body,4,2,General,Dresses,Dresses,498,96.28,1
873,38,Started out perfect,3,1,General,Tops,Knits,654,75.3,0
1094,22,Great cut,4,0,General Petite,Dresses,Dresses,627,91.47,1
834,34,No title provided,4,0,General Petite,Tops,Blouses,151,49.52,1
1077,28,Very pleased,5,2,General Petite,Dresses,Dresses,371,91.1,1
1038,39,A fun and sassy jean,5,3,General Petite,Bottoms,Jeans,645,75.47,1
1059,75,"This is a comfortable, beautiful piece",5,8,General,Bottoms,Pants,551,80.22,1
872,35,Cute top,4,0,General,Tops,Knits,595,73.48,1
1078,35,Cute!,5,0,General Petite,Dresses,Dresses,215,93.72,1
1078,39,Heavy tenty swingy,4,4,General,Dresses,Dresses,544,93.72,1
854,56,Great shirt,5,8,General,Tops,Knits,397,73.19,1
998,28,Trumpet maxi skirt,4,1,General,Bottoms,Skirts,617,62.88,1
1084,29,No title provided,5,1,General,Dresses,Dresses,652,94.59,1
1078,47,Beautiful dress,5,1,General,Dresses,Dresses,359,93.72,1
861,49,A+ tee,5,10,General Petite,Tops,Knits,611,72.0,1
1099,33,Cute but huge,4,0,General Petite,Dresses,Dresses,409,86.93,1
835,39,Pretty and kind of unique,5,4,General,Tops,Blouses,390,52.93,1
1094,36,"Great design, but thin",4,1,General,Dresses,Dresses,887,91.47,1
829,52,"Cute, flattering top",4,0,General,Tops,Blouses,514,47.9,1
1009,40,Darker colors then pictures,3,0,General,Bottoms,Skirts,272,57.29,1
815,55,No title provided,4,0,General,Tops,Blouses,401,47.28,1
1205,69,No title provided,5,0,General,Bottoms,Pants,782,43.79,1
984,39,No title provided,5,4,General,Jackets,Jackets,471,120.15,1
999,44,No title provided,4,1,General,Bottoms,Skirts,967,59.03,1
872,37,Great top!,5,0,General,Tops,Knits,313,73.48,1
1123,33,No title provided,5,1,General,Jackets,Outerwear,177,135.82,1
873,61,Very flattering top,5,0,General,Tops,Knits,624,75.3,1
1103,33,No title provided,1,1,General,Dresses,Dresses,3140,116.9,0
1054,26,Great pants!,5,0,General,Bottoms,Pants,716,63.35,1
863,28,No title provided,5,0,General Petite,Tops,Knits,469,70.52,1
879,45,Perfect lightweight sweater for spring!,5,9,General,Tops,Knits,138,73.13,1
839,53,Gorgeous white blouse,5,1,General,Tops,Blouses,338,50.7,1
862,36,Pass on for small framed people,3,0,General,Tops,Knits,1296,73.64,1
1078,39,Slipped on the slip,4,4,General,Dresses,Dresses,206,93.72,1
1060,26,Throw on and go perfection,5,9,General Petite,Bottoms,Pants,403,75.43,1
862,24,Odd sleeves?,3,1,General Petite,Tops,Knits,890,73.64,0
1089,31,Runs big!!,3,0,General,Dresses,Dresses,841,99.69,0
819,35,"Big fan, but the snap is a little tricky.",5,0,General,Tops,Blouses,754,51.78,1
1094,68,Great staple,5,0,General,Dresses,Dresses,757,91.47,1
118,52,Cute top,1,0,Intimates,Intimate,Sleep,1140,41.99,0
828,41,Perfect for fall!,5,0,General,Tops,Blouses,335,48.45,1
875,42,Size down if between sizes,4,0,General,Tops,Knits,480,72.72,1
1033,32,Lovely pants,5,0,General Petite,Bottoms,Jeans,657,92.45,1
884,28,Adorable and comfortable,4,2,General Petite,Tops,Knits,520,58.42,1
850,64,Summer beauty,5,2,General,Tops,Blouses,194,49.55,1
877,62,Loved the pattern,3,2,General,Tops,Knits,487,76.05,0
895,45,No title provided,4,1,General,Tops,Fine Gauge,804,42.2,1
863,48,Basic t goes girlie,5,6,General Petite,Tops,Knits,722,70.52,1
1020,40,No title provided,4,3,General,Bottoms,Skirts,549,60.91,1
1110,37,"Cute dress, but do not wash! dry clean only.",2,3,General Petite,Dresses,Dresses,1195,94.49,0
1086,39,Soft but realllly hi-lo,5,40,General,Dresses,Dresses,769,97.04,1
774,34,"A shirt, not a dress",1,1,Intimates,Intimate,Lounge,1254,108.12,0
1110,39,Yummy mustard,5,0,General Petite,Dresses,Dresses,524,94.49,1
1077,39,No fupa for me,5,0,General,Dresses,Dresses,297,91.1,1
1095,27,Disappointing,2,3,General,Dresses,Dresses,1274,93.07,0
1028,24,Amazing jeans,5,0,General Petite,Bottoms,Jeans,806,79.71,1
820,48,Good shirt,5,0,General,Tops,Blouses,452,53.36,1
663,62,Great weekend and casual dress,5,22,Intimates,Intimate,Lounge,441,97.55,1
1078,45,Great dress for the right body type.,4,0,General Petite,Dresses,Dresses,499,93.72,1
931,44,Love it,5,0,General,Tops,Sweaters,651,91.37,1
1066,41,Perfect work pants!,5,0,General,Bottoms,Pants,517,73.42,1
1083,31,Can i wear this everyday?? amaze!,5,5,General,Dresses,Dresses,802,93.86,1
1094,56,Prototype vs actual dress,4,9,General Petite,Dresses,Dresses,642,91.47,1
986,65,Beautiful wardrobe addition,5,3,General,Jackets,Jackets,773,125.48,1
850,34,No title provided,3,0,General,Tops,Blouses,692,49.55,1
1081,43,"Great design, poor execution",2,0,General,Dresses,Dresses,1505,91.73,0
1001,45,Beautiful skirt,5,0,General,Bottoms,Skirts,337,60.71,1
854,58,No title provided,5,1,General,Tops,Knits,614,73.19,1
1094,34,"Runs small in waist, sleeves and big in shoulders",3,5,General,Dresses,Dresses,720,91.47,0
900,30,"Not what i expected, but cute.",3,1,General Petite,Tops,Fine Gauge,319,39.53,1
854,35,No title provided,4,11,General Petite,Tops,Knits,925,73.19,1
1081,39,Simple yet sexy,5,11,General Petite,Dresses,Dresses,257,91.73,1
952,43,Lovely sweater!,5,0,General,Tops,Sweaters,220,79.08,1
984,34,Favorite jean jacket,5,0,General Petite,Jackets,Jackets,273,120.15,1
829,59,New favorite,5,0,General Petite,Tops,Blouses,630,47.9,1
907,55,Beatiful tunic,5,1,General,Tops,Fine Gauge,650,42.56,1
1077,35,I'm in love!,5,1,General,Dresses,Dresses,196,91.1,1
1095,94,No title provided,4,0,General,Dresses,Dresses,451,93.07,1
50,45,No title provided,5,0,Intimates,Intimate,Intimates,286,51.2,1
867,52,Cute top,4,1,General,Tops,Knits,929,74.79,1
865,21,No title provided,5,1,General,Tops,Knits,332,71.54,1
1201,35,No title provided,5,0,General,Dresses,Dresses,726,110.21,1
833,58,Beautiful details,5,1,General Petite,Tops,Blouses,315,49.96,1
1078,33,Couldn't send it back fast enough!,2,8,General,Dresses,Dresses,951,93.72,0
1008,50,Lovely prints,3,0,General Petite,Bottoms,Skirts,1007,61.13,0
857,32,Tee shirt material... blowsy,4,0,General,Tops,Knits,166,75.61,1
876,28,Gorgeous top! perfect for summer!,5,1,General,Tops,Knits,724,72.01,1
1110,57,Nice shape and fabric- very stylish!,4,18,General,Dresses,Dresses,946,94.49,1
1094,43,Perfect summer dress!,5,0,General Petite,Dresses,Dresses,684,91.47,1
909,53,Soft feminine top,4,2,General,Tops,Fine Gauge,585,44.64,1
907,27,Cute but color different than pictured,4,0,General Petite,Tops,Fine Gauge,801,42.56,1
1077,22,"Perfect event dress, runs small !",5,1,General Petite,Dresses,Dresses,476,91.1,1
1086,39,Pretty pleasing,5,0,General,Dresses,Dresses,651,97.04,1
1091,34,Lovely!,5,0,General Petite,Dresses,Dresses,560,96.01,1
829,29,Not bad,4,0,General,Tops,Blouses,703,47.9,1
850,42,No title provided,4,0,General,Tops,Blouses,780,49.55,1
873,56,No title provided,5,6,General Petite,Tops,Knits,602,75.3,1
1095,24,Best sundress ever.,5,0,General,Dresses,Dresses,712,93.07,1
588,32,Nope.,1,0,General,Bottoms,Shorts,373,39.61,0
860,40,No title provided,4,0,General,Tops,Knits,669,70.15,1
921,46,Ribbed lace hem pullover,3,10,General,Tops,Sweaters,1234,73.65,0
1072,50,Cutest. dress. ever.,5,1,General,Dresses,Dresses,279,99.14,1
895,35,Great fit,5,0,General,Tops,Fine Gauge,302,42.2,1
1064,37,No title provided,5,2,General,Bottoms,Pants,187,90.43,1
863,37,"Want to love it, but it is only okay",3,0,General,Tops,Knits,1055,70.52,0
1078,47,Wanted a pink dress,4,0,General Petite,Dresses,Dresses,408,93.72,1
1028,39,Second attempt to write review...,4,13,General Petite,Bottoms,Jeans,727,79.71,1
1009,22,No title provided,5,0,General,Bottoms,Skirts,472,57.29,1
863,54,Super soft,5,0,General,Tops,Knits,543,70.52,1
836,33,Short,3,13,General Petite,Tops,Blouses,1263,52.71,0
1131,40,Great addition to your coat closet,5,2,General,Jackets,Outerwear,366,134.76,1
927,41,"Beautiful, soft and cozy",4,3,General Petite,Tops,Sweaters,211,78.48,1
895,30,No title provided,2,0,General,Tops,Fine Gauge,1725,42.2,0
1077,34,Stunning dress,4,0,General Petite,Dresses,Dresses,740,91.1,1
1038,58,No title provided,5,2,General,Bottoms,Jeans,135,75.47,1
1081,41,Perfect summer staple dress.,5,0,General,Dresses,Dresses,471,91.73,1
854,37,Pretty shirt,4,0,General,Tops,Knits,336,73.19,1
1096,38,Looks better on,5,1,General,Dresses,Dresses,725,90.16,1
846,55,Amazing addition to my summer wardrobe,5,0,General Petite,Tops,Blouses,448,51.02,1
1009,60,Perfect everyday skirt,5,3,General,Bottoms,Skirts,732,57.29,1
1122,36,Great but huge!,4,0,General,Jackets,Outerwear,959,135.18,1
1059,52,Classy with a little swagger thrown in,5,0,General Petite,Bottoms,Pants,814,80.22,1
1050,51,No title provided,4,4,General,Bottoms,Pants,638,83.06,1
862,30,Shrunk like crazy!,1,1,General Petite,Tops,Knits,2756,73.64,0
1075,34,No title provided,1,0,General,Dresses,Dresses,870,88.95,0
1082,64,"Beautiful, forgiving dress",5,3,General,Dresses,Dresses,506,92.41,1
1086,32,Comfy casual dress,5,0,General,Dresses,Dresses,154,97.04,1
823,36,Feminine and romantic,5,1,General Petite,Tops,Blouses,463,47.13,1
1080,49,Love this dress!!!,5,3,General Petite,Dresses,Dresses,312,92.12,1
829,42,Cute shirt!,5,0,General,Tops,Blouses,640,47.9,1
829,64,Really cute!,5,3,General,Tops,Blouses,338,47.9,1
1052,31,Very cute but cheaply made,2,1,General Petite,Bottoms,Pants,1811,72.58,0
868,37,So cute,5,0,General,Tops,Knits,599,68.12,1
865,44,Perfect,5,1,General,Tops,Knits,388,71.54,1
1081,36,Perfect,5,2,General Petite,Dresses,Dresses,403,91.73,1
829,38,Perfect every day top for work or play,5,0,General,Tops,Blouses,449,47.9,1
984,69,Great jacket!!!,5,1,General,Jackets,Jackets,399,120.15,1
1092,32,Perfect fall number,5,3,General,Dresses,Dresses,654,97.49,1
887,46,Bought two in the pink/purple color,3,0,General,Tops,Knits,893,61.51,1
1092,57,Sweet little dress,5,1,General,Dresses,Dresses,781,97.49,1
829,59,No title provided,3,6,General,Tops,Blouses,881,47.9,1
1094,46,"Cute, but no sale",2,0,General,Dresses,Dresses,380,91.47,0
945,35,Perfect fall sweater,5,0,General,Tops,Sweaters,470,79.07,1
927,67,Beautiful sweater,4,0,General,Tops,Sweaters,248,78.48,1
829,48,Runs very small,3,1,General,Tops,Blouses,735,47.9,1
1100,32,No title provided,5,1,General Petite,Dresses,Dresses,582,101.02,1
867,34,No title provided,5,0,General Petite,Tops,Knits,731,74.79,1
971,37,Love,5,0,General Petite,Jackets,Jackets,530,108.57,1
1056,33,Perfect!,5,1,General,Bottoms,Pants,465,74.82,1
949,55,Versatile; size down,5,0,General,Tops,Sweaters,163,72.49,1
850,41,No title provided,5,0,General,Tops,Blouses,341,49.55,1
1103,91,I don't understand this dress,1,3,General,Dresses,Dresses,1684,116.9,0
882,55,Love this cute top,5,0,General,Tops,Knits,764,70.3,1
872,41,No title provided,4,0,General Petite,Tops,Knits,498,73.48,1
984,40,Bomber jacket,5,1,General,Jackets,Jackets,525,120.15,1
1070,57,Beautiful jumpsuit,5,0,General,Bottoms,Pants,736,81.61,1
1083,30,Beautiful dress!,5,9,General,Dresses,Dresses,438,93.86,1
838,34,Photos on model misleading,2,1,General,Tops,Blouses,1599,45.19,0
1110,38,"Comfortable, flattering dress",5,2,General,Dresses,Dresses,189,94.49,1
1001,56,Whimsy with flair,4,3,General,Bottoms,Skirts,792,60.71,1
946,40,"Beautiful and soft, yet length is deceiving!",2,0,General,Tops,Sweaters,1721,64.99,1
1091,56,Beautiful dress,5,2,General,Dresses,Dresses,441,96.01,1
862,42,Print ?,1,0,General,Tops,Knits,2943,73.64,0
574,26,No title provided,4,0,Intimates,Intimate,Layering,572,62.92,1
1092,20,Sweet summer dress,5,1,General Petite,Dresses,Dresses,332,97.49,1
1036,79,Love..,5,0,General,Bottoms,Jeans,787,104.34,1
820,25,Perfect in every way,5,3,General,Tops,Blouses,633,53.36,1
867,38,Material,2,0,General,Tops,Knits,997,74.79,0
875,45,Love,5,1,General,Tops,Knits,774,72.72,1
828,56,So soft and amazing,5,0,General,Tops,Blouses,777,48.45,1
1089,31,Beautiful dress,5,1,General,Dresses,Dresses,303,99.69,1
858,48,"So flattering, no need for petite",4,6,General Petite,Tops,Knits,654,73.83,1
1095,55,Not the best,3,4,General,Dresses,Dresses,724,93.07,0
647,32,"Loved this, then washed it twice and it fell apart",1,3,General Petite,Intimate,Lounge,1541,73.25,0
1086,48,Too small,2,0,General Petite,Dresses,Dresses,596,97.04,0
838,43,Uniform top,5,10,General,Tops,Blouses,148,45.19,1
829,60,Love this!,5,0,General,Tops,Blouses,718,47.9,1
829,62,Beautiful!,5,1,General Petite,Tops,Blouses,574,47.9,1
1159,35,Great tank,4,0,Intimates,Intimate,Layering,396,78.41,1
700,67,No title provided,5,1,Intimates,Intimate,Intimates,179,69.01,1
861,29,Cute tee,5,0,General Petite,Tops,Knits,732,72.0,1
867,33,Love!,5,8,General Petite,Tops,Knits,328,74.79,1
1192,48,Reliable,4,0,General,Bottoms,Pants,340,77.56,1
840,34,Runs big,2,2,General,Bottoms,Blouses,1439,53.82,0
1078,47,Great dress!,5,0,General,Dresses,Dresses,518,93.72,1
824,57,Love this buttondown!,5,13,General Petite,Tops,Blouses,519,50.91,1
860,26,Beautiful fabric!,5,0,General Petite,Tops,Knits,330,70.15,1
895,60,Red sweater,5,0,General Petite,Tops,Fine Gauge,698,42.2,1
824,53,No title provided,5,7,General Petite,Tops,Blouses,716,50.91,1
877,31,Sparkly & gold tones,4,9,General Petite,Tops,Knits,579,76.05,1
1098,57,Embroidered masterpiece,5,1,General,Dresses,Dresses,748,98.21,1
1131,22,Doesn't look the same as picture,3,1,General,Jackets,Outerwear,980,134.76,1
830,46,Fit is unflattering,2,0,General,Tops,Blouses,492,48.89,0
834,31,Maeve delivers again!,5,1,General Petite,Tops,Blouses,489,49.52,1
984,28,Stranger things look,5,0,General,Jackets,Jackets,544,120.15,1
190,65,Perfect cotton jogger,5,2,General Petite,Intimate,Lounge,236,79.81,1
857,34,Unimpressed,2,2,General Petite,Tops,Knits,601,75.61,0
1146,56,Pretty dress,4,1,General Petite,Trend,Trend,941,75.11,0
1110,45,"The denim ""little black dress"" ... love!",4,8,General,Dresses,Dresses,503,94.49,1
1078,55,Awesome dress,5,1,General,Dresses,Dresses,356,93.72,1
1074,35,Completely amazing!,5,17,General,Dresses,Dresses,243,100.37,1
1078,33,Love!! more colors please!!,5,8,General,Dresses,Dresses,541,93.72,1
836,52,"Beautiful, elegant, quirky summer top",5,15,General Petite,Tops,Blouses,720,52.71,1
1022,50,Different type of jean look,5,1,General,Bottoms,Jeans,732,86.44,1
1092,36,Casual cool,5,0,General,Dresses,Dresses,692,97.49,1
1020,30,Looks can be deceiving...,3,0,General,Bottoms,Skirts,1050,60.91,0
824,44,No title provided,5,2,General Petite,Tops,Blouses,301,50.91,1
1036,33,"Great fit, just one small prob",4,0,General,Bottoms,Jeans,294,104.34,1
866,41,Comfortable shirt!!,4,0,General Petite,Tops,Knits,736,77.38,1
1059,62,Great wardrobe basic,5,0,General,Bottoms,Pants,310,80.22,1
829,39,Classic,4,4,General Petite,Tops,Blouses,612,47.9,0
1075,45,Okay...,3,0,General,Dresses,Dresses,958,88.95,1
1078,47,Quality and look make it a winner,5,1,General,Dresses,Dresses,709,93.72,1
829,28,Short!,2,0,General,Tops,Blouses,1073,47.9,0
873,59,Love the shape!,5,1,General,Tops,Knits,399,75.3,1
1078,43,No title provided,2,7,General Petite,Dresses,Dresses,392,93.72,0
829,65,Gorgeous white blouse,4,1,General,Tops,Blouses,318,47.9,1
863,47,Perfect tee,5,0,General Petite,Tops,Knits,439,70.52,1
1022,59,No title provided,5,1,General Petite,Bottoms,Jeans,220,86.44,1
1078,56,I wanted to love this dress too!,3,1,General,Dresses,Dresses,351,93.72,1
872,64,Great buy,5,0,General,Tops,Knits,472,73.48,1
1078,71,Retro,1,0,General Petite,Dresses,Dresses,592,93.72,0
873,27,Flattering shirt,5,0,General,Tops,Knits,561,75.3,1
1025,45,No title provided,5,0,General,Bottoms,Jeans,362,83.99,1
850,25,No title provided,5,0,General Petite,Tops,Blouses,431,49.55,1
1084,50,Material was fuzzy and itchy,2,0,General,Dresses,Dresses,1873,94.59,1
1121,39,"Like, almost love",4,0,General,Jackets,Outerwear,247,109.42,1
820,55,Absolutely gorgeous!,5,3,General Petite,Tops,Blouses,555,53.36,1
1028,38,Good fit,5,0,General,Bottoms,Jeans,533,79.71,1
1066,39,Cute casual pants,5,1,General Petite,Bottoms,Pants,260,73.42,1
1004,32,No title provided,5,0,General Petite,Bottoms,Skirts,714,59.69,1
850,57,No title provided,5,0,General Petite,Tops,Blouses,642,49.55,1
1086,35,Great style and comfort,5,2,General,Dresses,Dresses,604,97.04,1
1092,60,Great summer dress!!,4,0,General,Dresses,Dresses,296,97.49,1
1133,61,No title provided,5,5,General Petite,Jackets,Outerwear,163,118.56,1
1078,48,Surprise,5,2,General,Dresses,Dresses,444,93.72,1
873,56,Comfortable & fun,5,0,General,Tops,Knits,402,75.3,1
936,28,Favorite new sweater!,5,5,General,Tops,Sweaters,435,76.18,1
470,54,"Vibrant & comfortable, what else could i ask for?",5,0,Intimates,Intimate,Swim,467,43.76,1
873,39,Fun summer top,4,1,General Petite,Tops,Knits,449,75.3,1
994,57,No title provided,5,0,General Petite,Bottoms,Skirts,600,53.82,1
862,42,Too big!,3,10,General,Tops,Knits,458,73.64,0
861,23,Not worth the money!,2,3,General,Tops,Knits,429,72.0,0
132,45,Amazing!,5,0,General,Bottoms,Shorts,660,49.12,1
1090,34,Beautiful dress for spring,5,5,General Petite,Dresses,Dresses,619,99.93,1
872,39,It's always sunny,5,0,General Petite,Tops,Knits,509,73.48,1
854,41,Flattering details,5,0,General,Tops,Knits,558,73.19,1
1022,45,"Love, love these jeans",5,1,General,Bottoms,Jeans,496,86.44,1
1110,56,No title provided,5,0,General,Dresses,Dresses,726,94.49,1
940,68,No title provided,5,0,General,Tops,Sweaters,257,77.06,1
1099,56,Great touring dress,5,1,General Petite,Dresses,Dresses,731,86.93,1
116,31,Not worth the money,2,0,Intimates,Intimate,Sleep,792,47.15,0
185,36,Warm and attractive but too tight/narrow and short,2,1,Intimates,Intimate,Legwear,1695,121.69,0
1110,28,Not for wide rib cage,3,0,General,Dresses,Dresses,384,94.49,1
1078,63,Speaking to the older (still hip) size 12-14 & up,5,2,General,Dresses,Dresses,289,93.72,1
251,38,No title provided,2,1,Intimates,Intimate,Lounge,1065,119.01,0
1077,48,Delightful dress!,5,0,General Petite,Dresses,Dresses,573,91.1,1
482,35,"Yay, another dress",5,12,Intimates,Intimate,Lounge,482,104.05,1
863,27,Good white tank,4,0,General Petite,Tops,Knits,909,70.52,1
909,67,Simple yet stunning,5,0,General,Tops,Fine Gauge,649,44.64,1
862,26,Gorgeous embroidery,3,0,General,Tops,Knits,1345,73.64,1
867,53,Great top!,4,2,General,Tops,Knits,669,74.79,1
1095,52,Runs small,3,0,General Petite,Dresses,Dresses,769,93.07,1
1072,38,Love this dress!!!,5,0,General Petite,Dresses,Dresses,354,99.14,1
1033,61,Great fit & comfort,5,0,General Petite,Bottoms,Jeans,691,92.45,1
822,36,Short and boxy,2,0,General,Tops,Blouses,1051,42.99,0
872,41,Big armholes!!!,2,0,General Petite,Tops,Knits,694,73.48,0
936,46,"Soft, warm, & cozy",5,0,General Petite,Tops,Sweaters,172,76.18,1
1096,57,"Beautiful dress, flawed design",3,5,General,Dresses,Dresses,263,90.16,1
927,41,Great versatile piece!,5,6,General Petite,Tops,Sweaters,374,78.48,1
836,39,Nice shape but thin,3,2,General Petite,Tops,Blouses,962,52.71,1
1078,31,"Pretty, but not as pretty as i thought",4,0,General Petite,Dresses,Dresses,550,93.72,0
214,70,No title provided,3,1,Intimates,Intimate,Sleep,1030,48.33,0
1008,30,Love this skirt,5,10,General Petite,Bottoms,Skirts,800,61.13,1
912,50,Love this wool seamed vest,5,3,General,Tops,Fine Gauge,448,45.79,1
1111,55,Lovely dress,5,6,General Petite,Dresses,Dresses,229,104.78,1
1042,34,Sheik and stylish,5,0,General,Bottoms,Pants,361,95.1,1
290,41,New favorite sweater,5,1,Intimates,Intimate,Lounge,689,103.99,1
895,53,Never met a turtleneck i didn't like...,5,0,General Petite,Tops,Fine Gauge,658,42.2,1
1078,46,Love this dress!,4,2,General Petite,Dresses,Dresses,243,93.72,1
937,37,No title provided,5,0,General,Tops,Sweaters,302,68.37,1
829,51,I love it!!,5,0,General Petite,Tops,Blouses,822,47.9,1
933,54,No title provided,2,0,General Petite,Tops,Sweaters,754,80.9,0
1094,46,Pretty in pink,5,7,General Petite,Dresses,Dresses,716,91.47,1
1081,52,Pretty boho three season dress,4,0,General,Dresses,Dresses,772,91.73,1
1094,39,High quality but too big,2,1,General,Dresses,Dresses,800,91.47,0
868,54,Nice top,5,0,General,Tops,Knits,711,68.12,1
1068,51,Great style,4,0,General Petite,Bottoms,Pants,845,76.56,1
230,30,Skarlett blue demi convertible bra review,5,1,Intimates,Intimate,Intimates,272,62.64,1
985,36,Very nice,5,0,General Petite,Jackets,Jackets,825,128.35,1
1099,43,Perfect dress for autumn,4,7,General Petite,Dresses,Dresses,144,86.93,1
193,54,Nice enough item on sale with discount,2,0,Intimates,Intimate,Sleep,604,35.9,1
819,34,Nice light weight top for summer!,5,0,General,Tops,Blouses,515,51.78,1
1078,30,Really happy!,5,2,General,Dresses,Dresses,703,93.72,1
829,46,Size up!,3,2,General Petite,Tops,Blouses,585,47.9,1
1094,55,Love this dress!,5,1,General,Dresses,Dresses,688,91.47,1
300,46,Flattering and elegant,5,1,Intimates,Intimate,Lounge,227,102.66,1
1117,62,Light weight duster,5,0,General,Jackets,Outerwear,582,98.51,1
1080,25,Amazing,5,2,General Petite,Dresses,Dresses,522,92.12,1
1083,56,Beautiful unique dress,5,1,General Petite,Dresses,Dresses,151,93.86,1
645,65,Fabulous tank,5,4,Intimates,Intimate,Intimates,284,46.34,1
834,66,Loved the colors!,5,1,General Petite,Tops,Blouses,713,49.52,1
1078,42,Why isn't this dress sold out?!,5,0,General Petite,Dresses,Dresses,570,93.72,1
864,39,No title provided,5,1,General,Tops,Knits,234,70.18,1
1086,26,No title provided,3,9,General,Dresses,Dresses,1193,97.04,0
866,53,No title provided,2,4,General Petite,Tops,Knits,867,77.38,0
573,39,Pretty but small,5,4,General Petite,Trend,Trend,764,62.52,1
869,37,Dream of a top,5,11,General Petite,Tops,Knits,381,66.54,1
1110,27,No title provided,4,0,General,Dresses,Dresses,978,94.49,1
350,30,Nice bermuda shorts,4,0,General,Bottoms,Shorts,709,43.34,1
999,23,So classy!,4,0,General Petite,Bottoms,Skirts,611,59.03,1
854,36,Terrible but had so much potential,2,7,General,Tops,Knits,1406,73.19,0
872,63,What happened?,1,0,General,Tops,Knits,3600,73.48,0
829,56,Striped version adorable,5,5,General,Tops,Blouses,576,47.9,1
855,39,Unique but a little short,4,14,General,Tops,Knits,661,76.66,1
1039,44,Mom jeans worthy of a snl skit,2,6,General,Bottoms,Jeans,1159,101.23,0
860,35,No title provided,5,8,General Petite,Tops,Knits,229,70.15,1
864,31,Too fitted at bottom,2,7,General,Tops,Knits,747,70.18,0
933,31,Wanted: in too many colors,5,6,General Petite,Tops,Sweaters,418,80.9,1
873,54,No title provided,5,0,General,Tops,Knits,237,75.3,1
1078,31,Disappointed,3,9,General,Dresses,Dresses,1119,93.72,0
872,31,Cute and casual postcard tee,5,0,General,Tops,Knits,139,73.48,1
1078,44,Defective!,2,2,General,Dresses,Dresses,284,93.72,0
952,57,Seemed more like a jacket to me,4,0,General,Tops,Sweaters,851,79.08,1
830,29,Too boxy,3,2,General,Tops,Blouses,552,48.89,1
1094,32,Beautiful dress!,5,0,General,Dresses,Dresses,481,91.47,1
814,66,Runs very small,1,0,Intimates,Intimate,Sleep,1555,47.39,0
209,25,Fun ;),5,0,Intimates,Intimate,Intimates,769,69.21,1
1078,46,Missed the mark,2,0,General,Dresses,Dresses,1276,93.72,0
875,31,Great fall piece,4,0,General,Tops,Knits,699,72.72,1
1098,40,No title provided,3,0,General,Dresses,Dresses,605,98.21,1
1078,61,Bohemian chic,5,5,General,Dresses,Dresses,537,93.72,1
872,37,Beautiful,5,0,General Petite,Tops,Knits,309,73.48,1
927,23,Love!,5,0,General Petite,Tops,Sweaters,193,78.48,1
1078,39,No title provided,5,0,General Petite,Dresses,Dresses,693,93.72,1
867,56,Flattering top,5,5,General,Tops,Knits,426,74.79,1
823,49,Might as well wear my husband's shirt,3,0,General Petite,Tops,Blouses,531,47.13,0
1059,35,Nope,1,0,General Petite,Bottoms,Pants,514,80.22,0
1110,35,Weird back,3,0,General Petite,Dresses,Dresses,883,94.49,0
966,33,Deba vest,4,6,General,Jackets,Jackets,593,114.3,1
903,41,Business in front; party in the back,4,0,General,Tops,Fine Gauge,443,42.72,1
1008,36,Great after washing,5,1,General Petite,Bottoms,Skirts,491,61.13,1
1112,36,Not like picture,4,0,General,Jackets,Outerwear,733,117.62,0
141,26,Great basic leggings!,5,0,Intimates,Intimate,Legwear,574,98.0,1
1078,50,Cute,4,0,General,Dresses,Dresses,466,93.72,1
1072,62,No title provided,5,0,General,Dresses,Dresses,329,99.14,1
940,36,Insanely stunning vest,5,0,General,Tops,Sweaters,416,77.06,1
1035,45,No title provided,5,1,General,Bottoms,Jeans,667,98.29,1
941,38,New wardrobe staple,5,0,General Petite,Tops,Sweaters,594,73.85,1
652,47,Love 'em,5,1,Intimates,Intimate,Lounge,302,113.08,1
1080,46,Amazing dress!,5,11,General,Dresses,Dresses,722,92.12,1
229,67,Warm but problems,3,3,Intimates,Intimate,Legwear,1207,102.07,1
1022,38,Great fabric and perfect length,5,10,General,Bottoms,Jeans,439,86.44,1
1078,36,Unflattering cut,4,0,General,Dresses,Dresses,297,93.72,0
1092,42,Good quality but seemed large for size,4,0,General Petite,Dresses,Dresses,432,97.49,1
420,41,Super soft & comfy,5,1,Intimates,Intimate,Lounge,586,117.15,1
663,37,Ok,4,1,Intimates,Intimate,Lounge,785,97.55,1
854,52,No title provided,5,0,General Petite,Tops,Knits,815,73.19,1
873,51,Great too,5,0,General,Tops,Knits,262,75.3,1
828,51,A nice twist on a classic,5,0,General,Tops,Blouses,647,48.45,1
1110,44,Beautiful dress; so excited to wear it!!!,1,0,General,Dresses,Dresses,2399,94.49,1
667,24,Amazing casul top,5,0,General Petite,Intimate,Lounge,264,141.2,1
854,59,Adorable,5,2,General Petite,Tops,Knits,227,73.19,1
1081,42,"Love it but it's pink and blue, not cream and blue",4,1,General,Dresses,Dresses,348,91.73,1
984,25,Cropped fit,3,0,General,Jackets,Jackets,578,120.15,0
864,34,Pretty color,3,0,General,Tops,Knits,325,70.18,1
484,21,No title provided,5,0,Intimates,Intimate,Sleep,565,19.15,1
828,39,Great fall top,5,3,General Petite,Tops,Blouses,567,48.45,1
836,44,A line,4,4,General,Tops,Blouses,905,52.71,1
927,49,A true winter sweater.,3,0,General,Tops,Sweaters,651,78.48,1
868,55,Breezy & comfy,5,0,General,Tops,Knits,706,68.12,1
1095,33,Stunning,5,0,General,Dresses,Dresses,757,93.07,0
833,47,"Beautiful, huge armholes",4,3,General,Tops,Blouses,934,49.96,1
872,42,A bit big and sloppy,2,2,General,Tops,Knits,277,73.48,0
866,35,Cute top,4,0,General,Tops,Knits,209,77.38,1
868,40,Perfect,5,3,General,Tops,Knits,718,68.12,1
1094,38,Beautiful dress,5,3,General,Dresses,Dresses,668,91.47,1
831,34,Nellore blouse for the win!,5,4,General Petite,Tops,Blouses,385,47.37,1
872,38,Gorgeous top,5,2,General Petite,Tops,Knits,145,73.48,1
840,73,No title provided,2,3,General,Tops,Blouses,500,53.82,0
1024,65,Super nice,5,0,General,Bottoms,Jeans,606,89.76,1
96,41,No title provided,2,5,Intimates,Intimate,Intimates,362,42.99,0
1092,23,Love the dress just not on,4,1,General,Dresses,Dresses,165,97.49,1
292,36,Super cute,5,0,Intimates,Intimate,Swim,653,58.33,1
912,70,Versatile vest,4,4,General,Tops,Fine Gauge,623,45.79,1
909,46,Farm animal pullover,2,0,General,Tops,Fine Gauge,447,44.64,0
1110,30,New favorite dress,5,1,General,Dresses,Dresses,392,94.49,1
964,27,Love it!,5,0,General,Jackets,Jackets,110,125.65,1
833,39,Sexy shirt,4,0,General,Tops,Blouses,920,49.96,1
1150,33,Overpriced,3,37,General,Dresses,Dresses,658,97.46,0
1082,36,Beautiful and comfortable dress,5,2,General Petite,Dresses,Dresses,598,92.41,1
873,58,Great versatile top,5,2,General Petite,Tops,Knits,594,75.3,1
1047,58,Beige and black,4,4,General,Bottoms,Pants,225,80.12,1
1077,40,Obsessed,5,0,General,Dresses,Dresses,408,91.1,1
871,57,Pretty colors,5,0,General Petite,Tops,Knits,250,79.98,1
900,49,Great look all in one,5,4,General Petite,Tops,Fine Gauge,523,39.53,1
1083,34,Wonderful,5,2,General,Dresses,Dresses,250,93.86,1
974,50,Great blazer/jacket,5,12,General,Jackets,Jackets,555,125.76,1
1115,30,Well designed,5,3,General,Jackets,Outerwear,317,108.61,1
864,35,Beautiful!,5,0,General,Tops,Knits,705,70.18,1
1095,33,In love with this dress!,5,2,General Petite,Dresses,Dresses,297,93.07,1
123,41,The cutest!,5,1,Intimates,Intimate,Sleep,260,33.79,1
836,68,Not your normal white shirt!,4,0,General Petite,Tops,Blouses,865,52.71,1
1033,55,Great cords,4,0,General Petite,Bottoms,Jeans,328,92.45,1
868,45,Love this top!,4,0,General,Tops,Knits,704,68.12,1
1110,48,Both my teen daughter and i love this dress,5,0,General,Dresses,Dresses,504,94.49,1
1022,38,Buyer beware!,1,0,General,Bottoms,Jeans,2278,86.44,0
1094,42,Beautiful fit,4,1,General Petite,Dresses,Dresses,727,91.47,1
844,51,What a disappointment,1,0,General,Tops,Blouses,2486,58.97,0
1078,53,Love this dress!,5,2,General,Dresses,Dresses,421,93.72,1
907,51,So cute and lightweight!,5,0,General,Tops,Fine Gauge,236,42.56,1
861,37,Casual & unique tee,3,0,General Petite,Tops,Knits,392,72.0,1
1083,43,Byron lars does it again,5,0,General,Dresses,Dresses,348,93.86,1
1091,47,"Warm dress, with a few issues.",3,9,General,Dresses,Dresses,1050,96.01,1
829,46,"Soft, feminine and fun pockets!",5,0,General,Tops,Blouses,456,47.9,1
949,60,Perfect sweater,5,0,General,Tops,Sweaters,301,72.49,1
1110,54,A keeper!,5,0,General Petite,Dresses,Dresses,173,94.49,1
1112,34,Cut is off,3,0,General,Jackets,Outerwear,970,117.62,0
1078,43,Tricky to wear,3,2,General,Dresses,Dresses,1069,93.72,1
836,49,Nice top,5,1,General,Tops,Blouses,186,52.71,1
290,39,Would it be wrong for me to just live in this?,5,27,Intimates,Intimate,Lounge,519,103.99,1
1086,26,Great look for fall.,5,0,General,Dresses,Dresses,622,97.04,1
863,41,Cute - i ordered online,3,2,General,Tops,Knits,887,70.52,1
876,49,This one is a winner!,5,1,General,Tops,Knits,347,72.01,1
1083,36,Love,5,2,General,Dresses,Dresses,729,93.86,1
881,61,Perfect top,5,0,General,Tops,Knits,276,74.78,1
1053,36,Amazing!!,5,0,General,Bottoms,Pants,278,78.71,1
121,52,Comfy and adorable tank top!,5,3,Intimates,Intimate,Layering,581,110.76,1
862,99,Stylish and comfortable,5,1,General,Tops,Knits,549,73.64,1
877,42,Size down,3,6,General,Tops,Knits,1148,76.05,0
1053,52,Super cute summer romper!,5,8,General,Bottoms,Pants,621,78.71,1
1056,37,Discolored after one wash.,1,1,General,Bottoms,Pants,762,74.82,0
868,70,Amazing top,5,1,General,Tops,Knits,568,68.12,1
1047,38,Fantastic design but poorly made,2,3,General Petite,Bottoms,Pants,1771,80.12,0
1022,56,Super cute,5,2,General Petite,Bottoms,Jeans,268,86.44,1
895,41,"Why don't you look good on me, lovely cardigan?",4,0,General,Tops,Fine Gauge,853,42.2,1
867,38,Adorable summer tee,4,5,General,Tops,Knits,361,74.79,1
838,59,Huge and shortedr than appears in picture,2,4,General Petite,Tops,Blouses,1055,45.19,0
1078,83,A perfect 10 !,5,0,General Petite,Dresses,Dresses,418,93.72,1
1094,28,Fall transition dress,5,0,General Petite,Dresses,Dresses,279,91.47,1
831,61,Very pretty and very lightweight fabric,3,3,General Petite,Tops,Blouses,303,47.37,1
1083,31,Lovely,5,0,General,Dresses,Dresses,295,93.86,1
1099,64,Beautiful lines,5,10,General,Dresses,Dresses,609,86.93,1
1072,46,"Darling dress, worth the buy now on sale!",3,0,General Petite,Dresses,Dresses,435,99.14,1
1035,36,Love these!,5,1,General Petite,Bottoms,Jeans,700,98.29,1
866,33,No title provided,4,0,General Petite,Tops,Knits,652,77.38,1
834,54,So chic!,5,2,General Petite,Tops,Blouses,509,49.52,1
257,66,Product has holes in the pocket area,1,2,Intimates,Intimate,Lounge,2574,91.81,0
236,40,"Gorgous design, poor fit",2,0,Intimates,Intimate,Swim,1306,58.6,0
1110,55,Gorgeous and flattering,5,0,General,Dresses,Dresses,735,94.49,1
863,39,"Noce yellow, but so thin",4,2,General,Tops,Knits,668,70.52,1
1078,46,Easy summer dress,5,0,General,Dresses,Dresses,294,93.72,1
860,37,Not for big-busted ladies,3,1,General,Tops,Knits,902,70.15,0
1035,57,Not for curvy girls,3,5,General Petite,Bottoms,Jeans,749,98.29,0
1036,66,Stylish option good for petites,4,0,General,Bottoms,Jeans,896,104.34,1
872,37,Cute shirt,5,0,General,Tops,Knits,293,73.48,1
863,38,No title provided,5,0,General Petite,Tops,Knits,229,70.52,1
992,42,Beautiful! fruns small for typical retailer sizing,5,5,General,Bottoms,Skirts,399,63.68,1
1059,41,Very unique and flattering,5,4,General Petite,Bottoms,Pants,638,80.22,1
937,29,"Great slouchy sweater, perfect color",5,0,General,Tops,Sweaters,344,68.37,1
717,64,Adorable shorts,5,2,General,Bottoms,Shorts,659,53.77,1
877,40,Peplum,4,3,General,Tops,Knits,364,76.05,0
563,53,Beautiful and unusual,5,0,General,Trend,Trend,524,90.79,1
420,62,So soft i wear them as pajamas,5,0,Intimates,Intimate,Lounge,223,117.15,1
1094,41,Great staple piece!,5,2,General,Dresses,Dresses,642,91.47,1
829,42,Love it!,5,0,General Petite,Tops,Blouses,498,47.9,1
1077,50,"""go to"" please offer a maxi for mature customers.",5,1,General Petite,Dresses,Dresses,606,91.1,1
1003,38,Runs small,4,0,General Petite,Bottoms,Skirts,564,60.38,1
877,43,Great design,4,1,General,Tops,Knits,328,76.05,1
883,22,Want this in every color,5,1,General,Tops,Knits,459,78.22,1
916,40,Love! right brand?,5,1,General,Tops,Fine Gauge,558,49.22,1
1095,53,Gingham garden dress renamed and new color,3,6,General,Dresses,Dresses,659,93.07,1
864,49,Gorgeous but runs very large,4,0,General,Tops,Knits,282,70.18,1
1110,46,Love it,5,2,General Petite,Dresses,Dresses,250,94.49,1
780,33,Yes yes yes,5,0,Intimates,Intimate,Lounge,862,79.41,1
1078,32,Love this dress!,5,5,General,Dresses,Dresses,150,93.72,1
1078,23,Not right for me,3,6,General,Dresses,Dresses,967,93.72,1
873,43,Adorable top with cute details,5,4,General,Tops,Knits,798,75.3,1
863,41,Not as it seems..,2,3,General,Tops,Knits,863,70.52,0
864,35,"Pretty top, with some issues",4,3,General,Tops,Knits,821,70.18,1
720,37,Fun easy dress!,5,4,Intimates,Intimate,Lounge,341,88.32,1
907,42,Unique add for fall/winter,4,1,General Petite,Tops,Fine Gauge,335,42.56,1
1022,38,Sleepable jeans,5,0,General Petite,Bottoms,Jeans,339,86.44,1
1110,38,Fabulous spring/summer dress,5,6,General Petite,Dresses,Dresses,742,94.49,1
1094,53,Super simple summer style,5,8,General Petite,Dresses,Dresses,257,91.47,1
860,53,Great shirt,5,2,General,Tops,Knits,722,70.15,1
1001,40,Beautiful but fragile,4,3,General,Bottoms,Skirts,391,60.71,1
936,47,Great alternative to a sweat shirt,5,1,General Petite,Tops,Sweaters,642,76.18,1
1008,33,Midi skirt,4,1,General,Bottoms,Skirts,747,61.13,1
995,34,Mixed feelings,3,8,General,Bottoms,Skirts,975,62.21,1
1087,45,So unflattering,2,0,General Petite,Dresses,Dresses,1703,91.71,0
909,40,"Very soft, thin & a bit short for long torso",4,1,General,Tops,Fine Gauge,921,44.64,1
829,72,Essential feminine white blouse,5,2,General,Tops,Blouses,551,47.9,1
1056,57,My favorite pant.,5,18,General,Bottoms,Pants,398,74.82,1
1111,39,"Beautiful lace detail, but...",3,0,General Petite,Dresses,Dresses,701,104.78,0
903,46,"Love this artist's work, not the material for this",3,3,General,Tops,Fine Gauge,1003,42.72,0
903,57,Snap front hoodie,4,0,General Petite,Tops,Fine Gauge,504,42.72,1
872,31,No title provided,4,0,General,Tops,Knits,485,73.48,1
1025,73,"Great fit, great wash. don't stretch out!",5,1,General,Bottoms,Jeans,441,83.99,1
861,37,Large loose thin flutter tee,4,1,General Petite,Tops,Knits,682,72.0,1
857,35,No title provided,1,0,General Petite,Tops,Knits,1145,75.61,0
1020,22,Bright and colorful!,5,0,General Petite,Bottoms,Skirts,636,60.91,1
941,53,Better in real life!,5,1,General,Tops,Sweaters,659,73.85,1
907,67,No title provided,5,0,General,Tops,Fine Gauge,321,42.56,1
850,64,"Wonderful top, very unique",5,5,General,Tops,Blouses,514,49.55,1
1087,41,Best on a slender body type,3,1,General Petite,Dresses,Dresses,474,91.71,0
927,38,"Love this, with reservation",4,0,General,Tops,Sweaters,748,78.48,1
895,74,"Unique cardigan, both dressy and casual",5,0,General Petite,Tops,Fine Gauge,210,42.2,1
1110,69,Petite sizing is more of tunic,4,6,General,Dresses,Dresses,800,94.49,1
1078,46,Love it!,5,0,General,Dresses,Dresses,745,93.72,1
482,50,No title provided,1,0,Intimates,Intimate,Lounge,2391,104.05,0
836,36,"If you have any ""bust"" not for you!",2,2,General,Tops,Blouses,1776,52.71,0
1089,30,In love!,5,1,General,Dresses,Dresses,461,99.69,1
870,29,Suprisingly great!,5,1,General,Tops,Knits,763,72.25,1
862,42,Great overall top!,5,0,General Petite,Tops,Knits,789,73.64,1
895,43,Pancholicious!,4,0,General,Tops,Fine Gauge,582,42.2,1
886,51,Nice shirt but beware washing,3,2,General Petite,Tops,Knits,1104,75.86,1
1092,53,Gorgeous embroidery and lace!,5,1,General,Dresses,Dresses,263,97.49,1
984,36,"Cute, casual, and well-made",5,0,General,Jackets,Jackets,255,120.15,1
1068,43,Amazing pants you won't be sorry you got!,5,0,General,Bottoms,Pants,708,76.56,1
850,34,No title provided,4,0,General Petite,Tops,Blouses,806,49.55,1
1094,38,Not as nice in person,3,25,General Petite,Dresses,Dresses,378,91.47,0
877,28,Fun t,5,0,General,Tops,Knits,307,76.05,1
875,40,Comfortable & stylish,4,0,General,Tops,Knits,451,72.72,1
824,38,Adore this top!,5,2,General Petite,Tops,Blouses,647,50.91,1
860,44,Cute style,4,3,General Petite,Tops,Knits,373,70.15,1
1009,38,Not quite cinderella,2,0,General Petite,Bottoms,Skirts,1079,57.29,0
818,63,Great summer shirt,5,0,General,Tops,Blouses,680,50.65,1
828,62,Great shirt,5,1,General Petite,Tops,Blouses,330,48.45,1
986,37,This one is on repeat!,5,3,General,Jackets,Jackets,570,125.48,1
906,41,Cute but too big need to exchange,4,0,General Petite,Tops,Fine Gauge,554,47.84,1
820,48,Casual elegance!,4,0,General,Tops,Blouses,478,53.36,1
280,26,Would be really cute on a tall girl,3,3,Intimates,Intimate,Swim,351,50.69,0
984,36,"Adorable, ordering the petite",5,7,General Petite,Jackets,Jackets,340,120.15,1
933,49,Perfect fall piece,5,1,General,Tops,Sweaters,627,80.9,1
862,33,Love the embroidery!,5,0,General,Tops,Knits,292,73.64,1
936,31,Love this!,5,0,General,Tops,Sweaters,445,76.18,1
1096,56,"Late 1960s, eastern european-looking, beautiful!",5,22,General,Dresses,Dresses,164,90.16,1
745,42,Finally found nice leggings!,4,1,Intimates,Intimate,Legwear,829,88.09,1
1078,31,No title provided,4,0,General,Dresses,Dresses,169,93.72,0
1078,43,Adorable!,4,0,General Petite,Dresses,Dresses,859,93.72,1
1004,43,Eh...,2,6,General,Bottoms,Skirts,822,59.69,0
828,46,Oversized and unstructured but soft,1,4,General Petite,Tops,Blouses,1140,48.45,0
927,46,Awkward and large fit,3,0,General Petite,Tops,Sweaters,813,78.48,0
1087,35,Very comfy dress,4,0,General Petite,Dresses,Dresses,840,91.71,1
1095,66,No title provided,4,10,General Petite,Dresses,Dresses,563,93.07,1
828,39,Great everyday shirt with a twist,4,45,General,Tops,Blouses,930,48.45,1
1078,26,No title provided,4,0,General Petite,Dresses,Dresses,489,93.72,1
1078,36,Perfection,5,1,General,Dresses,Dresses,283,93.72,1
1079,59,Too much fabric,2,23,General,Dresses,Dresses,638,89.22,0
883,59,Wanted to love it,4,26,General,Tops,Knits,193,78.22,1
833,49,"Adorable, runs large",5,1,General,Tops,Blouses,468,49.96,1
1110,52,"Very pretty, lovely color, nice fabrics",4,0,General,Dresses,Dresses,732,94.49,1
864,31,Okay,3,6,General,Tops,Knits,1075,70.18,1
862,65,Perfect,5,1,General,Tops,Knits,710,73.64,1
382,23,No title provided,5,2,Intimates,Intimate,Swim,326,50.94,1
1078,23,Perfectly feminine,5,3,General Petite,Dresses,Dresses,703,93.72,1
1051,45,Fun pattern,4,1,General,Bottoms,Pants,597,78.63,1
1078,32,No title provided,4,0,General Petite,Dresses,Dresses,445,93.72,1
805,66,Runs big,4,3,Intimates,Intimate,Lounge,913,72.69,1
589,35,Just what i wanted,5,8,General Petite,Bottoms,Pants,742,41.56,1
1081,67,Universally flattering!,5,1,General Petite,Dresses,Dresses,677,91.73,1
996,40,Love it,5,0,General,Bottoms,Skirts,211,60.63,1
1087,44,No title provided,5,0,General Petite,Dresses,Dresses,239,91.71,1
936,43,Really pretty,4,0,General Petite,Tops,Sweaters,640,76.18,1
1078,29,Wish it was as pictured,2,9,General,Dresses,Dresses,604,93.72,0
862,43,Runs large and is not flattering,2,15,General,Tops,Knits,1404,73.64,0
1052,37,Yes yes yes!,5,1,General,Bottoms,Pants,603,72.58,1
55,41,Beatiful and great quality for the price,5,0,General,Bottoms,Shorts,768,55.31,1
912,56,Love,5,0,General,Tops,Fine Gauge,323,45.79,1
941,42,No title provided,5,21,General Petite,Tops,Sweaters,797,73.85,1
1078,64,Sad sack,1,9,General,Dresses,Dresses,2085,93.72,0
998,50,Cute but not sure about fit,4,0,General,Bottoms,Skirts,758,62.88,1
960,51,Love!,5,1,General,Jackets,Jackets,296,120.35,1
154,50,Love this sweater!,5,0,Intimates,Intimate,Sleep,520,27.91,1
1052,68,Love this gorgeous jumpsuit!,5,0,General,Bottoms,Pants,768,72.58,1
1053,26,Favorite new piece,5,0,General Petite,Bottoms,Pants,527,78.71,1
899,41,Great staple for fall,5,1,General,Tops,Fine Gauge,491,37.31,1
845,48,Very very cute but a lot of fabric,5,5,General Petite,Tops,Blouses,474,49.32,1
823,43,Delicate and elegant,5,4,General Petite,Tops,Blouses,397,47.13,1
896,48,Gorgeous,5,0,General,Tops,Fine Gauge,218,43.21,1
1094,58,"Runs small, but gorgeous!",5,35,General,Dresses,Dresses,365,91.47,1
862,22,No title provided,5,0,General Petite,Tops,Knits,463,73.64,1
872,58,Really nice tee,4,2,General,Tops,Knits,679,73.48,1
986,45,No title provided,2,0,General,Jackets,Jackets,1135,125.48,0
895,23,No title provided,4,0,General Petite,Tops,Fine Gauge,609,42.2,1
1079,39,Disappointing,3,22,General Petite,Dresses,Dresses,938,89.22,0
927,65,This is a wow!!!,5,2,General,Tops,Sweaters,335,78.48,1
1079,55,So wanted to love it,3,2,General,Dresses,Dresses,990,89.22,0
1078,32,Perfect postpartum dress!,5,0,General Petite,Dresses,Dresses,299,93.72,1
1078,64,No title provided,5,8,General,Dresses,Dresses,594,93.72,1
210,46,Scooped knit slip,2,2,Intimates,Intimate,Layering,1692,42.75,0
929,53,Too boxy,3,4,General,Tops,Sweaters,730,90.13,0
823,43,Awesome!,5,9,General,Tops,Blouses,433,47.13,1
917,66,"Runs big, size down",4,0,General,Tops,Fine Gauge,730,33.69,1
804,39,Pretty sloft and silky,5,1,Intimates,Intimate,Lounge,297,54.37,1
862,39,Flattering and comfortable,5,34,General,Tops,Knits,748,73.64,1
1111,27,Summer dress,4,17,General,Dresses,Dresses,897,104.78,1
1082,38,Too much material at the bottom,2,6,General,Dresses,Dresses,394,92.41,0
864,27,Love,5,0,General,Tops,Knits,524,70.18,1
966,41,"Great quality, structured vest",5,3,General Petite,Jackets,Jackets,495,114.3,1
1121,51,No title provided,3,3,General,Jackets,Outerwear,491,109.42,1
830,37,Wanted to love it,2,3,General,Tops,Blouses,724,48.89,0
862,36,No title provided,3,0,General,Tops,Knits,912,73.64,1
245,31,Love,5,1,Intimates,Intimate,Layering,337,131.26,1
975,56,Beautiful but runs small,5,3,General Petite,Jackets,Jackets,567,128.22,1
1094,37,Very versatile dress,5,0,General,Dresses,Dresses,546,91.47,1
1078,37,Great length,4,2,General,Dresses,Dresses,587,93.72,1
1099,65,No title provided,5,5,General Petite,Dresses,Dresses,636,86.93,1
1066,59,No title provided,3,10,General Petite,Bottoms,Pants,783,73.42,0
1038,57,Stunning and worth the full price.,5,0,General,Bottoms,Jeans,443,75.47,1
127,37,No title provided,5,1,General Petite,Intimate,Lounge,595,72.56,1
1123,31,Awesome jacket!,5,0,General,Jackets,Outerwear,754,135.82,1
1056,62,Small!,3,3,General,Bottoms,Pants,944,74.82,0
511,40,No title provided,5,1,Intimates,Intimate,Sleep,625,18.46,1
1020,36,Perfect!,5,3,General,Bottoms,Skirts,820,60.91,1
1116,39,So unique and stylish,5,1,General Petite,Jackets,Outerwear,773,112.45,1
907,37,Love the color,5,0,General,Tops,Fine Gauge,299,42.56,1
1078,39,No title provided,3,1,General Petite,Dresses,Dresses,245,93.72,1
1048,27,Perfect,5,2,General Petite,Bottoms,Pants,774,83.29,1
1094,40,Beautiful in every way,5,2,General,Dresses,Dresses,440,91.47,1
877,69,No title provided,3,0,General Petite,Tops,Knits,802,76.05,0
867,73,Wish it fit better for me,3,10,General,Tops,Knits,595,74.79,1
909,38,Short,3,1,General Petite,Tops,Fine Gauge,967,44.64,0
878,26,The everygirl basic,5,14,General,Tops,Knits,782,69.9,1
1054,47,Super cute,5,7,General,Bottoms,Pants,368,63.35,1
220,34,Awkward. just awkward.,2,0,Intimates,Intimate,Swim,782,61.8,0
1109,28,No title provided,3,0,General Petite,Dresses,Dresses,864,113.83,1
1068,42,Stretch out a whole size,2,30,General,Bottoms,Pants,1303,76.56,0
1056,42,Wash separately,3,11,General Petite,Bottoms,Pants,360,74.82,1
1079,35,No title provided,5,0,General,Dresses,Dresses,280,89.22,1
1070,29,Size up,1,0,General,Bottoms,Pants,3322,81.61,0
829,40,Another great one from maeve,5,2,General,Tops,Blouses,794,47.9,1
873,50,Looks cute - but sheds!,2,4,General,Tops,Knits,1847,75.3,0
862,56,Love this twist-front tee,5,0,General,Tops,Knits,310,73.64,1
1150,68,Cool ohio,5,0,General,Dresses,Dresses,607,97.46,1
1060,27,Not what i expected,3,4,General Petite,Bottoms,Pants,613,75.43,0
907,59,Amazing.,5,0,General,Tops,Fine Gauge,371,42.56,1
1078,44,Beutiful dress,4,8,General Petite,Dresses,Dresses,565,93.72,1
830,39,True to size and reversible,5,0,General,Tops,Blouses,449,48.89,1
1095,21,Beautiful dress,5,0,General Petite,Dresses,Dresses,203,93.07,1
854,35,Can be dressed up or down,5,0,General Petite,Tops,Knits,742,73.19,1
857,36,Fun top!,5,1,General,Tops,Knits,539,75.61,1
377,25,Sturdy basic,4,0,Intimates,Intimate,Lounge,724,66.81,1
868,35,Very cute and girly!,4,1,General,Tops,Knits,182,68.12,1
1093,53,Gorgeous but not flattering,3,0,General,Dresses,Dresses,629,119.27,1
824,25,Adorable take from the typical flannel!,5,2,General Petite,Tops,Blouses,717,50.91,1
873,46,Love this adorable breezy look.,5,7,General Petite,Tops,Knits,819,75.3,1
866,47,No title provided,4,0,General Petite,Tops,Knits,896,77.38,1
1035,28,Great pair of jeans!,4,0,General,Bottoms,Jeans,822,98.29,1
867,33,Great staple with a little detail.,5,10,General,Tops,Knits,474,74.79,1
984,61,No title provided,5,2,General Petite,Jackets,Jackets,694,120.15,1
1081,37,Warm and beautuful,5,0,General Petite,Dresses,Dresses,359,91.73,1
1081,51,Casual summer dress,4,0,General Petite,Dresses,Dresses,533,91.73,1
936,58,Adorable! but sheds like crazy,2,6,General,Tops,Sweaters,1747,76.18,0
1033,49,Nice quality,4,0,General Petite,Bottoms,Jeans,277,92.45,1
927,27,Summer sweater,5,1,General Petite,Tops,Sweaters,713,78.48,1
1068,22,Gorgeous gorgeous gorgeous,5,14,General Petite,Bottoms,Pants,661,76.56,1
872,35,No title provided,5,0,General,Tops,Knits,231,73.48,1
1068,42,Great travel anywhere pants,5,0,General Petite,Bottoms,Pants,493,76.56,1
1080,35,Easy and stylish,5,1,General,Dresses,Dresses,684,92.12,1
1092,35,Love everything,5,0,General Petite,Dresses,Dresses,601,97.49,1
1059,60,Gorgeous & unique,5,2,General,Bottoms,Pants,133,80.22,1
914,43,Great staple with unique touches!,5,0,General,Tops,Fine Gauge,512,39.07,1
1081,29,So in love,4,0,General Petite,Dresses,Dresses,141,91.73,1
862,44,Did not fit properly,3,3,General Petite,Tops,Knits,811,73.64,0
996,47,Great skirt,4,1,General,Bottoms,Skirts,401,60.63,1
872,48,Perfect spring top,5,0,General,Tops,Knits,559,73.48,1
1099,38,Defines the waist,4,0,General Petite,Dresses,Dresses,856,86.93,1
830,48,Great top!,5,0,General,Tops,Blouses,697,48.89,1
148,54,Live this,5,20,Intimates,Intimate,Sleep,173,40.79,1
1172,25,No title provided,5,0,Intimates,Intimate,Swim,649,76.55,1
964,39,Surprised i liked this,5,0,General,Jackets,Jackets,366,125.65,1
1121,42,No title provided,3,1,General,Jackets,Outerwear,394,109.42,1
867,37,Lovely sweater!,5,0,General,Tops,Knits,680,74.79,1
17,31,Love this dress!,5,0,General,Dresses,Dresses,327,149.28,1
1087,36,Gorgeous on the hanger but not for me,3,2,General,Dresses,Dresses,867,91.71,0
857,59,Soft & pretty,5,0,General Petite,Tops,Knits,374,75.61,1
777,31,So sad,1,0,Intimates,Intimate,Lounge,707,70.27,0
825,38,"Beautifully made, quality top",5,3,General,Tops,Blouses,375,51.28,1
310,32,Great!,5,0,Intimates,Intimate,Lounge,708,87.11,1
865,31,No title provided,5,0,General,Tops,Knits,344,71.54,1
1078,68,No title provided,5,1,General,Dresses,Dresses,255,93.72,1
1203,37,No title provided,5,0,Intimates,Intimate,Layering,243,89.33,1
69,34,Go to going out tank,5,0,Intimates,Intimate,Layering,340,148.28,1
763,57,This dress looks much better in person!,5,1,Intimates,Intimate,Lounge,714,112.88,1
872,56,Not kind to curves,2,7,General Petite,Tops,Knits,1796,73.48,0
875,32,Fun and stylish,5,0,General,Tops,Knits,306,72.72,1
1059,47,Perfect for work or play,5,0,General Petite,Bottoms,Pants,678,80.22,1
1016,35,Flawed,1,3,General,Bottoms,Skirts,2637,58.11,0
1081,43,Cute bohemian dress,5,0,General,Dresses,Dresses,248,91.73,1
860,43,No title provided,5,0,General,Tops,Knits,656,70.15,1
1081,37,Nice basic,3,1,General Petite,Dresses,Dresses,1137,91.73,1
1092,51,Had high hopes,1,0,General Petite,Dresses,Dresses,1185,97.49,0
1094,45,"Pattern is beautiful, just to-die",3,0,General Petite,Dresses,Dresses,922,91.47,0
836,61,A piece of art,5,3,General Petite,Tops,Blouses,596,52.71,1
1086,48,Great dress,5,0,General,Dresses,Dresses,579,97.04,1
1096,59,Runs very small,5,1,General,Dresses,Dresses,288,90.16,1
823,47,No title provided,2,11,General Petite,Tops,Blouses,333,47.13,0
886,41,Very flattering!,5,0,General Petite,Tops,Knits,515,75.86,1
298,23,No title provided,5,1,General Petite,Intimate,Lounge,260,133.9,1
993,66,Gorgeous pattern,5,1,General Petite,Bottoms,Skirts,508,58.25,1
1081,72,A fun dress,5,2,General,Dresses,Dresses,175,91.73,1
927,55,Weird fit,1,3,General,Tops,Sweaters,2545,78.48,0
818,57,Simply beautiful.,5,7,General Petite,Tops,Blouses,715,50.65,1
860,61,No title provided,5,2,General,Tops,Knits,651,70.15,1
1077,46,Can't wait to wear it!,5,1,General,Dresses,Dresses,202,91.1,1
836,39,No title provided,5,9,General,Tops,Blouses,595,52.71,1
1089,41,Do not buy this dress,1,17,General Petite,Dresses,Dresses,3174,99.69,0
1111,26,"Beautiful in the pic, fits kind of funny in person",3,0,General,Dresses,Dresses,1154,104.78,0
975,34,Comfortable,4,2,General,Jackets,Jackets,610,128.22,1
844,57,Love it,5,0,General,Tops,Blouses,642,58.97,1
260,56,No title provided,5,0,Intimates,Intimate,Lounge,612,96.31,1
863,41,The tee that goes with everything,5,0,General,Tops,Knits,800,70.52,1
936,42,No title provided,4,0,General Petite,Tops,Sweaters,252,76.18,1
1080,33,Fantastic buy!,5,0,General,Dresses,Dresses,616,92.12,1
1078,54,Great fall dress,4,0,General,Dresses,Dresses,547,93.72,1
1022,39,Love these jeans!,5,0,General Petite,Bottoms,Jeans,700,86.44,1
1008,48,"Good concept, poor execution",3,2,General Petite,Bottoms,Skirts,946,61.13,0
867,29,No title provided,4,1,General,Tops,Knits,285,74.79,1
1082,56,"Great idea, but...",2,1,General Petite,Dresses,Dresses,1179,92.41,0
835,47,Pretty but tight fit,3,6,General,Tops,Blouses,762,52.93,1
872,44,No title provided,4,6,General Petite,Tops,Knits,445,73.48,1
854,36,Order in dress size,5,16,General Petite,Tops,Knits,300,73.19,1
1094,45,Stunner,5,3,General Petite,Dresses,Dresses,337,91.47,1
824,65,Meets all expectations,5,0,General Petite,Tops,Blouses,610,50.91,1
833,28,Lovelove!,5,0,General,Tops,Blouses,255,49.96,1
1056,37,Great 3 season pants,5,1,General,Bottoms,Pants,371,74.82,1
850,44,Very delicate,1,5,General,Tops,Blouses,2322,49.55,0
895,40,Nice staple piece,4,0,General,Tops,Fine Gauge,528,42.2,1
1077,36,Cute cute cute,4,0,General Petite,Dresses,Dresses,832,91.1,1
1030,44,Nice shade among my blue denins,4,1,General,Bottoms,Jeans,524,97.28,1
1059,40,My favorite pants,5,1,General,Bottoms,Pants,708,80.22,1
883,35,Love this shirt,5,0,General Petite,Tops,Knits,665,78.22,1
1075,41,Midi dress,5,0,General Petite,Dresses,Dresses,507,88.95,1
1081,20,Not for me,3,3,General,Dresses,Dresses,1169,91.73,0
949,28,"Super cute, unique coat",5,0,General Petite,Tops,Sweaters,496,72.49,1
927,36,Pockets not well executed,3,0,General Petite,Tops,Sweaters,857,78.48,0
1147,54,Nice coat but....,4,2,General,Trend,Trend,994,75.46,1
828,42,Ackerley blouse in yellow,5,0,General,Tops,Blouses,577,48.45,1
825,62,Gorgeous,5,5,General,Tops,Blouses,781,51.28,1
251,33,Great cardigan,5,13,Intimates,Intimate,Lounge,316,119.01,1
787,35,Soft and cozy,5,0,Intimates,Intimate,Sleep,253,46.09,1
554,48,Perhaps the most comfy pants ever,5,0,Intimates,Intimate,Sleep,246,26.08,1
927,42,Chunky cashmere,3,11,General,Tops,Sweaters,564,78.48,1
940,44,This is a poncho,3,2,General,Tops,Sweaters,908,77.06,0
1068,41,Perfect not too wide - wide legs,5,1,General,Bottoms,Pants,431,76.56,1
829,32,Lovely blouse with great detail,4,0,General,Tops,Blouses,715,47.9,1
883,38,Modern basic tee,4,0,General,Tops,Knits,787,78.22,1
992,44,Circa 1970 peasant style skirt,4,7,General Petite,Bottoms,Skirts,903,63.68,1
829,51,The definition of a conversation piece,5,0,General,Tops,Blouses,552,47.9,1
1093,56,Runs extremely small,3,0,General Petite,Dresses,Dresses,1138,119.27,1
1086,32,Love the lace detail,4,0,General,Dresses,Dresses,392,97.04,1
936,31,Surprisingly cute!,5,10,General Petite,Tops,Sweaters,136,76.18,1
456,42,"Great color, great fit, bring on the sun.",5,2,General,Bottoms,Shorts,367,50.48,1
868,46,Summer love,5,0,General,Tops,Knits,631,68.12,1
862,35,Great pattern,4,0,General,Tops,Knits,459,73.64,1
997,53,The skirt has a pretty stained glass look,5,0,General Petite,Bottoms,Skirts,284,61.18,1
902,44,Snags!,2,0,General,Tops,Fine Gauge,1541,36.91,0
862,37,Fun and unique,5,1,General,Tops,Knits,606,73.64,1
1081,33,Not what i expected,2,1,General Petite,Dresses,Dresses,619,91.73,0
1089,35,Not my favorite dress,2,16,General,Dresses,Dresses,583,99.69,0
895,46,No title provided,5,0,General,Tops,Fine Gauge,781,42.2,1
975,60,No title provided,3,16,General,Jackets,Jackets,523,128.22,0
1088,35,Awesome dress,5,0,General,Dresses,Dresses,435,77.19,1
844,66,Nice top,4,0,General,Tops,Blouses,723,58.97,1
850,49,Blouse,5,0,General,Tops,Blouses,657,49.55,1
927,54,Wanted to love it !,3,2,General Petite,Tops,Sweaters,241,78.48,1
959,36,Strange cut,2,0,General Petite,Jackets,Jackets,1721,81.95,0
975,52,Feminine blazer,5,3,General,Jackets,Jackets,783,128.22,1
509,50,No title provided,5,0,Intimates,Intimate,Sleep,350,26.84,1
865,39,Not very flattering,2,0,General,Tops,Knits,1772,71.54,0
1095,45,Stunning and so comfortable,5,0,General,Dresses,Dresses,635,93.07,1
840,32,No title provided,4,2,General,Tops,Blouses,208,53.82,0
1008,55,Versatile skirt,5,2,General,Bottoms,Skirts,333,61.13,1
1024,63,Cute but tight,4,0,General,Jackets,Jeans,577,89.76,1
1037,42,"Wanted to love, but sadly will return.",1,1,General,Bottoms,Jeans,1966,83.76,0
1077,35,Fits like a potato sack,2,0,General Petite,Dresses,Dresses,746,91.1,0
1078,26,Missing two large buttons,3,0,General Petite,Dresses,Dresses,858,93.72,0
844,39,For the lanky models,3,0,General,Tops,Blouses,1139,58.97,0
936,56,Love this jacket!,5,0,General,Tops,Sweaters,328,76.18,1
871,37,Ivory is almost completely see-through,3,30,General,Tops,Knits,757,79.98,0
636,41,Very cute style,4,0,General Petite,Intimate,Lounge,490,68.64,1
895,32,Beautiful color,5,0,General,Tops,Fine Gauge,279,42.2,1
868,65,So soft but tickles :d,5,0,General,Tops,Knits,294,68.12,1
1059,64,Love these!,5,17,General,Bottoms,Pants,313,80.22,1
1092,42,"Beautiful, comfy, but odd skirt",4,0,General,Dresses,Dresses,443,97.49,1
47,31,Beautiful suit!,4,0,Intimates,Intimate,Swim,462,73.16,1
1138,33,Wanted to love it,4,5,General,Trend,Trend,557,71.79,1
1080,45,Absolute sunshine!!!,5,2,General,Dresses,Dresses,738,92.12,1
1078,31,For the shorter girls,4,4,General,Dresses,Dresses,663,93.72,1
258,46,Cozy,5,0,Intimates,Intimate,Sleep,588,22.39,1
984,43,Fun twist on a versatile piece,5,4,General,Jackets,Jackets,651,120.15,1
868,52,"Beautiful, full, flowing",5,0,General,Tops,Knits,293,68.12,1
895,75,Gorgeous sweater,5,8,General,Tops,Fine Gauge,533,42.2,1
835,36,No title provided,5,0,General Petite,Tops,Blouses,747,52.93,1
1084,58,No title provided,1,5,General Petite,Dresses,Dresses,2927,94.59,1
857,43,Splendid never disappoints,5,0,General Petite,Tops,Knits,794,75.61,1
215,35,Cozy and fun!,4,3,Intimates,Intimate,Legwear,155,71.46,1
1046,35,Reminds me of my mamaw,2,0,General,Bottoms,Pants,1710,77.37,0
927,52,Beautiful sweater jacket,5,2,General,Tops,Sweaters,632,78.48,1
903,49,Love it!,5,0,General,Tops,Fine Gauge,726,42.72,1
1080,46,Beautiful summer dress,5,4,General,Dresses,Dresses,480,92.12,1
1083,67,Third time is the charm !!!!,5,1,General,Dresses,Dresses,453,93.86,1
663,24,"Could be a cover up, dress, top over jeans",5,0,Intimates,Intimate,Lounge,681,97.55,1
1025,35,Lovely jeans,3,0,General,Bottoms,Jeans,343,83.99,1
1110,33,Not for the broad-shouldered,3,1,General Petite,Dresses,Dresses,857,94.49,1
1059,43,Perfect pants!!,5,0,General,Bottoms,Pants,211,80.22,1
1078,44,No title provided,4,0,General,Dresses,Dresses,252,93.72,1
986,61,Love it but...,3,1,General,Jackets,Jackets,500,125.48,1
1033,53,High waist,4,8,General Petite,Bottoms,Jeans,835,92.45,1
831,24,Easy breezy :),4,0,General,Tops,Blouses,356,47.37,1
860,39,Gorgeous!,5,0,General Petite,Tops,Knits,268,70.15,1
1090,38,Just ok,3,4,General Petite,Dresses,Dresses,487,99.93,0
1095,34,Classy!,5,0,General,Dresses,Dresses,360,93.07,1
1094,45,No title provided,2,4,General Petite,Dresses,Dresses,587,91.47,0
1094,50,Great fabric and detail,4,0,General,Dresses,Dresses,743,91.47,1
1080,31,Worth every penny,5,7,General,Dresses,Dresses,196,92.12,1
823,74,Lisette tank,3,0,General,Tops,Blouses,413,47.13,0
1075,43,Meh,3,1,General Petite,Dresses,Dresses,881,88.95,0
1070,67,Comfy and interesting,5,0,General,Bottoms,Pants,320,81.61,1
873,46,No title provided,5,0,General,Tops,Knits,511,75.3,1
1068,44,No title provided,5,6,General,Bottoms,Pants,469,76.56,1
1121,20,Lovely light jacket,5,1,General,Jackets,Outerwear,721,109.42,1
863,64,Comfy and cute,5,0,General,Tops,Knits,148,70.52,1
1066,64,A formal yoga pant,2,0,General,Bottoms,Pants,1572,73.42,0
514,38,Fits true to size - high quality,5,0,Intimates,Intimate,Swim,559,50.4,1
869,34,Perfect,5,3,General,Tops,Knits,604,66.54,1
1078,49,Fun for fall,4,0,General Petite,Dresses,Dresses,829,93.72,1
867,45,Pretty,4,0,General Petite,Tops,Knits,998,74.79,1
868,62,So fun and comfy!,5,0,General,Tops,Knits,361,68.12,1
332,49,Love it,5,0,General,Bottoms,Shorts,402,39.22,1
1020,39,"Lovely summer print, runs small",3,0,General Petite,Bottoms,Skirts,922,60.91,0
1058,36,"Weird fit, makes you look like you're on stilts",1,14,General,Bottoms,Pants,2380,55.87,0
861,36,Great tee,5,4,General Petite,Tops,Knits,269,72.0,1
1037,37,No title provided,3,0,General Petite,Bottoms,Jeans,1192,83.76,1
865,27,Cute shirt,4,0,General,Tops,Knits,603,71.54,1
1078,33,Better than expected,5,5,General,Dresses,Dresses,705,93.72,1
282,43,New favorite shorts!,5,2,General,Bottoms,Shorts,699,34.65,1
835,52,Petra tank,5,0,General Petite,Tops,Blouses,620,52.93,1
1031,44,Super super long,4,4,General,Bottoms,Jeans,565,100.38,1
999,36,So pretty,5,1,General Petite,Bottoms,Skirts,594,59.03,1
862,41,Better than your average t-shirt,5,0,General Petite,Tops,Knits,715,73.64,1
1099,36,No title provided,1,2,General,Dresses,Dresses,1988,86.93,0
1078,46,Pretty dress,4,0,General Petite,Dresses,Dresses,630,93.72,1
868,64,"Nice, but not for me",3,2,General,Tops,Knits,1044,68.12,0
968,38,Every vest has different coloration,3,0,General,Jackets,Jackets,1200,108.74,1
875,43,Could have been great but just ok,3,4,General,Tops,Knits,827,72.72,0
1110,35,One big flaw,2,0,General,Dresses,Dresses,1435,94.49,0
820,55,Beautiful!,5,7,General Petite,Tops,Blouses,722,53.36,1
832,51,"Really cute, with a great fit",5,1,General,Tops,Blouses,360,53.46,1
1099,35,"Beautiful dress, i wish it came in petite",5,12,General,Dresses,Dresses,291,86.93,1
134,55,Comfy,5,0,General Petite,Intimate,Lounge,170,136.26,1
865,55,Comfortable and flattering,5,0,General,Tops,Knits,855,71.54,1
1104,39,No title provided,5,0,General,Dresses,Dresses,459,96.28,1
915,48,I'll be wearing this one a lot,5,4,General,Tops,Fine Gauge,489,42.74,1
927,36,Even better in person,5,2,General Petite,Tops,Sweaters,651,78.48,1
833,55,Sweet top,4,1,General,Tops,Blouses,401,49.96,1
457,39,No title provided,5,0,Intimates,Intimate,Legwear,333,116.06,1
1131,59,Beautiful!,5,1,General Petite,Jackets,Outerwear,194,134.76,1
1027,22,No title provided,5,1,General,Bottoms,Jeans,548,86.51,1
876,51,Lovely detail,4,0,General Petite,Tops,Knits,331,72.01,1
1030,29,"Must have, right on trend, but still classic",5,1,General,Bottoms,Jeans,664,97.28,1
835,42,Unique piece / boho chic,5,1,General,Tops,Blouses,235,52.93,1
1082,48,Classic comfy chic,4,3,General,Dresses,Dresses,594,92.41,1
1094,48,Pretty and easy,5,36,General Petite,Dresses,Dresses,337,91.47,1
809,52,"White tee with a ""detail""on back",5,0,Intimates,Intimate,Lounge,315,129.74,1
453,37,Love these,5,5,General,Bottoms,Shorts,238,40.35,1
1038,42,"Good quality, strange fit",3,0,General Petite,Bottoms,Jeans,181,75.47,0
1038,49,Nice jean,3,2,General Petite,Bottoms,Jeans,220,75.47,1
861,36,"Cute, cute!!",4,69,General,Tops,Knits,503,72.0,1
598,68,Not worth the price but looks good!,3,7,Intimates,Intimate,Swim,843,51.29,0
1109,37,Frumpy,3,1,General Petite,Dresses,Dresses,835,113.83,0
1095,42,Transitional sweater dress,5,4,General Petite,Dresses,Dresses,187,93.07,1
1078,65,No title provided,5,0,General,Dresses,Dresses,657,93.72,1
1008,43,"Classic, retro culotte style",4,2,General Petite,Bottoms,Skirts,424,61.13,1
936,47,Awesome sweater for winter!,5,0,General Petite,Tops,Sweaters,508,76.18,1
829,34,No title provided,5,0,General,Tops,Blouses,818,47.9,1
859,42,No title provided,5,7,General Petite,Tops,Knits,258,66.13,1
906,41,Fun sweater,5,0,General,Tops,Fine Gauge,482,47.84,1
1092,36,Cozy dress that's still chic,5,33,General,Dresses,Dresses,254,97.49,1
1008,48,Heavenly,5,4,General,Bottoms,Skirts,327,61.13,1
820,46,No title provided,5,1,General,Tops,Blouses,460,53.36,1
